model_type,ppi_type,n,delta,lambda_mode,PPI_crossfit,PPIpp_crossfit,PPIpp_independent_split,avg_lambda_hat,sd_lambda_hat,lambda_oracle,var_fhat,var_res,cor_Y_fhat,ratio_cov_over_var,N,design
glm_correct,PPI,50,0,plugin,FALSE,FALSE,FALSE,1,0,0.9615152477348147,17.430436680031686,1.276781381842545,0.9490148197120085,0.9855531289281849,2000,PPI_noncrossfit
glm_correct,PPI,50,0,plugin,FALSE,FALSE,TRUE,1,0,0.9615152477348147,17.430436680031686,1.276781381842545,0.9490148197120085,0.9855531289281849,2000,PPI_noncrossfit
glm_correct,PPI,50,0,plugin,FALSE,TRUE,FALSE,1,0,0.9615152477348147,17.430436680031686,1.276781381842545,0.9490148197120085,0.9855531289281849,2000,PPI_noncrossfit
glm_correct,PPI,50,0,plugin,TRUE,FALSE,FALSE,1,0,0.9596470211632628,17.3684862940259,1.3961166606428488,0.9453169012438382,0.9836381966923443,2000,PPI_crossfit
glm_correct,PPI,50,0,plugin,TRUE,FALSE,TRUE,1,0,0.9596470211632628,17.3684862940259,1.3961166606428488,0.9453169012438382,0.9836381966923443,2000,PPI_crossfit
glm_correct,PPI,50,0,plugin,TRUE,TRUE,FALSE,1,0,0.9596470211632628,17.3684862940259,1.3961166606428488,0.9453169012438382,0.9836381966923443,2000,PPI_crossfit
glm_correct,PPI,100,0,plugin,FALSE,FALSE,FALSE,1,0,0.9479602388008264,17.08719441173925,1.0666643465646402,0.9649700402818863,0.9953582507408677,2000,PPI_noncrossfit
glm_correct,PPI,100,0,plugin,FALSE,FALSE,TRUE,1,0,0.9479602388008264,17.08719441173925,1.0666643465646402,0.9649700402818863,0.9953582507408677,2000,PPI_noncrossfit
glm_correct,PPI,100,0,plugin,FALSE,TRUE,FALSE,1,0,0.9479602388008264,17.08719441173925,1.0666643465646402,0.9649700402818863,0.9953582507408677,2000,PPI_noncrossfit
glm_correct,PPI,100,0,plugin,TRUE,FALSE,FALSE,1,0,0.9460268176940897,17.012824821430815,1.1214236744999968,0.9615069902323784,0.9933281585787942,2000,PPI_crossfit
glm_correct,PPI,100,0,plugin,TRUE,FALSE,TRUE,1,0,0.9460268176940897,17.012824821430815,1.1214236744999968,0.9615069902323784,0.9933281585787942,2000,PPI_crossfit
glm_correct,PPI,100,0,plugin,TRUE,TRUE,FALSE,1,0,0.9460268176940897,17.012824821430815,1.1214236744999968,0.9615069902323784,0.9933281585787942,2000,PPI_crossfit
glm_correct,PPI,150,0,plugin,FALSE,FALSE,FALSE,1,0,0.9267832431374059,16.897757578676213,1.0579157160209485,0.96585248162913,0.9962919863727113,2000,PPI_noncrossfit
glm_correct,PPI,150,0,plugin,FALSE,FALSE,TRUE,1,0,0.9267832431374059,16.897757578676213,1.0579157160209485,0.96585248162913,0.9962919863727113,2000,PPI_noncrossfit
glm_correct,PPI,150,0,plugin,FALSE,TRUE,FALSE,1,0,0.9267832431374059,16.897757578676213,1.0579157160209485,0.96585248162913,0.9962919863727113,2000,PPI_noncrossfit
glm_correct,PPI,150,0,plugin,TRUE,FALSE,FALSE,1,0,0.9257039581397399,17.086765940553825,1.0735184481054765,0.9646678840924694,0.9951317550002204,2000,PPI_crossfit
glm_correct,PPI,150,0,plugin,TRUE,FALSE,TRUE,1,0,0.9257039581397399,17.086765940553825,1.0735184481054765,0.9646678840924694,0.9951317550002204,2000,PPI_crossfit
glm_correct,PPI,150,0,plugin,TRUE,TRUE,FALSE,1,0,0.9257039581397399,17.086765940553825,1.0735184481054765,0.9646678840924694,0.9951317550002204,2000,PPI_crossfit
glm_correct,PPI,200,0,plugin,FALSE,FALSE,FALSE,1,0,0.9068105205123267,16.919910521992787,1.0345031122674606,0.9677453212929374,0.9974915725635594,2000,PPI_noncrossfit
glm_correct,PPI,200,0,plugin,FALSE,FALSE,TRUE,1,0,0.9068105205123267,16.919910521992787,1.0345031122674606,0.9677453212929374,0.9974915725635594,2000,PPI_noncrossfit
glm_correct,PPI,200,0,plugin,FALSE,TRUE,FALSE,1,0,0.9068105205123267,16.919910521992787,1.0345031122674606,0.9677453212929374,0.9974915725635594,2000,PPI_noncrossfit
glm_correct,PPI,200,0,plugin,TRUE,FALSE,FALSE,1,0,0.9060163469090142,16.984630587744977,1.0532612561360828,0.9666596494498496,0.9966179815999157,2000,PPI_crossfit
glm_correct,PPI,200,0,plugin,TRUE,FALSE,TRUE,1,0,0.9060163469090142,16.984630587744977,1.0532612561360828,0.9666596494498496,0.9966179815999157,2000,PPI_crossfit
glm_correct,PPI,200,0,plugin,TRUE,TRUE,FALSE,1,0,0.9060163469090142,16.984630587744977,1.0532612561360828,0.9666596494498496,0.9966179815999157,2000,PPI_crossfit
glm_correct,PPI,300,0,plugin,FALSE,FALSE,FALSE,1,0,0.8676188066462989,17.075041451500223,1.0223479041589634,0.9685799641022974,0.9977616276432436,2000,PPI_noncrossfit
glm_correct,PPI,300,0,plugin,FALSE,FALSE,TRUE,1,0,0.8676188066462989,17.075041451500223,1.0223479041589634,0.9685799641022974,0.9977616276432436,2000,PPI_noncrossfit
glm_correct,PPI,300,0,plugin,FALSE,TRUE,FALSE,1,0,0.8676188066462989,17.075041451500223,1.0223479041589634,0.9685799641022974,0.9977616276432436,2000,PPI_noncrossfit
glm_correct,PPI,300,0,plugin,TRUE,FALSE,FALSE,1,0,0.8672933108206086,17.032780574279585,1.039183003911575,0.9677857598002145,0.9973873074436997,2000,PPI_crossfit
glm_correct,PPI,300,0,plugin,TRUE,FALSE,TRUE,1,0,0.8672933108206086,17.032780574279585,1.039183003911575,0.9677857598002145,0.9973873074436997,2000,PPI_crossfit
glm_correct,PPI,300,0,plugin,TRUE,TRUE,FALSE,1,0,0.8672933108206086,17.032780574279585,1.039183003911575,0.9677857598002145,0.9973873074436997,2000,PPI_crossfit
glm_correct,PPI++,50,0,plugin,FALSE,FALSE,FALSE,0.726162361704627,0.2706462923097799,0.9886951639681655,16.984770458208136,1.9785143715317275,0.9600541545725166,1.0134125430673695,2000,PPI++_noncrossfit
glm_correct,PPI++,50,0,plugin,FALSE,FALSE,TRUE,0.6839734902216453,0.275929182753045,0.9874939675496025,17.430436680031686,2.3250751624375763,0.9490148197120085,1.0121813167383424,2000,PPI++_independent_split
glm_correct,PPI++,50,0,plugin,FALSE,TRUE,FALSE,0.6965215954080625,0.2613171722842752,0.9851561574257589,17.3684862940259,2.4402369750888484,0.9453169012438382,1.0097850613614028,2000,PPI++_crossfit
glm_correct,PPI++,50,0,plugin,TRUE,FALSE,FALSE,0.726162361704627,0.2706462923097799,0.9886951639681655,16.984770458208136,1.9785143715317275,0.9600541545725166,1.0134125430673695,2000,PPI++_noncrossfit
glm_correct,PPI++,50,0,plugin,TRUE,FALSE,TRUE,0.6839734902216453,0.275929182753045,0.9874939675496025,17.430436680031686,2.3250751624375763,0.9490148197120085,1.0121813167383424,2000,PPI++_independent_split
glm_correct,PPI++,50,0,plugin,TRUE,TRUE,FALSE,0.6965215954080625,0.2613171722842752,0.9851561574257589,17.3684862940259,2.4402369750888484,0.9453169012438382,1.0097850613614028,2000,PPI++_crossfit
glm_correct,PPI++,100,0,plugin,FALSE,FALSE,FALSE,0.7806060906555916,0.22357513879766347,0.9671187463548981,17.057086100131947,1.8300883384915543,0.9659520331594825,1.0154746836726432,2000,PPI++_noncrossfit
glm_correct,PPI++,100,0,plugin,FALSE,FALSE,TRUE,0.7854537300317058,0.22163306892306595,0.968052863659294,17.08719441173925,1.8829279261718297,0.9649700402818863,1.0164555068422587,2000,PPI++_independent_split
glm_correct,PPI++,100,0,plugin,FALSE,TRUE,FALSE,0.7861659816874043,0.2265477264292535,0.9660527086927642,17.012824821430815,1.9396825015174033,0.9615069902323784,1.0143553441274025,2000,PPI++_crossfit
glm_correct,PPI++,100,0,plugin,TRUE,FALSE,FALSE,0.7806060906555916,0.22357513879766347,0.9671187463548981,17.057086100131947,1.8300883384915543,0.9659520331594825,1.0154746836726432,2000,PPI++_noncrossfit
glm_correct,PPI++,100,0,plugin,TRUE,FALSE,TRUE,0.7854537300317058,0.22163306892306595,0.968052863659294,17.08719441173925,1.8829279261718297,0.9649700402818863,1.0164555068422587,2000,PPI++_independent_split
glm_correct,PPI++,100,0,plugin,TRUE,TRUE,FALSE,0.7861659816874043,0.2265477264292535,0.9660527086927642,17.012824821430815,1.9396825015174033,0.9615069902323784,1.0143553441274025,2000,PPI++_crossfit
glm_correct,PPI++,150,0,plugin,FALSE,FALSE,FALSE,0.810353517897356,0.20024855509376288,0.9443354651935828,17.032209106555637,1.7303968659379463,0.968052297935601,1.0151606250831016,2000,PPI++_noncrossfit
glm_correct,PPI++,150,0,plugin,FALSE,FALSE,TRUE,0.8035319804191473,0.19802420302404047,0.9453083162161673,16.897757578676213,1.8305192610611094,0.96585248162913,1.0162064399323798,2000,PPI++_independent_split
glm_correct,PPI++,150,0,plugin,FALSE,TRUE,FALSE,0.8012531604378856,0.20470199595019822,0.9442301010209269,17.086765940553825,1.8714612468362846,0.9646678840924694,1.0150473585974964,2000,PPI++_crossfit
glm_correct,PPI++,150,0,plugin,TRUE,FALSE,FALSE,0.810353517897356,0.20024855509376288,0.9443354651935828,17.032209106555637,1.7303968659379463,0.968052297935601,1.0151606250831016,2000,PPI++_noncrossfit
glm_correct,PPI++,150,0,plugin,TRUE,FALSE,TRUE,0.8035319804191473,0.19802420302404047,0.9453083162161673,16.897757578676213,1.8305192610611094,0.96585248162913,1.0162064399323798,2000,PPI++_independent_split
glm_correct,PPI++,150,0,plugin,TRUE,TRUE,FALSE,0.8012531604378856,0.20470199595019822,0.9442301010209269,17.086765940553825,1.8714612468362846,0.9646678840924694,1.0150473585974964,2000,PPI++_crossfit
glm_correct,PPI++,200,0,plugin,FALSE,FALSE,FALSE,0.806999749776501,0.18676012551120658,0.9235037099796111,17.081440219421673,1.7606294412249832,0.9680065715868643,1.0158540809775722,2000,PPI++_noncrossfit
glm_correct,PPI++,200,0,plugin,FALSE,FALSE,TRUE,0.8174194347713876,0.18803328434028105,0.9234979902283623,16.919910521992787,1.7545918908059635,0.9677453212929374,1.0158477892511986,2000,PPI++_independent_split
glm_correct,PPI++,200,0,plugin,FALSE,TRUE,FALSE,0.818904270848704,0.1861806106736234,0.922223796494278,16.984630587744977,1.7434334571147996,0.9666596494498496,1.0144461761437058,2000,PPI++_crossfit
glm_correct,PPI++,200,0,plugin,TRUE,FALSE,FALSE,0.806999749776501,0.18676012551120658,0.9235037099796111,17.081440219421673,1.7606294412249832,0.9680065715868643,1.0158540809775722,2000,PPI++_noncrossfit
glm_correct,PPI++,200,0,plugin,TRUE,FALSE,TRUE,0.8174194347713876,0.18803328434028105,0.9234979902283623,16.919910521992787,1.7545918908059635,0.9677453212929374,1.0158477892511986,2000,PPI++_independent_split
glm_correct,PPI++,200,0,plugin,TRUE,TRUE,FALSE,0.818904270848704,0.1861806106736234,0.922223796494278,16.984630587744977,1.7434334571147996,0.9666596494498496,1.0144461761437058,2000,PPI++_crossfit
glm_correct,PPI++,300,0,plugin,FALSE,FALSE,FALSE,0.816366502213733,0.16761298321091647,0.8845518272534736,16.920287057744513,1.7368370919575467,0.9696097578446224,1.0172346013414946,2000,PPI++_noncrossfit
glm_correct,PPI++,300,0,plugin,FALSE,FALSE,TRUE,0.8105382238379253,0.16968319833865797,0.8845737707039035,17.075041451500223,1.7812420311321515,0.9685799641022974,1.017259836309489,2000,PPI++_independent_split
glm_correct,PPI++,300,0,plugin,FALSE,TRUE,FALSE,0.8055621637559176,0.1737292928818494,0.8849561655464278,17.032780574279585,1.8367471594188713,0.9677857598002145,1.0176995903783919,2000,PPI++_crossfit
glm_correct,PPI++,300,0,plugin,TRUE,FALSE,FALSE,0.816366502213733,0.16761298321091647,0.8845518272534736,16.920287057744513,1.7368370919575467,0.9696097578446224,1.0172346013414946,2000,PPI++_noncrossfit
glm_correct,PPI++,300,0,plugin,TRUE,FALSE,TRUE,0.8105382238379253,0.16968319833865797,0.8845737707039035,17.075041451500223,1.7812420311321515,0.9685799641022974,1.017259836309489,2000,PPI++_independent_split
glm_correct,PPI++,300,0,plugin,TRUE,TRUE,FALSE,0.8055621637559176,0.1737292928818494,0.8849561655464278,17.032780574279585,1.8367471594188713,0.9677857598002145,1.0176995903783919,2000,PPI++_crossfit
glm_mis,PPI,50,0,plugin,FALSE,FALSE,FALSE,1,0,1.0608301851420936,10.95060421049428,9.33014872643282,0.7463313489850375,1.0873509397706458,2000,PPI_noncrossfit
glm_mis,PPI,50,0,plugin,FALSE,FALSE,TRUE,1,0,1.0608301851420936,10.95060421049428,9.33014872643282,0.7463313489850375,1.0873509397706458,2000,PPI_noncrossfit
glm_mis,PPI,50,0,plugin,FALSE,TRUE,FALSE,1,0,1.0608301851420936,10.95060421049428,9.33014872643282,0.7463313489850375,1.0873509397706458,2000,PPI_noncrossfit
glm_mis,PPI,50,0,plugin,TRUE,FALSE,FALSE,1,0,0.9200807205999597,9.30785165447589,9.30305219974046,0.6926600890290265,0.9430827386149586,2000,PPI_crossfit
glm_mis,PPI,50,0,plugin,TRUE,FALSE,TRUE,1,0,0.9200807205999597,9.30785165447589,9.30305219974046,0.6926600890290265,0.9430827386149586,2000,PPI_crossfit
glm_mis,PPI,50,0,plugin,TRUE,TRUE,FALSE,1,0,0.9200807205999597,9.30785165447589,9.30305219974046,0.6926600890290265,0.9430827386149586,2000,PPI_crossfit
glm_mis,PPI,100,0,plugin,FALSE,FALSE,FALSE,1,0,1.0350795202775478,10.177452776173043,9.284794534731224,0.7532908951812136,1.0868334962914252,2000,PPI_noncrossfit
glm_mis,PPI,100,0,plugin,FALSE,FALSE,TRUE,1,0,1.0350795202775478,10.177452776173043,9.284794534731224,0.7532908951812136,1.0868334962914252,2000,PPI_noncrossfit
glm_mis,PPI,100,0,plugin,FALSE,TRUE,FALSE,1,0,1.0350795202775478,10.177452776173043,9.284794534731224,0.7532908951812136,1.0868334962914252,2000,PPI_noncrossfit
glm_mis,PPI,100,0,plugin,TRUE,FALSE,FALSE,1,0,0.9185219905166081,10.015987111818617,9.616396779074945,0.7058003766413335,0.9644480900424386,2000,PPI_crossfit
glm_mis,PPI,100,0,plugin,TRUE,FALSE,TRUE,1,0,0.9185219905166081,10.015987111818617,9.616396779074945,0.7058003766413335,0.9644480900424386,2000,PPI_crossfit
glm_mis,PPI,100,0,plugin,TRUE,TRUE,FALSE,1,0,0.9185219905166081,10.015987111818617,9.616396779074945,0.7058003766413335,0.9644480900424386,2000,PPI_crossfit
glm_mis,PPI,150,0,plugin,FALSE,FALSE,FALSE,1,0,0.9772192052344061,10.314694552323946,8.791159780953311,0.7517249303590751,1.0505106456269866,2000,PPI_noncrossfit
glm_mis,PPI,150,0,plugin,FALSE,FALSE,TRUE,1,0,0.9772192052344061,10.314694552323946,8.791159780953311,0.7517249303590751,1.0505106456269866,2000,PPI_noncrossfit
glm_mis,PPI,150,0,plugin,FALSE,TRUE,FALSE,1,0,0.9772192052344061,10.314694552323946,8.791159780953311,0.7517249303590751,1.0505106456269866,2000,PPI_noncrossfit
glm_mis,PPI,150,0,plugin,TRUE,FALSE,FALSE,1,0,0.9090405106383674,9.934372447605242,8.905466220066447,0.7209874222024113,0.977218548936245,2000,PPI_crossfit
glm_mis,PPI,150,0,plugin,TRUE,FALSE,TRUE,1,0,0.9090405106383674,9.934372447605242,8.905466220066447,0.7209874222024113,0.977218548936245,2000,PPI_crossfit
glm_mis,PPI,150,0,plugin,TRUE,TRUE,FALSE,1,0,0.9090405106383674,9.934372447605242,8.905466220066447,0.7209874222024113,0.977218548936245,2000,PPI_crossfit
glm_mis,PPI,200,0,plugin,FALSE,FALSE,FALSE,1,0,0.9488748882051056,10.17826812183268,8.870314995751736,0.7486061508357796,1.0437623770256161,2000,PPI_noncrossfit
glm_mis,PPI,200,0,plugin,FALSE,FALSE,TRUE,1,0,0.9488748882051056,10.17826812183268,8.870314995751736,0.7486061508357796,1.0437623770256161,2000,PPI_noncrossfit
glm_mis,PPI,200,0,plugin,FALSE,TRUE,FALSE,1,0,0.9488748882051056,10.17826812183268,8.870314995751736,0.7486061508357796,1.0437623770256161,2000,PPI_noncrossfit
glm_mis,PPI,200,0,plugin,TRUE,FALSE,FALSE,1,0,0.892351632619633,10.02057896051697,8.863465706700492,0.7249935637558934,0.9815867958815964,2000,PPI_crossfit
glm_mis,PPI,200,0,plugin,TRUE,FALSE,TRUE,1,0,0.892351632619633,10.02057896051697,8.863465706700492,0.7249935637558934,0.9815867958815964,2000,PPI_crossfit
glm_mis,PPI,200,0,plugin,TRUE,TRUE,FALSE,1,0,0.892351632619633,10.02057896051697,8.863465706700492,0.7249935637558934,0.9815867958815964,2000,PPI_crossfit
glm_mis,PPI,300,0,plugin,FALSE,FALSE,FALSE,1,0,0.8927897157583149,10.33500780852401,8.367328785897534,0.7506892510289755,1.026708173122062,2000,PPI_noncrossfit
glm_mis,PPI,300,0,plugin,FALSE,FALSE,TRUE,1,0,0.8927897157583149,10.33500780852401,8.367328785897534,0.7506892510289755,1.026708173122062,2000,PPI_noncrossfit
glm_mis,PPI,300,0,plugin,FALSE,TRUE,FALSE,1,0,0.8927897157583149,10.33500780852401,8.367328785897534,0.7506892510289755,1.026708173122062,2000,PPI_noncrossfit
glm_mis,PPI,300,0,plugin,TRUE,FALSE,FALSE,1,0,0.8584148208866758,9.920563382609116,8.544188195513868,0.7305949729344714,0.987177044019677,2000,PPI_crossfit
glm_mis,PPI,300,0,plugin,TRUE,FALSE,TRUE,1,0,0.8584148208866758,9.920563382609116,8.544188195513868,0.7305949729344714,0.987177044019677,2000,PPI_crossfit
glm_mis,PPI,300,0,plugin,TRUE,TRUE,FALSE,1,0,0.8584148208866758,9.920563382609116,8.544188195513868,0.7305949729344714,0.987177044019677,2000,PPI_crossfit
glm_mis,PPI++,50,0,plugin,FALSE,FALSE,FALSE,0.9135420813896379,0.11043714709452548,0.9786371048070943,10.674146078605297,7.348220233686617,0.7817471157552551,1.0031030324272716,2000,PPI++_noncrossfit
glm_mis,PPI++,50,0,plugin,FALSE,FALSE,TRUE,0.8034445095710799,0.23860347336761784,1.0468137404469968,10.95060421049428,8.165501216133535,0.7463313489850375,1.0729840839581717,2000,PPI++_independent_split
glm_mis,PPI++,50,0,plugin,FALSE,TRUE,FALSE,0.8588564827099322,0.1444919718989845,0.9187243716974226,9.30785165447589,9.148130848238004,0.6926600890290265,0.9416924809898581,2000,PPI++_crossfit
glm_mis,PPI++,50,0,plugin,TRUE,FALSE,FALSE,0.9135420813896379,0.11043714709452548,0.9786371048070943,10.674146078605297,7.348220233686617,0.7817471157552551,1.0031030324272716,2000,PPI++_noncrossfit
glm_mis,PPI++,50,0,plugin,TRUE,FALSE,TRUE,0.8034445095710799,0.23860347336761784,1.0468137404469968,10.95060421049428,8.165501216133535,0.7463313489850375,1.0729840839581717,2000,PPI++_independent_split
glm_mis,PPI++,50,0,plugin,TRUE,TRUE,FALSE,0.8588564827099322,0.1444919718989845,0.9187243716974226,9.30785165447589,9.148130848238004,0.6926600890290265,0.9416924809898581,2000,PPI++_crossfit
glm_mis,PPI++,100,0,plugin,FALSE,FALSE,FALSE,0.9260003319812257,0.08057076505735299,0.956312234834579,10.213568879433732,7.45112716915437,0.7703508027142775,1.004127846576308,2000,PPI++_noncrossfit
glm_mis,PPI++,100,0,plugin,FALSE,FALSE,TRUE,0.8669823280481165,0.17448786781166786,1.028048892953238,10.177452776173043,8.763625262561181,0.7532908951812136,1.0794513376009,2000,PPI++_independent_split
glm_mis,PPI++,100,0,plugin,FALSE,TRUE,FALSE,0.8806361904081624,0.11353964343023631,0.9190730176374564,10.015987111818617,9.574022553031474,0.7058003766413335,0.9650266685193293,2000,PPI++_crossfit
glm_mis,PPI++,100,0,plugin,TRUE,FALSE,FALSE,0.9260003319812257,0.08057076505735299,0.956312234834579,10.213568879433732,7.45112716915437,0.7703508027142775,1.004127846576308,2000,PPI++_noncrossfit
glm_mis,PPI++,100,0,plugin,TRUE,FALSE,TRUE,0.8669823280481165,0.17448786781166786,1.028048892953238,10.177452776173043,8.763625262561181,0.7532908951812136,1.0794513376009,2000,PPI++_independent_split
glm_mis,PPI++,100,0,plugin,TRUE,TRUE,FALSE,0.8806361904081624,0.11353964343023631,0.9190730176374564,10.015987111818617,9.574022553031474,0.7058003766413335,0.9650266685193293,2000,PPI++_crossfit
glm_mis,PPI++,150,0,plugin,FALSE,FALSE,FALSE,0.9228926200896914,0.07549121372195332,0.9347771126244827,10.286999928940123,7.931804348136333,0.7633448424535888,1.0048853960713189,2000,PPI++_noncrossfit
glm_mis,PPI++,150,0,plugin,FALSE,FALSE,TRUE,0.8642714539195373,0.1587749650266429,0.9725252020098659,10.314694552323946,8.43561836417465,0.7517249303590751,1.0454645921606058,2000,PPI++_independent_split
glm_mis,PPI++,150,0,plugin,FALSE,TRUE,FALSE,0.8856909814305847,0.0900113546170211,0.9107393681733278,9.934372447605242,8.944838033500561,0.7209874222024113,0.9790448207863274,2000,PPI++_crossfit
glm_mis,PPI++,150,0,plugin,TRUE,FALSE,FALSE,0.9228926200896914,0.07549121372195332,0.9347771126244827,10.286999928940123,7.931804348136333,0.7633448424535888,1.0048853960713189,2000,PPI++_noncrossfit
glm_mis,PPI++,150,0,plugin,TRUE,FALSE,TRUE,0.8642714539195373,0.1587749650266429,0.9725252020098659,10.314694552323946,8.43561836417465,0.7517249303590751,1.0454645921606058,2000,PPI++_independent_split
glm_mis,PPI++,150,0,plugin,TRUE,TRUE,FALSE,0.8856909814305847,0.0900113546170211,0.9107393681733278,9.934372447605242,8.944838033500561,0.7209874222024113,0.9790448207863274,2000,PPI++_crossfit
glm_mis,PPI++,200,0,plugin,FALSE,FALSE,FALSE,0.9007816436268994,0.07072536208864925,0.9115500267136732,10.036803693791994,7.860346969153956,0.7570152507347321,1.0027050293850406,2000,PPI++_noncrossfit
glm_mis,PPI++,200,0,plugin,FALSE,FALSE,TRUE,0.8648860909082872,0.15510375338495153,0.9455045255557846,10.17826812183268,8.636420561558207,0.7486061508357796,1.040054978111363,2000,PPI++_independent_split
glm_mis,PPI++,200,0,plugin,FALSE,TRUE,FALSE,0.8778083202337796,0.08081391289739495,0.894418453741821,10.02057896051697,8.920815669391398,0.7249935637558934,0.9838602991160031,2000,PPI++_crossfit
glm_mis,PPI++,200,0,plugin,TRUE,FALSE,FALSE,0.9007816436268994,0.07072536208864925,0.9115500267136732,10.036803693791994,7.860346969153956,0.7570152507347321,1.0027050293850406,2000,PPI++_noncrossfit
glm_mis,PPI++,200,0,plugin,TRUE,FALSE,TRUE,0.8648860909082872,0.15510375338495153,0.9455045255557846,10.17826812183268,8.636420561558207,0.7486061508357796,1.040054978111363,2000,PPI++_independent_split
glm_mis,PPI++,200,0,plugin,TRUE,TRUE,FALSE,0.8778083202337796,0.08081391289739495,0.894418453741821,10.02057896051697,8.920815669391398,0.7249935637558934,0.9838602991160031,2000,PPI++_crossfit
glm_mis,PPI++,300,0,plugin,FALSE,FALSE,FALSE,0.8732679488581395,0.06347973682219918,0.8751287131093316,10.127056582663553,8.127958063122882,0.7548088451927707,1.0063980200757312,2000,PPI++_noncrossfit
glm_mis,PPI++,300,0,plugin,FALSE,FALSE,TRUE,0.8470863580947836,0.14735735544489045,0.8914948828778654,10.33500780852401,8.222052900942833,0.7506892510289755,1.0252191153095451,2000,PPI++_independent_split
glm_mis,PPI++,300,0,plugin,FALSE,TRUE,FALSE,0.8503992802908061,0.06756940180306299,0.8621278588782704,9.920563382609116,8.677644549900963,0.7305949729344714,0.9914470377100109,2000,PPI++_crossfit
glm_mis,PPI++,300,0,plugin,TRUE,FALSE,FALSE,0.8732679488581395,0.06347973682219918,0.8751287131093316,10.127056582663553,8.127958063122882,0.7548088451927707,1.0063980200757312,2000,PPI++_noncrossfit
glm_mis,PPI++,300,0,plugin,TRUE,FALSE,TRUE,0.8470863580947836,0.14735735544489045,0.8914948828778654,10.33500780852401,8.222052900942833,0.7506892510289755,1.0252191153095451,2000,PPI++_independent_split
glm_mis,PPI++,300,0,plugin,TRUE,TRUE,FALSE,0.8503992802908061,0.06756940180306299,0.8621278588782704,9.920563382609116,8.677644549900963,0.7305949729344714,0.9914470377100109,2000,PPI++_crossfit
glm_wrong,PPI,50,0,plugin,FALSE,FALSE,FALSE,1,0,-0.1150213479158387,3.976653370193835,19.18886008203925,0.10975625364074694,-0.11789688161373467,2000,PPI_noncrossfit
glm_wrong,PPI,50,0,plugin,FALSE,FALSE,TRUE,1,0,-0.1150213479158387,3.976653370193835,19.18886008203925,0.10975625364074694,-0.11789688161373467,2000,PPI_noncrossfit
glm_wrong,PPI,50,0,plugin,FALSE,TRUE,FALSE,1,0,-0.1150213479158387,3.976653370193835,19.18886008203925,0.10975625364074694,-0.11789688161373467,2000,PPI_noncrossfit
glm_wrong,PPI,50,0,plugin,TRUE,FALSE,FALSE,1,0,-3.3166236467675327,2.224195111071368,19.54783694117615,0.04509987484047557,-3.399539237936721,2000,PPI_crossfit
glm_wrong,PPI,50,0,plugin,TRUE,FALSE,TRUE,1,0,-3.3166236467675327,2.224195111071368,19.54783694117615,0.04509987484047557,-3.399539237936721,2000,PPI_crossfit
glm_wrong,PPI,50,0,plugin,TRUE,TRUE,FALSE,1,0,-3.3166236467675327,2.224195111071368,19.54783694117615,0.04509987484047557,-3.399539237936721,2000,PPI_crossfit
glm_wrong,PPI,100,0,plugin,FALSE,FALSE,FALSE,1,0,-0.9221089946233257,2.4514312041744244,19.070390885898483,0.1460423151502902,-0.9682144443544921,2000,PPI_noncrossfit
glm_wrong,PPI,100,0,plugin,FALSE,FALSE,TRUE,1,0,-0.9221089946233257,2.4514312041744244,19.070390885898483,0.1460423151502902,-0.9682144443544921,2000,PPI_noncrossfit
glm_wrong,PPI,100,0,plugin,FALSE,TRUE,FALSE,1,0,-0.9221089946233257,2.4514312041744244,19.070390885898483,0.1460423151502902,-0.9682144443544921,2000,PPI_noncrossfit
glm_wrong,PPI,100,0,plugin,TRUE,FALSE,FALSE,1,0,-1.1383588415356354,1.7248281787765,19.62469135128211,0.08995317917038036,-1.1952767836124172,2000,PPI_crossfit
glm_wrong,PPI,100,0,plugin,TRUE,FALSE,TRUE,1,0,-1.1383588415356354,1.7248281787765,19.62469135128211,0.08995317917038036,-1.1952767836124172,2000,PPI_crossfit
glm_wrong,PPI,100,0,plugin,TRUE,TRUE,FALSE,1,0,-1.1383588415356354,1.7248281787765,19.62469135128211,0.08995317917038036,-1.1952767836124172,2000,PPI_crossfit
glm_wrong,PPI,150,0,plugin,FALSE,FALSE,FALSE,1,0,-0.16179087738610923,2.1678868932785846,18.39970295822242,0.1449831584021033,-0.1739251931900674,2000,PPI_noncrossfit
glm_wrong,PPI,150,0,plugin,FALSE,FALSE,TRUE,1,0,-0.16179087738610923,2.1678868932785846,18.39970295822242,0.1449831584021033,-0.1739251931900674,2000,PPI_noncrossfit
glm_wrong,PPI,150,0,plugin,FALSE,TRUE,FALSE,1,0,-0.16179087738610923,2.1678868932785846,18.39970295822242,0.1449831584021033,-0.1739251931900674,2000,PPI_noncrossfit
glm_wrong,PPI,150,0,plugin,TRUE,FALSE,FALSE,1,0,-1.142656310752497,1.5854004562018305,18.45895107026343,0.11790977125316189,-1.2283555340589343,2000,PPI_crossfit
glm_wrong,PPI,150,0,plugin,TRUE,FALSE,TRUE,1,0,-1.142656310752497,1.5854004562018305,18.45895107026343,0.11790977125316189,-1.2283555340589343,2000,PPI_crossfit
glm_wrong,PPI,150,0,plugin,TRUE,TRUE,FALSE,1,0,-1.142656310752497,1.5854004562018305,18.45895107026343,0.11790977125316189,-1.2283555340589343,2000,PPI_crossfit
glm_wrong,PPI,200,0,plugin,FALSE,FALSE,FALSE,1,0,1.6745460836187713,1.877533637425832,18.233843319237018,0.1938317683593904,1.8420006919806484,2000,PPI_noncrossfit
glm_wrong,PPI,200,0,plugin,FALSE,FALSE,TRUE,1,0,1.6745460836187713,1.877533637425832,18.233843319237018,0.1938317683593904,1.8420006919806484,2000,PPI_noncrossfit
glm_wrong,PPI,200,0,plugin,FALSE,TRUE,FALSE,1,0,1.6745460836187713,1.877533637425832,18.233843319237018,0.1938317683593904,1.8420006919806484,2000,PPI_noncrossfit
glm_wrong,PPI,200,0,plugin,TRUE,FALSE,FALSE,1,0,-0.3033283610308284,1.558520658691212,18.372817432274765,0.1390226974626022,-0.33366119713391124,2000,PPI_crossfit
glm_wrong,PPI,200,0,plugin,TRUE,FALSE,TRUE,1,0,-0.3033283610308284,1.558520658691212,18.372817432274765,0.1390226974626022,-0.33366119713391124,2000,PPI_crossfit
glm_wrong,PPI,200,0,plugin,TRUE,TRUE,FALSE,1,0,-0.3033283610308284,1.558520658691212,18.372817432274765,0.1390226974626022,-0.33366119713391124,2000,PPI_crossfit
glm_wrong,PPI,300,0,plugin,FALSE,FALSE,FALSE,1,0,1.2869090367707916,1.86532785155277,17.68939368646203,0.2005565881646785,1.4799453922864103,2000,PPI_noncrossfit
glm_wrong,PPI,300,0,plugin,FALSE,FALSE,TRUE,1,0,1.2869090367707916,1.86532785155277,17.68939368646203,0.2005565881646785,1.4799453922864103,2000,PPI_noncrossfit
glm_wrong,PPI,300,0,plugin,FALSE,TRUE,FALSE,1,0,1.2869090367707916,1.86532785155277,17.68939368646203,0.2005565881646785,1.4799453922864103,2000,PPI_noncrossfit
glm_wrong,PPI,300,0,plugin,TRUE,FALSE,FALSE,1,0,-0.639550912863844,1.3238043361355378,17.89082150311964,0.14862546651250297,-0.7354835497934206,2000,PPI_crossfit
glm_wrong,PPI,300,0,plugin,TRUE,FALSE,TRUE,1,0,-0.639550912863844,1.3238043361355378,17.89082150311964,0.14862546651250297,-0.7354835497934206,2000,PPI_crossfit
glm_wrong,PPI,300,0,plugin,TRUE,TRUE,FALSE,1,0,-0.639550912863844,1.3238043361355378,17.89082150311964,0.14862546651250297,-0.7354835497934206,2000,PPI_crossfit
glm_wrong,PPI++,50,0,plugin,FALSE,FALSE,FALSE,0.8372484946329887,0.18950585042717738,0.9610822053847914,2.8453818050944086,15.907760990621401,0.3217273536800975,0.9851092605194111,2000,PPI++_noncrossfit
glm_wrong,PPI++,50,0,plugin,FALSE,FALSE,TRUE,0.4091717704574677,0.41782346779964485,-0.08040515864712883,3.976653370193835,15.805136399441924,0.10975625364074694,-0.08241528761330703,2000,PPI++_independent_split
glm_wrong,PPI++,50,0,plugin,FALSE,TRUE,FALSE,0.31985327316757084,0.37034786640906986,-2.6313010801381647,2.224195111071368,16.027711537525033,0.04509987484047557,-2.6970836071416184,2000,PPI++_crossfit
glm_wrong,PPI++,50,0,plugin,TRUE,FALSE,FALSE,0.8372484946329887,0.18950585042717738,0.9610822053847914,2.8453818050944086,15.907760990621401,0.3217273536800975,0.9851092605194111,2000,PPI++_noncrossfit
glm_wrong,PPI++,50,0,plugin,TRUE,FALSE,TRUE,0.4091717704574677,0.41782346779964485,-0.08040515864712883,3.976653370193835,15.805136399441924,0.10975625364074694,-0.08241528761330703,2000,PPI++_independent_split
glm_wrong,PPI++,50,0,plugin,TRUE,TRUE,FALSE,0.31985327316757084,0.37034786640906986,-2.6313010801381647,2.224195111071368,16.027711537525033,0.04509987484047557,-2.6970836071416184,2000,PPI++_crossfit
glm_wrong,PPI++,100,0,plugin,FALSE,FALSE,FALSE,0.8813727178442183,0.14348623558845738,0.959744089155387,1.865997888414792,16.14947312179691,0.27210067685466705,1.0077312936131564,2000,PPI++_noncrossfit
glm_wrong,PPI++,100,0,plugin,FALSE,FALSE,TRUE,0.49208559983513367,0.418124773207987,-0.9056908708282332,2.4514312041744244,17.50224467337231,0.1460423151502902,-0.950975414369645,2000,PPI++_independent_split
glm_wrong,PPI++,100,0,plugin,FALSE,TRUE,FALSE,0.3996341975497102,0.39407452019327344,-0.9962401011050136,1.7248281787765,17.689863657245958,0.08995317917038036,-1.0460521061602643,2000,PPI++_crossfit
glm_wrong,PPI++,100,0,plugin,TRUE,FALSE,FALSE,0.8813727178442183,0.14348623558845738,0.959744089155387,1.865997888414792,16.14947312179691,0.27210067685466705,1.0077312936131564,2000,PPI++_noncrossfit
glm_wrong,PPI++,100,0,plugin,TRUE,FALSE,TRUE,0.49208559983513367,0.418124773207987,-0.9056908708282332,2.4514312041744244,17.50224467337231,0.1460423151502902,-0.950975414369645,2000,PPI++_independent_split
glm_wrong,PPI++,100,0,plugin,TRUE,TRUE,FALSE,0.3996341975497102,0.39407452019327344,-0.9962401011050136,1.7248281787765,17.689863657245958,0.08995317917038036,-1.0460521061602643,2000,PPI++_crossfit
glm_wrong,PPI++,150,0,plugin,FALSE,FALSE,FALSE,0.8832779108648461,0.12675875135873152,0.9329644215976887,1.7203744250385824,16.804832544106066,0.2614422065791154,1.0029367532175153,2000,PPI++_noncrossfit
glm_wrong,PPI++,150,0,plugin,FALSE,FALSE,TRUE,0.5359786296676898,0.408375209561262,-0.14192851938071088,2.1678868932785846,17.153831621840574,0.1449831584021033,-0.1525731583342642,2000,PPI++_independent_split
glm_wrong,PPI++,150,0,plugin,FALSE,TRUE,FALSE,0.45652852912966235,0.36667592202924837,-1.024472968887478,1.5854004562018305,17.234132501288283,0.11790977125316189,-1.1013084415540388,2000,PPI++_crossfit
glm_wrong,PPI++,150,0,plugin,TRUE,FALSE,FALSE,0.8832779108648461,0.12675875135873152,0.9329644215976887,1.7203744250385824,16.804832544106066,0.2614422065791154,1.0029367532175153,2000,PPI++_noncrossfit
glm_wrong,PPI++,150,0,plugin,TRUE,FALSE,TRUE,0.5359786296676898,0.408375209561262,-0.14192851938071088,2.1678868932785846,17.153831621840574,0.1449831584021033,-0.1525731583342642,2000,PPI++_independent_split
glm_wrong,PPI++,150,0,plugin,TRUE,TRUE,FALSE,0.45652852912966235,0.36667592202924837,-1.024472968887478,1.5854004562018305,17.234132501288283,0.11790977125316189,-1.1013084415540388,2000,PPI++_crossfit
glm_wrong,PPI++,200,0,plugin,FALSE,FALSE,FALSE,0.8790989311805764,0.11315977256051199,0.908607378309267,1.5257076763067248,16.36865782187432,0.2547972777669294,0.9994681161401937,2000,PPI++_noncrossfit
glm_wrong,PPI++,200,0,plugin,FALSE,FALSE,TRUE,0.5999734193126601,0.39033525595644564,1.679105664168242,1.877533637425832,17.418796055537488,0.1938317683593904,1.8470162305850664,2000,PPI++_independent_split
glm_wrong,PPI++,200,0,plugin,FALSE,TRUE,FALSE,0.49947260774061625,0.36603364654925324,-0.24725149306492952,1.558520658691212,17.31778825764133,0.1390226974626022,-0.2719766423714225,2000,PPI++_crossfit
glm_wrong,PPI++,200,0,plugin,TRUE,FALSE,FALSE,0.8790989311805764,0.11315977256051199,0.908607378309267,1.5257076763067248,16.36865782187432,0.2547972777669294,0.9994681161401937,2000,PPI++_noncrossfit
glm_wrong,PPI++,200,0,plugin,TRUE,FALSE,TRUE,0.5999734193126601,0.39033525595644564,1.679105664168242,1.877533637425832,17.418796055537488,0.1938317683593904,1.8470162305850664,2000,PPI++_independent_split
glm_wrong,PPI++,200,0,plugin,TRUE,TRUE,FALSE,0.49947260774061625,0.36603364654925324,-0.24725149306492952,1.558520658691212,17.31778825764133,0.1390226974626022,-0.2719766423714225,2000,PPI++_crossfit
glm_wrong,PPI++,300,0,plugin,FALSE,FALSE,FALSE,0.8641005412695124,0.11144685825973395,0.8742584710030054,1.2719538446756675,16.98066157209321,0.23918374767086173,1.005397241653456,2000,PPI++_noncrossfit
glm_wrong,PPI++,300,0,plugin,FALSE,FALSE,TRUE,0.610430191674531,0.367401962502341,1.2887067842861726,1.86532785155277,16.97564229101663,0.2005565881646785,1.4820128019290983,2000,PPI++_independent_split
glm_wrong,PPI++,300,0,plugin,FALSE,TRUE,FALSE,0.5168501378593445,0.32913133355853935,-0.5998333374224916,1.3238043361355378,17.246620450761423,0.14862546651250297,-0.6898083380358653,2000,PPI++_crossfit
glm_wrong,PPI++,300,0,plugin,TRUE,FALSE,FALSE,0.8641005412695124,0.11144685825973395,0.8742584710030054,1.2719538446756675,16.98066157209321,0.23918374767086173,1.005397241653456,2000,PPI++_noncrossfit
glm_wrong,PPI++,300,0,plugin,TRUE,FALSE,TRUE,0.610430191674531,0.367401962502341,1.2887067842861726,1.86532785155277,16.97564229101663,0.2005565881646785,1.4820128019290983,2000,PPI++_independent_split
glm_wrong,PPI++,300,0,plugin,TRUE,TRUE,FALSE,0.5168501378593445,0.32913133355853935,-0.5998333374224916,1.3238043361355378,17.246620450761423,0.14862546651250297,-0.6898083380358653,2000,PPI++_crossfit
rf,PPI,50,0,plugin,FALSE,FALSE,FALSE,1,0,1.393837943019836,3.4346514118856715,11.502886598053085,0.6770690093476815,1.4286838915953317,2000,PPI_noncrossfit
rf,PPI,50,0,plugin,FALSE,FALSE,TRUE,1,0,1.393837943019836,3.4346514118856715,11.502886598053085,0.6770690093476815,1.4286838915953317,2000,PPI_noncrossfit
rf,PPI,50,0,plugin,FALSE,TRUE,FALSE,1,0,1.393837943019836,3.4346514118856715,11.502886598053085,0.6770690093476815,1.4286838915953317,2000,PPI_noncrossfit
rf,PPI,50,0,plugin,TRUE,FALSE,FALSE,1,0,1.2512542527909447,2.7481640567152574,12.341594290579799,0.6051433169334939,1.2825356091107183,2000,PPI_crossfit
rf,PPI,50,0,plugin,TRUE,FALSE,TRUE,1,0,1.2512542527909447,2.7481640567152574,12.341594290579799,0.6051433169334939,1.2825356091107183,2000,PPI_crossfit
rf,PPI,50,0,plugin,TRUE,TRUE,FALSE,1,0,1.2512542527909447,2.7481640567152574,12.341594290579799,0.6051433169334939,1.2825356091107183,2000,PPI_crossfit
rf,PPI,100,0,plugin,FALSE,FALSE,FALSE,1,0,1.234940976199547,4.8522787684930035,8.817602115940273,0.7700195777063111,1.2966880250095243,2000,PPI_noncrossfit
rf,PPI,100,0,plugin,FALSE,FALSE,TRUE,1,0,1.234940976199547,4.8522787684930035,8.817602115940273,0.7700195777063111,1.2966880250095243,2000,PPI_noncrossfit
rf,PPI,100,0,plugin,FALSE,TRUE,FALSE,1,0,1.234940976199547,4.8522787684930035,8.817602115940273,0.7700195777063111,1.2966880250095243,2000,PPI_noncrossfit
rf,PPI,100,0,plugin,TRUE,FALSE,FALSE,1,0,1.213839010745785,4.0608517295174975,9.370006509809686,0.7411223028680718,1.2745309612830744,2000,PPI_crossfit
rf,PPI,100,0,plugin,TRUE,FALSE,TRUE,1,0,1.213839010745785,4.0608517295174975,9.370006509809686,0.7411223028680718,1.2745309612830744,2000,PPI_crossfit
rf,PPI,100,0,plugin,TRUE,TRUE,FALSE,1,0,1.213839010745785,4.0608517295174975,9.370006509809686,0.7411223028680718,1.2745309612830744,2000,PPI_crossfit
rf,PPI,150,0,plugin,FALSE,FALSE,FALSE,1,0,1.1536389923466672,5.6880652985011935,7.8073109512556105,0.8086902096172435,1.2401619167726672,2000,PPI_noncrossfit
rf,PPI,150,0,plugin,FALSE,FALSE,TRUE,1,0,1.1536389923466672,5.6880652985011935,7.8073109512556105,0.8086902096172435,1.2401619167726672,2000,PPI_noncrossfit
rf,PPI,150,0,plugin,FALSE,TRUE,FALSE,1,0,1.1536389923466672,5.6880652985011935,7.8073109512556105,0.8086902096172435,1.2401619167726672,2000,PPI_noncrossfit
rf,PPI,150,0,plugin,TRUE,FALSE,FALSE,1,0,1.1398105652503359,4.997570334622604,7.725611906977772,0.792587543041049,1.2252963576441112,2000,PPI_crossfit
rf,PPI,150,0,plugin,TRUE,FALSE,TRUE,1,0,1.1398105652503359,4.997570334622604,7.725611906977772,0.792587543041049,1.2252963576441112,2000,PPI_crossfit
rf,PPI,150,0,plugin,TRUE,TRUE,FALSE,1,0,1.1398105652503359,4.997570334622604,7.725611906977772,0.792587543041049,1.2252963576441112,2000,PPI_crossfit
rf,PPI,200,0,plugin,FALSE,FALSE,FALSE,1,0,1.0985692200744313,6.220336700468201,7.2709891031864755,0.8273193793327066,1.2084261420818745,2000,PPI_noncrossfit
rf,PPI,200,0,plugin,FALSE,FALSE,TRUE,1,0,1.0985692200744313,6.220336700468201,7.2709891031864755,0.8273193793327066,1.2084261420818745,2000,PPI_noncrossfit
rf,PPI,200,0,plugin,FALSE,TRUE,FALSE,1,0,1.0985692200744313,6.220336700468201,7.2709891031864755,0.8273193793327066,1.2084261420818745,2000,PPI_noncrossfit
rf,PPI,200,0,plugin,TRUE,FALSE,FALSE,1,0,1.0791767389359075,5.7473655632732035,6.875760182073053,0.8188243425334224,1.1870944128294982,2000,PPI_crossfit
rf,PPI,200,0,plugin,TRUE,FALSE,TRUE,1,0,1.0791767389359075,5.7473655632732035,6.875760182073053,0.8188243425334224,1.1870944128294982,2000,PPI_crossfit
rf,PPI,200,0,plugin,TRUE,TRUE,FALSE,1,0,1.0791767389359075,5.7473655632732035,6.875760182073053,0.8188243425334224,1.1870944128294982,2000,PPI_crossfit
rf,PPI,300,0,plugin,FALSE,FALSE,FALSE,1,0,1.0052953917181426,7.266002149558178,6.070504842566357,0.8564892250430831,1.156089700475864,2000,PPI_noncrossfit
rf,PPI,300,0,plugin,FALSE,FALSE,TRUE,1,0,1.0052953917181426,7.266002149558178,6.070504842566357,0.8564892250430831,1.156089700475864,2000,PPI_noncrossfit
rf,PPI,300,0,plugin,FALSE,TRUE,FALSE,1,0,1.0052953917181426,7.266002149558178,6.070504842566357,0.8564892250430831,1.156089700475864,2000,PPI_noncrossfit
rf,PPI,300,0,plugin,TRUE,FALSE,FALSE,1,0,0.9986505708160759,6.876177764128055,5.860244439323317,0.8531774770242612,1.1484481564384872,2000,PPI_crossfit
rf,PPI,300,0,plugin,TRUE,FALSE,TRUE,1,0,0.9986505708160759,6.876177764128055,5.860244439323317,0.8531774770242612,1.1484481564384872,2000,PPI_crossfit
rf,PPI,300,0,plugin,TRUE,TRUE,FALSE,1,0,0.9986505708160759,6.876177764128055,5.860244439323317,0.8531774770242612,1.1484481564384872,2000,PPI_crossfit
rf,PPI++,50,0,plugin,FALSE,FALSE,FALSE,1,0,1.1142733085434098,4.777077988014123,1.9953547565202017,0.9718057076060602,1.1421301412569949,2000,PPI++_noncrossfit
rf,PPI++,50,0,plugin,FALSE,FALSE,TRUE,0.9247550221518794,0.1643144361779588,1.395830121463752,3.4346514118856715,11.51423596910925,0.6770690093476815,1.4307258745003457,2000,PPI++_independent_split
rf,PPI++,50,0,plugin,FALSE,TRUE,FALSE,0.9495508537883688,0.14754145875353197,1.2513959208024206,2.7481640567152574,12.263715255650338,0.6051433169334939,1.282680818822481,2000,PPI++_crossfit
rf,PPI++,50,0,plugin,TRUE,FALSE,FALSE,1,0,1.1142733085434098,4.777077988014123,1.9953547565202017,0.9718057076060602,1.1421301412569949,2000,PPI++_noncrossfit
rf,PPI++,50,0,plugin,TRUE,FALSE,TRUE,0.9247550221518794,0.1643144361779588,1.395830121463752,3.4346514118856715,11.51423596910925,0.6770690093476815,1.4307258745003457,2000,PPI++_independent_split
rf,PPI++,50,0,plugin,TRUE,TRUE,FALSE,0.9495508537883688,0.14754145875353197,1.2513959208024206,2.7481640567152574,12.263715255650338,0.6051433169334939,1.282680818822481,2000,PPI++_crossfit
rf,PPI++,100,0,plugin,FALSE,FALSE,FALSE,0.999945892039247,0.0012098907836764776,1.0299989479017186,6.2402678896813955,1.4545558247332442,0.9771078881625996,1.0814988952968045,2000,PPI++_noncrossfit
rf,PPI++,100,0,plugin,FALSE,FALSE,TRUE,0.951778844533409,0.1115796436085234,1.2384740478569287,4.8522787684930035,8.885735302893007,0.7700195777063111,1.3003977502497752,2000,PPI++_independent_split
rf,PPI++,100,0,plugin,FALSE,TRUE,FALSE,0.9857431259473239,0.05908541132758358,1.2145754831399513,4.0608517295174975,9.376535257752488,0.7411223028680718,1.275304257296949,2000,PPI++_crossfit
rf,PPI++,100,0,plugin,TRUE,FALSE,FALSE,0.999945892039247,0.0012098907836764776,1.0299989479017186,6.2402678896813955,1.4545558247332442,0.9771078881625996,1.0814988952968045,2000,PPI++_noncrossfit
rf,PPI++,100,0,plugin,TRUE,FALSE,TRUE,0.951778844533409,0.1115796436085234,1.2384740478569287,4.8522787684930035,8.885735302893007,0.7700195777063111,1.3003977502497752,2000,PPI++_independent_split
rf,PPI++,100,0,plugin,TRUE,TRUE,FALSE,0.9857431259473239,0.05908541132758358,1.2145754831399513,4.0608517295174975,9.376535257752488,0.7411223028680718,1.275304257296949,2000,PPI++_crossfit
rf,PPI++,150,0,plugin,FALSE,FALSE,FALSE,0.9998654832029891,0.0018699302857700109,0.9863540010801927,7.320886752796548,1.3224840935535922,0.9784003817346008,1.0603305511612071,2000,PPI++_noncrossfit
rf,PPI++,150,0,plugin,FALSE,FALSE,TRUE,0.9682522481703945,0.09166993216122549,1.1564561777505422,5.6880652985011935,7.868749378379932,0.8086902096172435,1.243190391081833,2000,PPI++_independent_split
rf,PPI++,150,0,plugin,FALSE,TRUE,FALSE,0.9934660582824013,0.028679165576575415,1.1405044193011757,4.997570334622604,7.738804543734541,0.792587543041049,1.2260422507487638,2000,PPI++_crossfit
rf,PPI++,150,0,plugin,TRUE,FALSE,FALSE,0.9998654832029891,0.0018699302857700109,0.9863540010801927,7.320886752796548,1.3224840935535922,0.9784003817346008,1.0603305511612071,2000,PPI++_noncrossfit
rf,PPI++,150,0,plugin,TRUE,FALSE,TRUE,0.9682522481703945,0.09166993216122549,1.1564561777505422,5.6880652985011935,7.868749378379932,0.8086902096172435,1.243190391081833,2000,PPI++_independent_split
rf,PPI++,150,0,plugin,TRUE,TRUE,FALSE,0.9934660582824013,0.028679165576575415,1.1405044193011757,4.997570334622604,7.738804543734541,0.792587543041049,1.2260422507487638,2000,PPI++_crossfit
rf,PPI++,200,0,plugin,FALSE,FALSE,FALSE,0.9990466678643745,0.008903775024476653,0.9544729082063282,8.100274924428339,1.2186908474226905,0.9802838843172741,1.049920199026961,2000,PPI++_noncrossfit
rf,PPI++,200,0,plugin,FALSE,FALSE,TRUE,0.9713646988249438,0.07650949481550297,1.1019051490884515,6.220336700468201,7.355236454667585,0.8273193793327066,1.2120956639972966,2000,PPI++_independent_split
rf,PPI++,200,0,plugin,FALSE,TRUE,FALSE,0.9946335867604245,0.022574350966164988,1.0798158693541606,5.7473655632732035,6.888568275749022,0.8188243425334224,1.1877974562895768,2000,PPI++_crossfit
rf,PPI++,200,0,plugin,TRUE,FALSE,FALSE,0.9990466678643745,0.008903775024476653,0.9544729082063282,8.100274924428339,1.2186908474226905,0.9802838843172741,1.049920199026961,2000,PPI++_noncrossfit
rf,PPI++,200,0,plugin,TRUE,FALSE,TRUE,0.9713646988249438,0.07650949481550297,1.1019051490884515,6.220336700468201,7.355236454667585,0.8273193793327066,1.2120956639972966,2000,PPI++_independent_split
rf,PPI++,200,0,plugin,TRUE,TRUE,FALSE,0.9946335867604245,0.022574350966164988,1.0798158693541606,5.7473655632732035,6.888568275749022,0.8188243425334224,1.1877974562895768,2000,PPI++_crossfit
rf,PPI++,300,0,plugin,FALSE,FALSE,FALSE,0.9979976326756446,0.013913053375020551,0.8991857853152119,9.202939294229443,1.0020098145234104,0.9826009986379812,1.0340636531124936,2000,PPI++_noncrossfit
rf,PPI++,300,0,plugin,FALSE,FALSE,TRUE,0.973120976701717,0.06814859112428406,1.0085766247048142,7.266002149558178,6.15512494009829,0.8564892250430831,1.1598631184105364,2000,PPI++_independent_split
rf,PPI++,300,0,plugin,FALSE,TRUE,FALSE,0.9906358040383708,0.02976223607808841,0.9999444803419149,6.876177764128055,5.8896101568963095,0.8531774770242612,1.149936152393202,2000,PPI++_crossfit
rf,PPI++,300,0,plugin,TRUE,FALSE,FALSE,0.9979976326756446,0.013913053375020551,0.8991857853152119,9.202939294229443,1.0020098145234104,0.9826009986379812,1.0340636531124936,2000,PPI++_noncrossfit
rf,PPI++,300,0,plugin,TRUE,FALSE,TRUE,0.973120976701717,0.06814859112428406,1.0085766247048142,7.266002149558178,6.15512494009829,0.8564892250430831,1.1598631184105364,2000,PPI++_independent_split
rf,PPI++,300,0,plugin,TRUE,TRUE,FALSE,0.9906358040383708,0.02976223607808841,0.9999444803419149,6.876177764128055,5.8896101568963095,0.8531774770242612,1.149936152393202,2000,PPI++_crossfit
glm_correct,PPI,50,0.05,plugin,FALSE,FALSE,FALSE,1,0,0.9615152477348147,17.430436680031686,1.276781381842545,0.9490148197120085,0.9855531289281849,2000,PPI_noncrossfit
glm_correct,PPI,50,0.05,plugin,FALSE,FALSE,TRUE,1,0,0.9615152477348147,17.430436680031686,1.276781381842545,0.9490148197120085,0.9855531289281849,2000,PPI_noncrossfit
glm_correct,PPI,50,0.05,plugin,FALSE,TRUE,FALSE,1,0,0.9615152477348147,17.430436680031686,1.276781381842545,0.9490148197120085,0.9855531289281849,2000,PPI_noncrossfit
glm_correct,PPI,50,0.05,plugin,TRUE,FALSE,FALSE,1,0,0.9596470211632628,17.368486294025903,1.3961166606428488,0.9453169012438382,0.9836381966923443,2000,PPI_crossfit
glm_correct,PPI,50,0.05,plugin,TRUE,FALSE,TRUE,1,0,0.9596470211632628,17.368486294025903,1.3961166606428488,0.9453169012438382,0.9836381966923443,2000,PPI_crossfit
glm_correct,PPI,50,0.05,plugin,TRUE,TRUE,FALSE,1,0,0.9596470211632628,17.368486294025903,1.3961166606428488,0.9453169012438382,0.9836381966923443,2000,PPI_crossfit
glm_correct,PPI,100,0.05,plugin,FALSE,FALSE,FALSE,1,0,0.9479602388008264,17.08719441173925,1.0666643465646402,0.9649700402818863,0.9953582507408677,2000,PPI_noncrossfit
glm_correct,PPI,100,0.05,plugin,FALSE,FALSE,TRUE,1,0,0.9479602388008264,17.08719441173925,1.0666643465646402,0.9649700402818863,0.9953582507408677,2000,PPI_noncrossfit
glm_correct,PPI,100,0.05,plugin,FALSE,TRUE,FALSE,1,0,0.9479602388008264,17.08719441173925,1.0666643465646402,0.9649700402818863,0.9953582507408677,2000,PPI_noncrossfit
glm_correct,PPI,100,0.05,plugin,TRUE,FALSE,FALSE,1,0,0.9460268176940897,17.012824821430815,1.1214236744999968,0.9615069902323784,0.9933281585787942,2000,PPI_crossfit
glm_correct,PPI,100,0.05,plugin,TRUE,FALSE,TRUE,1,0,0.9460268176940897,17.012824821430815,1.1214236744999968,0.9615069902323784,0.9933281585787942,2000,PPI_crossfit
glm_correct,PPI,100,0.05,plugin,TRUE,TRUE,FALSE,1,0,0.9460268176940897,17.012824821430815,1.1214236744999968,0.9615069902323784,0.9933281585787942,2000,PPI_crossfit
glm_correct,PPI,150,0.05,plugin,FALSE,FALSE,FALSE,1,0,0.9267832431374059,16.897757578676213,1.0579157160209485,0.96585248162913,0.9962919863727113,2000,PPI_noncrossfit
glm_correct,PPI,150,0.05,plugin,FALSE,FALSE,TRUE,1,0,0.9267832431374059,16.897757578676213,1.0579157160209485,0.96585248162913,0.9962919863727113,2000,PPI_noncrossfit
glm_correct,PPI,150,0.05,plugin,FALSE,TRUE,FALSE,1,0,0.9267832431374059,16.897757578676213,1.0579157160209485,0.96585248162913,0.9962919863727113,2000,PPI_noncrossfit
glm_correct,PPI,150,0.05,plugin,TRUE,FALSE,FALSE,1,0,0.9257039581397399,17.086765940553825,1.0735184481054765,0.9646678840924694,0.9951317550002204,2000,PPI_crossfit
glm_correct,PPI,150,0.05,plugin,TRUE,FALSE,TRUE,1,0,0.9257039581397399,17.086765940553825,1.0735184481054765,0.9646678840924694,0.9951317550002204,2000,PPI_crossfit
glm_correct,PPI,150,0.05,plugin,TRUE,TRUE,FALSE,1,0,0.9257039581397399,17.086765940553825,1.0735184481054765,0.9646678840924694,0.9951317550002204,2000,PPI_crossfit
glm_correct,PPI,200,0.05,plugin,FALSE,FALSE,FALSE,1,0,0.9068105205123267,16.919910521992787,1.0345031122674606,0.9677453212929374,0.9974915725635594,2000,PPI_noncrossfit
glm_correct,PPI,200,0.05,plugin,FALSE,FALSE,TRUE,1,0,0.9068105205123267,16.919910521992787,1.0345031122674606,0.9677453212929374,0.9974915725635594,2000,PPI_noncrossfit
glm_correct,PPI,200,0.05,plugin,FALSE,TRUE,FALSE,1,0,0.9068105205123267,16.919910521992787,1.0345031122674606,0.9677453212929374,0.9974915725635594,2000,PPI_noncrossfit
glm_correct,PPI,200,0.05,plugin,TRUE,FALSE,FALSE,1,0,0.9060163469090141,16.984630587744977,1.0532612561360828,0.9666596494498496,0.9966179815999155,2000,PPI_crossfit
glm_correct,PPI,200,0.05,plugin,TRUE,FALSE,TRUE,1,0,0.9060163469090141,16.984630587744977,1.0532612561360828,0.9666596494498496,0.9966179815999155,2000,PPI_crossfit
glm_correct,PPI,200,0.05,plugin,TRUE,TRUE,FALSE,1,0,0.9060163469090141,16.984630587744977,1.0532612561360828,0.9666596494498496,0.9966179815999155,2000,PPI_crossfit
glm_correct,PPI,300,0.05,plugin,FALSE,FALSE,FALSE,1,0,0.8676188066462989,17.075041451500223,1.0223479041589634,0.9685799641022974,0.9977616276432436,2000,PPI_noncrossfit
glm_correct,PPI,300,0.05,plugin,FALSE,FALSE,TRUE,1,0,0.8676188066462989,17.075041451500223,1.0223479041589634,0.9685799641022974,0.9977616276432436,2000,PPI_noncrossfit
glm_correct,PPI,300,0.05,plugin,FALSE,TRUE,FALSE,1,0,0.8676188066462989,17.075041451500223,1.0223479041589634,0.9685799641022974,0.9977616276432436,2000,PPI_noncrossfit
glm_correct,PPI,300,0.05,plugin,TRUE,FALSE,FALSE,1,0,0.8672933108206086,17.032780574279585,1.039183003911575,0.9677857598002145,0.9973873074436997,2000,PPI_crossfit
glm_correct,PPI,300,0.05,plugin,TRUE,FALSE,TRUE,1,0,0.8672933108206086,17.032780574279585,1.039183003911575,0.9677857598002145,0.9973873074436997,2000,PPI_crossfit
glm_correct,PPI,300,0.05,plugin,TRUE,TRUE,FALSE,1,0,0.8672933108206086,17.032780574279585,1.039183003911575,0.9677857598002145,0.9973873074436997,2000,PPI_crossfit
glm_correct,PPI++,50,0.05,plugin,FALSE,FALSE,FALSE,0.726162361704627,0.2706462923097799,0.9886951639681655,16.984770458208136,1.9785143715317277,0.9600541545725166,1.0134125430673695,2000,PPI++_noncrossfit
glm_correct,PPI++,50,0.05,plugin,FALSE,FALSE,TRUE,0.6839734902216453,0.275929182753045,0.9874939675496025,17.430436680031686,2.3250751624375763,0.9490148197120085,1.0121813167383424,2000,PPI++_independent_split
glm_correct,PPI++,50,0.05,plugin,FALSE,TRUE,FALSE,0.6965215954080625,0.2613171722842752,0.9851561574257589,17.368486294025903,2.4402369750888484,0.9453169012438382,1.0097850613614028,2000,PPI++_crossfit
glm_correct,PPI++,50,0.05,plugin,TRUE,FALSE,FALSE,0.726162361704627,0.2706462923097799,0.9886951639681655,16.984770458208136,1.9785143715317277,0.9600541545725166,1.0134125430673695,2000,PPI++_noncrossfit
glm_correct,PPI++,50,0.05,plugin,TRUE,FALSE,TRUE,0.6839734902216453,0.275929182753045,0.9874939675496025,17.430436680031686,2.3250751624375763,0.9490148197120085,1.0121813167383424,2000,PPI++_independent_split
glm_correct,PPI++,50,0.05,plugin,TRUE,TRUE,FALSE,0.6965215954080625,0.2613171722842752,0.9851561574257589,17.368486294025903,2.4402369750888484,0.9453169012438382,1.0097850613614028,2000,PPI++_crossfit
glm_correct,PPI++,100,0.05,plugin,FALSE,FALSE,FALSE,0.7806060906555916,0.22357513879766347,0.9671187463548981,17.057086100131947,1.8300883384915543,0.9659520331594825,1.0154746836726432,2000,PPI++_noncrossfit
glm_correct,PPI++,100,0.05,plugin,FALSE,FALSE,TRUE,0.7854537300317058,0.22163306892306595,0.968052863659294,17.08719441173925,1.8829279261718297,0.9649700402818863,1.0164555068422587,2000,PPI++_independent_split
glm_correct,PPI++,100,0.05,plugin,FALSE,TRUE,FALSE,0.7861659816874043,0.2265477264292535,0.9660527086927642,17.012824821430815,1.9396825015174033,0.9615069902323784,1.0143553441274025,2000,PPI++_crossfit
glm_correct,PPI++,100,0.05,plugin,TRUE,FALSE,FALSE,0.7806060906555916,0.22357513879766347,0.9671187463548981,17.057086100131947,1.8300883384915543,0.9659520331594825,1.0154746836726432,2000,PPI++_noncrossfit
glm_correct,PPI++,100,0.05,plugin,TRUE,FALSE,TRUE,0.7854537300317058,0.22163306892306595,0.968052863659294,17.08719441173925,1.8829279261718297,0.9649700402818863,1.0164555068422587,2000,PPI++_independent_split
glm_correct,PPI++,100,0.05,plugin,TRUE,TRUE,FALSE,0.7861659816874043,0.2265477264292535,0.9660527086927642,17.012824821430815,1.9396825015174033,0.9615069902323784,1.0143553441274025,2000,PPI++_crossfit
glm_correct,PPI++,150,0.05,plugin,FALSE,FALSE,FALSE,0.810353517897356,0.20024855509376288,0.9443354651935828,17.032209106555637,1.7303968659379463,0.968052297935601,1.0151606250831016,2000,PPI++_noncrossfit
glm_correct,PPI++,150,0.05,plugin,FALSE,FALSE,TRUE,0.8035319804191473,0.19802420302404047,0.9453083162161673,16.897757578676213,1.8305192610611094,0.96585248162913,1.0162064399323798,2000,PPI++_independent_split
glm_correct,PPI++,150,0.05,plugin,FALSE,TRUE,FALSE,0.8012531604378856,0.20470199595019822,0.9442301010209269,17.086765940553825,1.8714612468362846,0.9646678840924694,1.0150473585974964,2000,PPI++_crossfit
glm_correct,PPI++,150,0.05,plugin,TRUE,FALSE,FALSE,0.810353517897356,0.20024855509376288,0.9443354651935828,17.032209106555637,1.7303968659379463,0.968052297935601,1.0151606250831016,2000,PPI++_noncrossfit
glm_correct,PPI++,150,0.05,plugin,TRUE,FALSE,TRUE,0.8035319804191473,0.19802420302404047,0.9453083162161673,16.897757578676213,1.8305192610611094,0.96585248162913,1.0162064399323798,2000,PPI++_independent_split
glm_correct,PPI++,150,0.05,plugin,TRUE,TRUE,FALSE,0.8012531604378856,0.20470199595019822,0.9442301010209269,17.086765940553825,1.8714612468362846,0.9646678840924694,1.0150473585974964,2000,PPI++_crossfit
glm_correct,PPI++,200,0.05,plugin,FALSE,FALSE,FALSE,0.806999749776501,0.18676012551120658,0.9235037099796111,17.081440219421673,1.7606294412249832,0.9680065715868642,1.0158540809775722,2000,PPI++_noncrossfit
glm_correct,PPI++,200,0.05,plugin,FALSE,FALSE,TRUE,0.8174194347713876,0.18803328434028105,0.9234979902283623,16.919910521992787,1.7545918908059635,0.9677453212929374,1.0158477892511986,2000,PPI++_independent_split
glm_correct,PPI++,200,0.05,plugin,FALSE,TRUE,FALSE,0.818904270848704,0.1861806106736234,0.922223796494278,16.984630587744977,1.7434334571147996,0.9666596494498496,1.0144461761437058,2000,PPI++_crossfit
glm_correct,PPI++,200,0.05,plugin,TRUE,FALSE,FALSE,0.806999749776501,0.18676012551120658,0.9235037099796111,17.081440219421673,1.7606294412249832,0.9680065715868642,1.0158540809775722,2000,PPI++_noncrossfit
glm_correct,PPI++,200,0.05,plugin,TRUE,FALSE,TRUE,0.8174194347713876,0.18803328434028105,0.9234979902283623,16.919910521992787,1.7545918908059635,0.9677453212929374,1.0158477892511986,2000,PPI++_independent_split
glm_correct,PPI++,200,0.05,plugin,TRUE,TRUE,FALSE,0.818904270848704,0.1861806106736234,0.922223796494278,16.984630587744977,1.7434334571147996,0.9666596494498496,1.0144461761437058,2000,PPI++_crossfit
glm_correct,PPI++,300,0.05,plugin,FALSE,FALSE,FALSE,0.816366502213733,0.16761298321091647,0.8845518272534736,16.92028705774451,1.7368370919575467,0.9696097578446224,1.0172346013414946,2000,PPI++_noncrossfit
glm_correct,PPI++,300,0.05,plugin,FALSE,FALSE,TRUE,0.8105382238379254,0.16968319833865797,0.8845737707039035,17.075041451500223,1.7812420311321513,0.9685799641022974,1.017259836309489,2000,PPI++_independent_split
glm_correct,PPI++,300,0.05,plugin,FALSE,TRUE,FALSE,0.8055621637559176,0.1737292928818494,0.8849561655464278,17.032780574279585,1.8367471594188713,0.9677857598002145,1.0176995903783919,2000,PPI++_crossfit
glm_correct,PPI++,300,0.05,plugin,TRUE,FALSE,FALSE,0.816366502213733,0.16761298321091647,0.8845518272534736,16.92028705774451,1.7368370919575467,0.9696097578446224,1.0172346013414946,2000,PPI++_noncrossfit
glm_correct,PPI++,300,0.05,plugin,TRUE,FALSE,TRUE,0.8105382238379254,0.16968319833865797,0.8845737707039035,17.075041451500223,1.7812420311321513,0.9685799641022974,1.017259836309489,2000,PPI++_independent_split
glm_correct,PPI++,300,0.05,plugin,TRUE,TRUE,FALSE,0.8055621637559176,0.1737292928818494,0.8849561655464278,17.032780574279585,1.8367471594188713,0.9677857598002145,1.0176995903783919,2000,PPI++_crossfit
glm_mis,PPI,50,0.05,plugin,FALSE,FALSE,FALSE,1,0,1.0608301851420936,10.95060421049428,9.33014872643282,0.7463313489850375,1.0873509397706458,2000,PPI_noncrossfit
glm_mis,PPI,50,0.05,plugin,FALSE,FALSE,TRUE,1,0,1.0608301851420936,10.95060421049428,9.33014872643282,0.7463313489850375,1.0873509397706458,2000,PPI_noncrossfit
glm_mis,PPI,50,0.05,plugin,FALSE,TRUE,FALSE,1,0,1.0608301851420936,10.95060421049428,9.33014872643282,0.7463313489850375,1.0873509397706458,2000,PPI_noncrossfit
glm_mis,PPI,50,0.05,plugin,TRUE,FALSE,FALSE,1,0,0.9200807205999597,9.30785165447589,9.30305219974046,0.6926600890290265,0.9430827386149586,2000,PPI_crossfit
glm_mis,PPI,50,0.05,plugin,TRUE,FALSE,TRUE,1,0,0.9200807205999597,9.30785165447589,9.30305219974046,0.6926600890290265,0.9430827386149586,2000,PPI_crossfit
glm_mis,PPI,50,0.05,plugin,TRUE,TRUE,FALSE,1,0,0.9200807205999597,9.30785165447589,9.30305219974046,0.6926600890290265,0.9430827386149586,2000,PPI_crossfit
glm_mis,PPI,100,0.05,plugin,FALSE,FALSE,FALSE,1,0,1.0350795202775478,10.177452776173043,9.284794534731224,0.7532908951812136,1.0868334962914252,2000,PPI_noncrossfit
glm_mis,PPI,100,0.05,plugin,FALSE,FALSE,TRUE,1,0,1.0350795202775478,10.177452776173043,9.284794534731224,0.7532908951812136,1.0868334962914252,2000,PPI_noncrossfit
glm_mis,PPI,100,0.05,plugin,FALSE,TRUE,FALSE,1,0,1.0350795202775478,10.177452776173043,9.284794534731224,0.7532908951812136,1.0868334962914252,2000,PPI_noncrossfit
glm_mis,PPI,100,0.05,plugin,TRUE,FALSE,FALSE,1,0,0.9185219905166081,10.015987111818617,9.616396779074947,0.7058003766413335,0.9644480900424386,2000,PPI_crossfit
glm_mis,PPI,100,0.05,plugin,TRUE,FALSE,TRUE,1,0,0.9185219905166081,10.015987111818617,9.616396779074947,0.7058003766413335,0.9644480900424386,2000,PPI_crossfit
glm_mis,PPI,100,0.05,plugin,TRUE,TRUE,FALSE,1,0,0.9185219905166081,10.015987111818617,9.616396779074947,0.7058003766413335,0.9644480900424386,2000,PPI_crossfit
glm_mis,PPI,150,0.05,plugin,FALSE,FALSE,FALSE,1,0,0.9772192052344061,10.314694552323946,8.791159780953311,0.7517249303590751,1.0505106456269866,2000,PPI_noncrossfit
glm_mis,PPI,150,0.05,plugin,FALSE,FALSE,TRUE,1,0,0.9772192052344061,10.314694552323946,8.791159780953311,0.7517249303590751,1.0505106456269866,2000,PPI_noncrossfit
glm_mis,PPI,150,0.05,plugin,FALSE,TRUE,FALSE,1,0,0.9772192052344061,10.314694552323946,8.791159780953311,0.7517249303590751,1.0505106456269866,2000,PPI_noncrossfit
glm_mis,PPI,150,0.05,plugin,TRUE,FALSE,FALSE,1,0,0.9090405106383674,9.934372447605242,8.905466220066447,0.7209874222024113,0.977218548936245,2000,PPI_crossfit
glm_mis,PPI,150,0.05,plugin,TRUE,FALSE,TRUE,1,0,0.9090405106383674,9.934372447605242,8.905466220066447,0.7209874222024113,0.977218548936245,2000,PPI_crossfit
glm_mis,PPI,150,0.05,plugin,TRUE,TRUE,FALSE,1,0,0.9090405106383674,9.934372447605242,8.905466220066447,0.7209874222024113,0.977218548936245,2000,PPI_crossfit
glm_mis,PPI,200,0.05,plugin,FALSE,FALSE,FALSE,1,0,0.9488748882051056,10.17826812183268,8.870314995751736,0.7486061508357796,1.0437623770256161,2000,PPI_noncrossfit
glm_mis,PPI,200,0.05,plugin,FALSE,FALSE,TRUE,1,0,0.9488748882051056,10.17826812183268,8.870314995751736,0.7486061508357796,1.0437623770256161,2000,PPI_noncrossfit
glm_mis,PPI,200,0.05,plugin,FALSE,TRUE,FALSE,1,0,0.9488748882051056,10.17826812183268,8.870314995751736,0.7486061508357796,1.0437623770256161,2000,PPI_noncrossfit
glm_mis,PPI,200,0.05,plugin,TRUE,FALSE,FALSE,1,0,0.892351632619633,10.02057896051697,8.863465706700492,0.7249935637558934,0.9815867958815964,2000,PPI_crossfit
glm_mis,PPI,200,0.05,plugin,TRUE,FALSE,TRUE,1,0,0.892351632619633,10.02057896051697,8.863465706700492,0.7249935637558934,0.9815867958815964,2000,PPI_crossfit
glm_mis,PPI,200,0.05,plugin,TRUE,TRUE,FALSE,1,0,0.892351632619633,10.02057896051697,8.863465706700492,0.7249935637558934,0.9815867958815964,2000,PPI_crossfit
glm_mis,PPI,300,0.05,plugin,FALSE,FALSE,FALSE,1,0,0.8927897157583149,10.335007808524008,8.367328785897534,0.7506892510289755,1.026708173122062,2000,PPI_noncrossfit
glm_mis,PPI,300,0.05,plugin,FALSE,FALSE,TRUE,1,0,0.8927897157583149,10.335007808524008,8.367328785897534,0.7506892510289755,1.026708173122062,2000,PPI_noncrossfit
glm_mis,PPI,300,0.05,plugin,FALSE,TRUE,FALSE,1,0,0.8927897157583149,10.335007808524008,8.367328785897534,0.7506892510289755,1.026708173122062,2000,PPI_noncrossfit
glm_mis,PPI,300,0.05,plugin,TRUE,FALSE,FALSE,1,0,0.8584148208866758,9.920563382609116,8.544188195513868,0.7305949729344714,0.987177044019677,2000,PPI_crossfit
glm_mis,PPI,300,0.05,plugin,TRUE,FALSE,TRUE,1,0,0.8584148208866758,9.920563382609116,8.544188195513868,0.7305949729344714,0.987177044019677,2000,PPI_crossfit
glm_mis,PPI,300,0.05,plugin,TRUE,TRUE,FALSE,1,0,0.8584148208866758,9.920563382609116,8.544188195513868,0.7305949729344714,0.987177044019677,2000,PPI_crossfit
glm_mis,PPI++,50,0.05,plugin,FALSE,FALSE,FALSE,0.9135420813896379,0.11043714709452548,0.9786371048070943,10.674146078605297,7.348220233686617,0.7817471157552551,1.0031030324272716,2000,PPI++_noncrossfit
glm_mis,PPI++,50,0.05,plugin,FALSE,FALSE,TRUE,0.8034445095710799,0.23860347336761784,1.0468137404469968,10.95060421049428,8.165501216133535,0.7463313489850375,1.0729840839581717,2000,PPI++_independent_split
glm_mis,PPI++,50,0.05,plugin,FALSE,TRUE,FALSE,0.8588564827099322,0.14449197189898452,0.9187243716974226,9.30785165447589,9.148130848238004,0.6926600890290265,0.9416924809898581,2000,PPI++_crossfit
glm_mis,PPI++,50,0.05,plugin,TRUE,FALSE,FALSE,0.9135420813896379,0.11043714709452548,0.9786371048070943,10.674146078605297,7.348220233686617,0.7817471157552551,1.0031030324272716,2000,PPI++_noncrossfit
glm_mis,PPI++,50,0.05,plugin,TRUE,FALSE,TRUE,0.8034445095710799,0.23860347336761784,1.0468137404469968,10.95060421049428,8.165501216133535,0.7463313489850375,1.0729840839581717,2000,PPI++_independent_split
glm_mis,PPI++,50,0.05,plugin,TRUE,TRUE,FALSE,0.8588564827099322,0.14449197189898452,0.9187243716974226,9.30785165447589,9.148130848238004,0.6926600890290265,0.9416924809898581,2000,PPI++_crossfit
glm_mis,PPI++,100,0.05,plugin,FALSE,FALSE,FALSE,0.9260003319812257,0.08057076505735299,0.956312234834579,10.213568879433732,7.45112716915437,0.7703508027142775,1.004127846576308,2000,PPI++_noncrossfit
glm_mis,PPI++,100,0.05,plugin,FALSE,FALSE,TRUE,0.8669823280481165,0.17448786781166786,1.028048892953238,10.177452776173043,8.763625262561181,0.7532908951812136,1.0794513376009,2000,PPI++_independent_split
glm_mis,PPI++,100,0.05,plugin,FALSE,TRUE,FALSE,0.8806361904081624,0.11353964343023631,0.9190730176374563,10.015987111818617,9.574022553031474,0.7058003766413335,0.9650266685193292,2000,PPI++_crossfit
glm_mis,PPI++,100,0.05,plugin,TRUE,FALSE,FALSE,0.9260003319812257,0.08057076505735299,0.956312234834579,10.213568879433732,7.45112716915437,0.7703508027142775,1.004127846576308,2000,PPI++_noncrossfit
glm_mis,PPI++,100,0.05,plugin,TRUE,FALSE,TRUE,0.8669823280481165,0.17448786781166786,1.028048892953238,10.177452776173043,8.763625262561181,0.7532908951812136,1.0794513376009,2000,PPI++_independent_split
glm_mis,PPI++,100,0.05,plugin,TRUE,TRUE,FALSE,0.8806361904081624,0.11353964343023631,0.9190730176374563,10.015987111818617,9.574022553031474,0.7058003766413335,0.9650266685193292,2000,PPI++_crossfit
glm_mis,PPI++,150,0.05,plugin,FALSE,FALSE,FALSE,0.9228926200896914,0.07549121372195332,0.9347771126244827,10.286999928940123,7.931804348136333,0.7633448424535888,1.0048853960713189,2000,PPI++_noncrossfit
glm_mis,PPI++,150,0.05,plugin,FALSE,FALSE,TRUE,0.8642714539195373,0.15877496502664293,0.9725252020098659,10.314694552323946,8.43561836417465,0.7517249303590751,1.0454645921606058,2000,PPI++_independent_split
glm_mis,PPI++,150,0.05,plugin,FALSE,TRUE,FALSE,0.8856909814305847,0.09001135461702109,0.9107393681733278,9.934372447605242,8.944838033500561,0.7209874222024113,0.9790448207863274,2000,PPI++_crossfit
glm_mis,PPI++,150,0.05,plugin,TRUE,FALSE,FALSE,0.9228926200896914,0.07549121372195332,0.9347771126244827,10.286999928940123,7.931804348136333,0.7633448424535888,1.0048853960713189,2000,PPI++_noncrossfit
glm_mis,PPI++,150,0.05,plugin,TRUE,FALSE,TRUE,0.8642714539195373,0.15877496502664293,0.9725252020098659,10.314694552323946,8.43561836417465,0.7517249303590751,1.0454645921606058,2000,PPI++_independent_split
glm_mis,PPI++,150,0.05,plugin,TRUE,TRUE,FALSE,0.8856909814305847,0.09001135461702109,0.9107393681733278,9.934372447605242,8.944838033500561,0.7209874222024113,0.9790448207863274,2000,PPI++_crossfit
glm_mis,PPI++,200,0.05,plugin,FALSE,FALSE,FALSE,0.9007816436268994,0.07072536208864925,0.9115500267136732,10.036803693791994,7.860346969153956,0.7570152507347321,1.0027050293850406,2000,PPI++_noncrossfit
glm_mis,PPI++,200,0.05,plugin,FALSE,FALSE,TRUE,0.8648860909082872,0.15510375338495153,0.9455045255557846,10.17826812183268,8.636420561558207,0.7486061508357796,1.040054978111363,2000,PPI++_independent_split
glm_mis,PPI++,200,0.05,plugin,FALSE,TRUE,FALSE,0.8778083202337796,0.08081391289739495,0.894418453741821,10.02057896051697,8.920815669391398,0.7249935637558934,0.9838602991160031,2000,PPI++_crossfit
glm_mis,PPI++,200,0.05,plugin,TRUE,FALSE,FALSE,0.9007816436268994,0.07072536208864925,0.9115500267136732,10.036803693791994,7.860346969153956,0.7570152507347321,1.0027050293850406,2000,PPI++_noncrossfit
glm_mis,PPI++,200,0.05,plugin,TRUE,FALSE,TRUE,0.8648860909082872,0.15510375338495153,0.9455045255557846,10.17826812183268,8.636420561558207,0.7486061508357796,1.040054978111363,2000,PPI++_independent_split
glm_mis,PPI++,200,0.05,plugin,TRUE,TRUE,FALSE,0.8778083202337796,0.08081391289739495,0.894418453741821,10.02057896051697,8.920815669391398,0.7249935637558934,0.9838602991160031,2000,PPI++_crossfit
glm_mis,PPI++,300,0.05,plugin,FALSE,FALSE,FALSE,0.8732679488581395,0.06347973682219918,0.8751287131093316,10.127056582663553,8.127958063122882,0.7548088451927707,1.0063980200757312,2000,PPI++_noncrossfit
glm_mis,PPI++,300,0.05,plugin,FALSE,FALSE,TRUE,0.8470863580947836,0.14735735544489045,0.8914948828778654,10.335007808524008,8.222052900942833,0.7506892510289755,1.0252191153095451,2000,PPI++_independent_split
glm_mis,PPI++,300,0.05,plugin,FALSE,TRUE,FALSE,0.8503992802908061,0.06756940180306299,0.8621278588782705,9.920563382609116,8.677644549900963,0.7305949729344714,0.991447037710011,2000,PPI++_crossfit
glm_mis,PPI++,300,0.05,plugin,TRUE,FALSE,FALSE,0.8732679488581395,0.06347973682219918,0.8751287131093316,10.127056582663553,8.127958063122882,0.7548088451927707,1.0063980200757312,2000,PPI++_noncrossfit
glm_mis,PPI++,300,0.05,plugin,TRUE,FALSE,TRUE,0.8470863580947836,0.14735735544489045,0.8914948828778654,10.335007808524008,8.222052900942833,0.7506892510289755,1.0252191153095451,2000,PPI++_independent_split
glm_mis,PPI++,300,0.05,plugin,TRUE,TRUE,FALSE,0.8503992802908061,0.06756940180306299,0.8621278588782705,9.920563382609116,8.677644549900963,0.7305949729344714,0.991447037710011,2000,PPI++_crossfit
glm_wrong,PPI,50,0.05,plugin,FALSE,FALSE,FALSE,1,0,-0.11502134791570472,3.9766533701938345,19.18886008203925,0.10975625364074694,-0.11789688161359732,2000,PPI_noncrossfit
glm_wrong,PPI,50,0.05,plugin,FALSE,FALSE,TRUE,1,0,-0.11502134791570472,3.9766533701938345,19.18886008203925,0.10975625364074694,-0.11789688161359732,2000,PPI_noncrossfit
glm_wrong,PPI,50,0.05,plugin,FALSE,TRUE,FALSE,1,0,-0.11502134791570472,3.9766533701938345,19.18886008203925,0.10975625364074694,-0.11789688161359732,2000,PPI_noncrossfit
glm_wrong,PPI,50,0.05,plugin,TRUE,FALSE,FALSE,1,0,-3.3166236467675327,2.224195111071368,19.54783694117615,0.04509987484047557,-3.399539237936721,2000,PPI_crossfit
glm_wrong,PPI,50,0.05,plugin,TRUE,FALSE,TRUE,1,0,-3.3166236467675327,2.224195111071368,19.54783694117615,0.04509987484047557,-3.399539237936721,2000,PPI_crossfit
glm_wrong,PPI,50,0.05,plugin,TRUE,TRUE,FALSE,1,0,-3.3166236467675327,2.224195111071368,19.54783694117615,0.04509987484047557,-3.399539237936721,2000,PPI_crossfit
glm_wrong,PPI,100,0.05,plugin,FALSE,FALSE,FALSE,1,0,-0.9221089946233945,2.4514312041744244,19.070390885898483,0.1460423151502902,-0.9682144443545643,2000,PPI_noncrossfit
glm_wrong,PPI,100,0.05,plugin,FALSE,FALSE,TRUE,1,0,-0.9221089946233945,2.4514312041744244,19.070390885898483,0.1460423151502902,-0.9682144443545643,2000,PPI_noncrossfit
glm_wrong,PPI,100,0.05,plugin,FALSE,TRUE,FALSE,1,0,-0.9221089946233945,2.4514312041744244,19.070390885898483,0.1460423151502902,-0.9682144443545643,2000,PPI_noncrossfit
glm_wrong,PPI,100,0.05,plugin,TRUE,FALSE,FALSE,1,0,-1.1383588415356372,1.7248281787765,19.62469135128211,0.08995317917038036,-1.1952767836124192,2000,PPI_crossfit
glm_wrong,PPI,100,0.05,plugin,TRUE,FALSE,TRUE,1,0,-1.1383588415356372,1.7248281787765,19.62469135128211,0.08995317917038036,-1.1952767836124192,2000,PPI_crossfit
glm_wrong,PPI,100,0.05,plugin,TRUE,TRUE,FALSE,1,0,-1.1383588415356372,1.7248281787765,19.62469135128211,0.08995317917038036,-1.1952767836124192,2000,PPI_crossfit
glm_wrong,PPI,150,0.05,plugin,FALSE,FALSE,FALSE,1,0,-0.1617908773861271,2.1678868932785846,18.39970295822242,0.1449831584021033,-0.17392519319008665,2000,PPI_noncrossfit
glm_wrong,PPI,150,0.05,plugin,FALSE,FALSE,TRUE,1,0,-0.1617908773861271,2.1678868932785846,18.39970295822242,0.1449831584021033,-0.17392519319008665,2000,PPI_noncrossfit
glm_wrong,PPI,150,0.05,plugin,FALSE,TRUE,FALSE,1,0,-0.1617908773861271,2.1678868932785846,18.39970295822242,0.1449831584021033,-0.17392519319008665,2000,PPI_noncrossfit
glm_wrong,PPI,150,0.05,plugin,TRUE,FALSE,FALSE,1,0,-1.1426563107524887,1.5854004562018307,18.45895107026343,0.11790977125316189,-1.2283555340589254,2000,PPI_crossfit
glm_wrong,PPI,150,0.05,plugin,TRUE,FALSE,TRUE,1,0,-1.1426563107524887,1.5854004562018307,18.45895107026343,0.11790977125316189,-1.2283555340589254,2000,PPI_crossfit
glm_wrong,PPI,150,0.05,plugin,TRUE,TRUE,FALSE,1,0,-1.1426563107524887,1.5854004562018307,18.45895107026343,0.11790977125316189,-1.2283555340589254,2000,PPI_crossfit
glm_wrong,PPI,200,0.05,plugin,FALSE,FALSE,FALSE,1,0,1.6745460836187795,1.877533637425832,18.233843319237018,0.1938317683593904,1.8420006919806575,2000,PPI_noncrossfit
glm_wrong,PPI,200,0.05,plugin,FALSE,FALSE,TRUE,1,0,1.6745460836187795,1.877533637425832,18.233843319237018,0.1938317683593904,1.8420006919806575,2000,PPI_noncrossfit
glm_wrong,PPI,200,0.05,plugin,FALSE,TRUE,FALSE,1,0,1.6745460836187795,1.877533637425832,18.233843319237018,0.1938317683593904,1.8420006919806575,2000,PPI_noncrossfit
glm_wrong,PPI,200,0.05,plugin,TRUE,FALSE,FALSE,1,0,-0.3033283610308302,1.558520658691212,18.372817432274765,0.1390226974626022,-0.33366119713391323,2000,PPI_crossfit
glm_wrong,PPI,200,0.05,plugin,TRUE,FALSE,TRUE,1,0,-0.3033283610308302,1.558520658691212,18.372817432274765,0.1390226974626022,-0.33366119713391323,2000,PPI_crossfit
glm_wrong,PPI,200,0.05,plugin,TRUE,TRUE,FALSE,1,0,-0.3033283610308302,1.558520658691212,18.372817432274765,0.1390226974626022,-0.33366119713391323,2000,PPI_crossfit
glm_wrong,PPI,300,0.05,plugin,FALSE,FALSE,FALSE,1,0,1.2869090367707838,1.86532785155277,17.68939368646203,0.2005565881646785,1.4799453922864012,2000,PPI_noncrossfit
glm_wrong,PPI,300,0.05,plugin,FALSE,FALSE,TRUE,1,0,1.2869090367707838,1.86532785155277,17.68939368646203,0.2005565881646785,1.4799453922864012,2000,PPI_noncrossfit
glm_wrong,PPI,300,0.05,plugin,FALSE,TRUE,FALSE,1,0,1.2869090367707838,1.86532785155277,17.68939368646203,0.2005565881646785,1.4799453922864012,2000,PPI_noncrossfit
glm_wrong,PPI,300,0.05,plugin,TRUE,FALSE,FALSE,1,0,-0.6395509128638087,1.3238043361355378,17.89082150311964,0.14862546651250297,-0.7354835497933799,2000,PPI_crossfit
glm_wrong,PPI,300,0.05,plugin,TRUE,FALSE,TRUE,1,0,-0.6395509128638087,1.3238043361355378,17.89082150311964,0.14862546651250297,-0.7354835497933799,2000,PPI_crossfit
glm_wrong,PPI,300,0.05,plugin,TRUE,TRUE,FALSE,1,0,-0.6395509128638087,1.3238043361355378,17.89082150311964,0.14862546651250297,-0.7354835497933799,2000,PPI_crossfit
glm_wrong,PPI++,50,0.05,plugin,FALSE,FALSE,FALSE,0.8372484946329878,0.18950585042717677,0.9610822053847904,2.845381805094409,15.9077609906214,0.3217273536800976,0.9851092605194101,2000,PPI++_noncrossfit
glm_wrong,PPI++,50,0.05,plugin,FALSE,FALSE,TRUE,0.4091717704574677,0.41782346779964485,-0.08040515864699459,3.9766533701938345,15.805136399441924,0.10975625364074694,-0.08241528761316945,2000,PPI++_independent_split
glm_wrong,PPI++,50,0.05,plugin,FALSE,TRUE,FALSE,0.31985327316757084,0.37034786640906986,-2.631301080138165,2.224195111071368,16.027711537525033,0.04509987484047557,-2.697083607141619,2000,PPI++_crossfit
glm_wrong,PPI++,50,0.05,plugin,TRUE,FALSE,FALSE,0.8372484946329878,0.18950585042717677,0.9610822053847904,2.845381805094409,15.9077609906214,0.3217273536800976,0.9851092605194101,2000,PPI++_noncrossfit
glm_wrong,PPI++,50,0.05,plugin,TRUE,FALSE,TRUE,0.4091717704574677,0.41782346779964485,-0.08040515864699459,3.9766533701938345,15.805136399441924,0.10975625364074694,-0.08241528761316945,2000,PPI++_independent_split
glm_wrong,PPI++,50,0.05,plugin,TRUE,TRUE,FALSE,0.31985327316757084,0.37034786640906986,-2.631301080138165,2.224195111071368,16.027711537525033,0.04509987484047557,-2.697083607141619,2000,PPI++_crossfit
glm_wrong,PPI++,100,0.05,plugin,FALSE,FALSE,FALSE,0.8813727178442186,0.14348623558845724,0.9597440891553861,1.865997888414792,16.14947312179691,0.27210067685466705,1.0077312936131555,2000,PPI++_noncrossfit
glm_wrong,PPI++,100,0.05,plugin,FALSE,FALSE,TRUE,0.49208559983513367,0.418124773207987,-0.9056908708283019,2.4514312041744244,17.50224467337231,0.1460423151502902,-0.9509754143697171,2000,PPI++_independent_split
glm_wrong,PPI++,100,0.05,plugin,FALSE,TRUE,FALSE,0.3996341975497102,0.39407452019327344,-0.9962401011050155,1.7248281787765,17.689863657245958,0.08995317917038036,-1.0460521061602663,2000,PPI++_crossfit
glm_wrong,PPI++,100,0.05,plugin,TRUE,FALSE,FALSE,0.8813727178442186,0.14348623558845724,0.9597440891553861,1.865997888414792,16.14947312179691,0.27210067685466705,1.0077312936131555,2000,PPI++_noncrossfit
glm_wrong,PPI++,100,0.05,plugin,TRUE,FALSE,TRUE,0.49208559983513367,0.418124773207987,-0.9056908708283019,2.4514312041744244,17.50224467337231,0.1460423151502902,-0.9509754143697171,2000,PPI++_independent_split
glm_wrong,PPI++,100,0.05,plugin,TRUE,TRUE,FALSE,0.3996341975497102,0.39407452019327344,-0.9962401011050155,1.7248281787765,17.689863657245958,0.08995317917038036,-1.0460521061602663,2000,PPI++_crossfit
glm_wrong,PPI++,150,0.05,plugin,FALSE,FALSE,FALSE,0.88327791086486,0.12675875135873213,0.9329644215977029,1.7203744250385824,16.804832544106066,0.2614422065791154,1.0029367532175306,2000,PPI++_noncrossfit
glm_wrong,PPI++,150,0.05,plugin,FALSE,FALSE,TRUE,0.5359786296676898,0.408375209561262,-0.14192851938072887,2.1678868932785846,17.153831621840574,0.1449831584021033,-0.15257315833428353,2000,PPI++_independent_split
glm_wrong,PPI++,150,0.05,plugin,FALSE,TRUE,FALSE,0.45652852912966235,0.36667592202924837,-1.02447296888747,1.5854004562018307,17.234132501288283,0.11790977125316189,-1.1013084415540304,2000,PPI++_crossfit
glm_wrong,PPI++,150,0.05,plugin,TRUE,FALSE,FALSE,0.88327791086486,0.12675875135873213,0.9329644215977029,1.7203744250385824,16.804832544106066,0.2614422065791154,1.0029367532175306,2000,PPI++_noncrossfit
glm_wrong,PPI++,150,0.05,plugin,TRUE,FALSE,TRUE,0.5359786296676898,0.408375209561262,-0.14192851938072887,2.1678868932785846,17.153831621840574,0.1449831584021033,-0.15257315833428353,2000,PPI++_independent_split
glm_wrong,PPI++,150,0.05,plugin,TRUE,TRUE,FALSE,0.45652852912966235,0.36667592202924837,-1.02447296888747,1.5854004562018307,17.234132501288283,0.11790977125316189,-1.1013084415540304,2000,PPI++_crossfit
glm_wrong,PPI++,200,0.05,plugin,FALSE,FALSE,FALSE,0.8790989311805764,0.113159772560512,0.9086073783092669,1.5257076763067248,16.36865782187432,0.2547972777669294,0.9994681161401936,2000,PPI++_noncrossfit
glm_wrong,PPI++,200,0.05,plugin,FALSE,FALSE,TRUE,0.5999734193126601,0.39033525595644564,1.6791056641682505,1.877533637425832,17.418796055537488,0.1938317683593904,1.8470162305850757,2000,PPI++_independent_split
glm_wrong,PPI++,200,0.05,plugin,FALSE,TRUE,FALSE,0.49947260774061625,0.3660336465492533,-0.2472514930649313,1.558520658691212,17.31778825764133,0.1390226974626022,-0.27197664237142444,2000,PPI++_crossfit
glm_wrong,PPI++,200,0.05,plugin,TRUE,FALSE,FALSE,0.8790989311805764,0.113159772560512,0.9086073783092669,1.5257076763067248,16.36865782187432,0.2547972777669294,0.9994681161401936,2000,PPI++_noncrossfit
glm_wrong,PPI++,200,0.05,plugin,TRUE,FALSE,TRUE,0.5999734193126601,0.39033525595644564,1.6791056641682505,1.877533637425832,17.418796055537488,0.1938317683593904,1.8470162305850757,2000,PPI++_independent_split
glm_wrong,PPI++,200,0.05,plugin,TRUE,TRUE,FALSE,0.49947260774061625,0.3660336465492533,-0.2472514930649313,1.558520658691212,17.31778825764133,0.1390226974626022,-0.27197664237142444,2000,PPI++_crossfit
glm_wrong,PPI++,300,0.05,plugin,FALSE,FALSE,FALSE,0.8641005412695124,0.11144685825973397,0.8742584710030054,1.2719538446756675,16.98066157209321,0.23918374767086176,1.005397241653456,2000,PPI++_noncrossfit
glm_wrong,PPI++,300,0.05,plugin,FALSE,FALSE,TRUE,0.610430191674531,0.367401962502341,1.2887067842861646,1.86532785155277,16.97564229101663,0.2005565881646785,1.4820128019290892,2000,PPI++_independent_split
glm_wrong,PPI++,300,0.05,plugin,FALSE,TRUE,FALSE,0.5168501378593445,0.32913133355853935,-0.5998333374224563,1.3238043361355378,17.246620450761423,0.14862546651250297,-0.6898083380358246,2000,PPI++_crossfit
glm_wrong,PPI++,300,0.05,plugin,TRUE,FALSE,FALSE,0.8641005412695124,0.11144685825973397,0.8742584710030054,1.2719538446756675,16.98066157209321,0.23918374767086176,1.005397241653456,2000,PPI++_noncrossfit
glm_wrong,PPI++,300,0.05,plugin,TRUE,FALSE,TRUE,0.610430191674531,0.367401962502341,1.2887067842861646,1.86532785155277,16.97564229101663,0.2005565881646785,1.4820128019290892,2000,PPI++_independent_split
glm_wrong,PPI++,300,0.05,plugin,TRUE,TRUE,FALSE,0.5168501378593445,0.32913133355853935,-0.5998333374224563,1.3238043361355378,17.246620450761423,0.14862546651250297,-0.6898083380358246,2000,PPI++_crossfit
rf,PPI,50,0.05,plugin,FALSE,FALSE,FALSE,1,0,1.393837943019836,3.434651411885672,11.502886598053085,0.6770690093476815,1.4286838915953317,2000,PPI_noncrossfit
rf,PPI,50,0.05,plugin,FALSE,FALSE,TRUE,1,0,1.393837943019836,3.434651411885672,11.502886598053085,0.6770690093476815,1.4286838915953317,2000,PPI_noncrossfit
rf,PPI,50,0.05,plugin,FALSE,TRUE,FALSE,1,0,1.393837943019836,3.434651411885672,11.502886598053085,0.6770690093476815,1.4286838915953317,2000,PPI_noncrossfit
rf,PPI,50,0.05,plugin,TRUE,FALSE,FALSE,1,0,1.2512542527909447,2.7481640567152574,12.341594290579799,0.6051433169334939,1.2825356091107183,2000,PPI_crossfit
rf,PPI,50,0.05,plugin,TRUE,FALSE,TRUE,1,0,1.2512542527909447,2.7481640567152574,12.341594290579799,0.6051433169334939,1.2825356091107183,2000,PPI_crossfit
rf,PPI,50,0.05,plugin,TRUE,TRUE,FALSE,1,0,1.2512542527909447,2.7481640567152574,12.341594290579799,0.6051433169334939,1.2825356091107183,2000,PPI_crossfit
rf,PPI,100,0.05,plugin,FALSE,FALSE,FALSE,1,0,1.234940976199547,4.8522787684930035,8.817602115940273,0.7700195777063111,1.2966880250095243,2000,PPI_noncrossfit
rf,PPI,100,0.05,plugin,FALSE,FALSE,TRUE,1,0,1.234940976199547,4.8522787684930035,8.817602115940273,0.7700195777063111,1.2966880250095243,2000,PPI_noncrossfit
rf,PPI,100,0.05,plugin,FALSE,TRUE,FALSE,1,0,1.234940976199547,4.8522787684930035,8.817602115940273,0.7700195777063111,1.2966880250095243,2000,PPI_noncrossfit
rf,PPI,100,0.05,plugin,TRUE,FALSE,FALSE,1,0,1.213839010745785,4.0608517295174975,9.370006509809686,0.7411223028680717,1.2745309612830744,2000,PPI_crossfit
rf,PPI,100,0.05,plugin,TRUE,FALSE,TRUE,1,0,1.213839010745785,4.0608517295174975,9.370006509809686,0.7411223028680717,1.2745309612830744,2000,PPI_crossfit
rf,PPI,100,0.05,plugin,TRUE,TRUE,FALSE,1,0,1.213839010745785,4.0608517295174975,9.370006509809686,0.7411223028680717,1.2745309612830744,2000,PPI_crossfit
rf,PPI,150,0.05,plugin,FALSE,FALSE,FALSE,1,0,1.1536389923466672,5.6880652985011935,7.8073109512556105,0.8086902096172435,1.2401619167726672,2000,PPI_noncrossfit
rf,PPI,150,0.05,plugin,FALSE,FALSE,TRUE,1,0,1.1536389923466672,5.6880652985011935,7.8073109512556105,0.8086902096172435,1.2401619167726672,2000,PPI_noncrossfit
rf,PPI,150,0.05,plugin,FALSE,TRUE,FALSE,1,0,1.1536389923466672,5.6880652985011935,7.8073109512556105,0.8086902096172435,1.2401619167726672,2000,PPI_noncrossfit
rf,PPI,150,0.05,plugin,TRUE,FALSE,FALSE,1,0,1.1398105652503359,4.997570334622604,7.725611906977772,0.792587543041049,1.2252963576441112,2000,PPI_crossfit
rf,PPI,150,0.05,plugin,TRUE,FALSE,TRUE,1,0,1.1398105652503359,4.997570334622604,7.725611906977772,0.792587543041049,1.2252963576441112,2000,PPI_crossfit
rf,PPI,150,0.05,plugin,TRUE,TRUE,FALSE,1,0,1.1398105652503359,4.997570334622604,7.725611906977772,0.792587543041049,1.2252963576441112,2000,PPI_crossfit
rf,PPI,200,0.05,plugin,FALSE,FALSE,FALSE,1,0,1.0985692200744313,6.220336700468201,7.2709891031864755,0.8273193793327066,1.2084261420818745,2000,PPI_noncrossfit
rf,PPI,200,0.05,plugin,FALSE,FALSE,TRUE,1,0,1.0985692200744313,6.220336700468201,7.2709891031864755,0.8273193793327066,1.2084261420818745,2000,PPI_noncrossfit
rf,PPI,200,0.05,plugin,FALSE,TRUE,FALSE,1,0,1.0985692200744313,6.220336700468201,7.2709891031864755,0.8273193793327066,1.2084261420818745,2000,PPI_noncrossfit
rf,PPI,200,0.05,plugin,TRUE,FALSE,FALSE,1,0,1.0791767389359075,5.7473655632732035,6.875760182073053,0.8188243425334225,1.1870944128294982,2000,PPI_crossfit
rf,PPI,200,0.05,plugin,TRUE,FALSE,TRUE,1,0,1.0791767389359075,5.7473655632732035,6.875760182073053,0.8188243425334225,1.1870944128294982,2000,PPI_crossfit
rf,PPI,200,0.05,plugin,TRUE,TRUE,FALSE,1,0,1.0791767389359075,5.7473655632732035,6.875760182073053,0.8188243425334225,1.1870944128294982,2000,PPI_crossfit
rf,PPI,300,0.05,plugin,FALSE,FALSE,FALSE,1,0,1.0052953917181426,7.266002149558178,6.070504842566357,0.8564892250430831,1.156089700475864,2000,PPI_noncrossfit
rf,PPI,300,0.05,plugin,FALSE,FALSE,TRUE,1,0,1.0052953917181426,7.266002149558178,6.070504842566357,0.8564892250430831,1.156089700475864,2000,PPI_noncrossfit
rf,PPI,300,0.05,plugin,FALSE,TRUE,FALSE,1,0,1.0052953917181426,7.266002149558178,6.070504842566357,0.8564892250430831,1.156089700475864,2000,PPI_noncrossfit
rf,PPI,300,0.05,plugin,TRUE,FALSE,FALSE,1,0,0.9986505708160759,6.876177764128055,5.860244439323317,0.8531774770242612,1.1484481564384872,2000,PPI_crossfit
rf,PPI,300,0.05,plugin,TRUE,FALSE,TRUE,1,0,0.9986505708160759,6.876177764128055,5.860244439323317,0.8531774770242612,1.1484481564384872,2000,PPI_crossfit
rf,PPI,300,0.05,plugin,TRUE,TRUE,FALSE,1,0,0.9986505708160759,6.876177764128055,5.860244439323317,0.8531774770242612,1.1484481564384872,2000,PPI_crossfit
rf,PPI++,50,0.05,plugin,FALSE,FALSE,FALSE,1,0,1.11427330854341,4.777077988014122,1.9953547565202026,0.9718057076060601,1.142130141256995,2000,PPI++_noncrossfit
rf,PPI++,50,0.05,plugin,FALSE,FALSE,TRUE,0.9247550221518794,0.16431443617795882,1.395830121463752,3.434651411885672,11.51423596910925,0.6770690093476815,1.4307258745003457,2000,PPI++_independent_split
rf,PPI++,50,0.05,plugin,FALSE,TRUE,FALSE,0.9495508537883688,0.14754145875353197,1.2513959208024206,2.7481640567152574,12.263715255650338,0.6051433169334939,1.282680818822481,2000,PPI++_crossfit
rf,PPI++,50,0.05,plugin,TRUE,FALSE,FALSE,1,0,1.11427330854341,4.777077988014122,1.9953547565202026,0.9718057076060601,1.142130141256995,2000,PPI++_noncrossfit
rf,PPI++,50,0.05,plugin,TRUE,FALSE,TRUE,0.9247550221518794,0.16431443617795882,1.395830121463752,3.434651411885672,11.51423596910925,0.6770690093476815,1.4307258745003457,2000,PPI++_independent_split
rf,PPI++,50,0.05,plugin,TRUE,TRUE,FALSE,0.9495508537883688,0.14754145875353197,1.2513959208024206,2.7481640567152574,12.263715255650338,0.6051433169334939,1.282680818822481,2000,PPI++_crossfit
rf,PPI++,100,0.05,plugin,FALSE,FALSE,FALSE,0.999945892039247,0.0012098907836764925,1.0299989479017186,6.2402678896813955,1.4545558247332449,0.9771078881625996,1.0814988952968045,2000,PPI++_noncrossfit
rf,PPI++,100,0.05,plugin,FALSE,FALSE,TRUE,0.951778844533409,0.11157964360852347,1.2384740478569287,4.8522787684930035,8.885735302893007,0.7700195777063111,1.3003977502497752,2000,PPI++_independent_split
rf,PPI++,100,0.05,plugin,FALSE,TRUE,FALSE,0.9857431259473239,0.05908541132758359,1.2145754831399513,4.0608517295174975,9.376535257752488,0.7411223028680717,1.275304257296949,2000,PPI++_crossfit
rf,PPI++,100,0.05,plugin,TRUE,FALSE,FALSE,0.999945892039247,0.0012098907836764925,1.0299989479017186,6.2402678896813955,1.4545558247332449,0.9771078881625996,1.0814988952968045,2000,PPI++_noncrossfit
rf,PPI++,100,0.05,plugin,TRUE,FALSE,TRUE,0.951778844533409,0.11157964360852347,1.2384740478569287,4.8522787684930035,8.885735302893007,0.7700195777063111,1.3003977502497752,2000,PPI++_independent_split
rf,PPI++,100,0.05,plugin,TRUE,TRUE,FALSE,0.9857431259473239,0.05908541132758359,1.2145754831399513,4.0608517295174975,9.376535257752488,0.7411223028680717,1.275304257296949,2000,PPI++_crossfit
rf,PPI++,150,0.05,plugin,FALSE,FALSE,FALSE,0.9998654832029891,0.0018699302857699998,0.9863540010801927,7.320886752796548,1.322484093553592,0.9784003817346008,1.0603305511612071,2000,PPI++_noncrossfit
rf,PPI++,150,0.05,plugin,FALSE,FALSE,TRUE,0.9682522481703945,0.09166993216122547,1.1564561777505422,5.6880652985011935,7.868749378379931,0.8086902096172435,1.243190391081833,2000,PPI++_independent_split
rf,PPI++,150,0.05,plugin,FALSE,TRUE,FALSE,0.9934660582824013,0.028679165576575426,1.1405044193011757,4.997570334622604,7.738804543734542,0.792587543041049,1.2260422507487638,2000,PPI++_crossfit
rf,PPI++,150,0.05,plugin,TRUE,FALSE,FALSE,0.9998654832029891,0.0018699302857699998,0.9863540010801927,7.320886752796548,1.322484093553592,0.9784003817346008,1.0603305511612071,2000,PPI++_noncrossfit
rf,PPI++,150,0.05,plugin,TRUE,FALSE,TRUE,0.9682522481703945,0.09166993216122547,1.1564561777505422,5.6880652985011935,7.868749378379931,0.8086902096172435,1.243190391081833,2000,PPI++_independent_split
rf,PPI++,150,0.05,plugin,TRUE,TRUE,FALSE,0.9934660582824013,0.028679165576575426,1.1405044193011757,4.997570334622604,7.738804543734542,0.792587543041049,1.2260422507487638,2000,PPI++_crossfit
rf,PPI++,200,0.05,plugin,FALSE,FALSE,FALSE,0.9990466678643745,0.008903775024476649,0.9544729082063282,8.100274924428337,1.2186908474226903,0.9802838843172741,1.049920199026961,2000,PPI++_noncrossfit
rf,PPI++,200,0.05,plugin,FALSE,FALSE,TRUE,0.9713646988249438,0.07650949481550297,1.1019051490884515,6.220336700468201,7.355236454667584,0.8273193793327066,1.2120956639972966,2000,PPI++_independent_split
rf,PPI++,200,0.05,plugin,FALSE,TRUE,FALSE,0.9946335867604243,0.02257435096616502,1.0798158693541606,5.7473655632732035,6.888568275749022,0.8188243425334225,1.1877974562895768,2000,PPI++_crossfit
rf,PPI++,200,0.05,plugin,TRUE,FALSE,FALSE,0.9990466678643745,0.008903775024476649,0.9544729082063282,8.100274924428337,1.2186908474226903,0.9802838843172741,1.049920199026961,2000,PPI++_noncrossfit
rf,PPI++,200,0.05,plugin,TRUE,FALSE,TRUE,0.9713646988249438,0.07650949481550297,1.1019051490884515,6.220336700468201,7.355236454667584,0.8273193793327066,1.2120956639972966,2000,PPI++_independent_split
rf,PPI++,200,0.05,plugin,TRUE,TRUE,FALSE,0.9946335867604243,0.02257435096616502,1.0798158693541606,5.7473655632732035,6.888568275749022,0.8188243425334225,1.1877974562895768,2000,PPI++_crossfit
rf,PPI++,300,0.05,plugin,FALSE,FALSE,FALSE,0.9979976326756446,0.013913053375020544,0.8991857853152119,9.202939294229443,1.0020098145234109,0.9826009986379812,1.0340636531124936,2000,PPI++_noncrossfit
rf,PPI++,300,0.05,plugin,FALSE,FALSE,TRUE,0.973120976701717,0.06814859112428408,1.0085766247048142,7.266002149558178,6.15512494009829,0.8564892250430831,1.1598631184105364,2000,PPI++_independent_split
rf,PPI++,300,0.05,plugin,FALSE,TRUE,FALSE,0.9906358040383708,0.029762236078088422,0.9999444803419149,6.876177764128055,5.8896101568963095,0.8531774770242612,1.149936152393202,2000,PPI++_crossfit
rf,PPI++,300,0.05,plugin,TRUE,FALSE,FALSE,0.9979976326756446,0.013913053375020544,0.8991857853152119,9.202939294229443,1.0020098145234109,0.9826009986379812,1.0340636531124936,2000,PPI++_noncrossfit
rf,PPI++,300,0.05,plugin,TRUE,FALSE,TRUE,0.973120976701717,0.06814859112428408,1.0085766247048142,7.266002149558178,6.15512494009829,0.8564892250430831,1.1598631184105364,2000,PPI++_independent_split
rf,PPI++,300,0.05,plugin,TRUE,TRUE,FALSE,0.9906358040383708,0.029762236078088422,0.9999444803419149,6.876177764128055,5.8896101568963095,0.8531774770242612,1.149936152393202,2000,PPI++_crossfit
glm_correct,PPI,50,0.1,plugin,FALSE,FALSE,FALSE,1,0,0.9615152477348147,17.43043668003169,1.276781381842545,0.9490148197120085,0.9855531289281849,2000,PPI_noncrossfit
glm_correct,PPI,50,0.1,plugin,FALSE,FALSE,TRUE,1,0,0.9615152477348147,17.43043668003169,1.276781381842545,0.9490148197120085,0.9855531289281849,2000,PPI_noncrossfit
glm_correct,PPI,50,0.1,plugin,FALSE,TRUE,FALSE,1,0,0.9615152477348147,17.43043668003169,1.276781381842545,0.9490148197120085,0.9855531289281849,2000,PPI_noncrossfit
glm_correct,PPI,50,0.1,plugin,TRUE,FALSE,FALSE,1,0,0.9596470211632628,17.368486294025903,1.3961166606428488,0.9453169012438382,0.9836381966923443,2000,PPI_crossfit
glm_correct,PPI,50,0.1,plugin,TRUE,FALSE,TRUE,1,0,0.9596470211632628,17.368486294025903,1.3961166606428488,0.9453169012438382,0.9836381966923443,2000,PPI_crossfit
glm_correct,PPI,50,0.1,plugin,TRUE,TRUE,FALSE,1,0,0.9596470211632628,17.368486294025903,1.3961166606428488,0.9453169012438382,0.9836381966923443,2000,PPI_crossfit
glm_correct,PPI,100,0.1,plugin,FALSE,FALSE,FALSE,1,0,0.9479602388008264,17.087194411739247,1.0666643465646402,0.9649700402818863,0.9953582507408677,2000,PPI_noncrossfit
glm_correct,PPI,100,0.1,plugin,FALSE,FALSE,TRUE,1,0,0.9479602388008264,17.087194411739247,1.0666643465646402,0.9649700402818863,0.9953582507408677,2000,PPI_noncrossfit
glm_correct,PPI,100,0.1,plugin,FALSE,TRUE,FALSE,1,0,0.9479602388008264,17.087194411739247,1.0666643465646402,0.9649700402818863,0.9953582507408677,2000,PPI_noncrossfit
glm_correct,PPI,100,0.1,plugin,TRUE,FALSE,FALSE,1,0,0.9460268176940897,17.012824821430815,1.1214236744999968,0.9615069902323784,0.9933281585787942,2000,PPI_crossfit
glm_correct,PPI,100,0.1,plugin,TRUE,FALSE,TRUE,1,0,0.9460268176940897,17.012824821430815,1.1214236744999968,0.9615069902323784,0.9933281585787942,2000,PPI_crossfit
glm_correct,PPI,100,0.1,plugin,TRUE,TRUE,FALSE,1,0,0.9460268176940897,17.012824821430815,1.1214236744999968,0.9615069902323784,0.9933281585787942,2000,PPI_crossfit
glm_correct,PPI,150,0.1,plugin,FALSE,FALSE,FALSE,1,0,0.9267832431374059,16.897757578676213,1.0579157160209485,0.96585248162913,0.9962919863727113,2000,PPI_noncrossfit
glm_correct,PPI,150,0.1,plugin,FALSE,FALSE,TRUE,1,0,0.9267832431374059,16.897757578676213,1.0579157160209485,0.96585248162913,0.9962919863727113,2000,PPI_noncrossfit
glm_correct,PPI,150,0.1,plugin,FALSE,TRUE,FALSE,1,0,0.9267832431374059,16.897757578676213,1.0579157160209485,0.96585248162913,0.9962919863727113,2000,PPI_noncrossfit
glm_correct,PPI,150,0.1,plugin,TRUE,FALSE,FALSE,1,0,0.9257039581397399,17.086765940553825,1.0735184481054765,0.9646678840924694,0.9951317550002204,2000,PPI_crossfit
glm_correct,PPI,150,0.1,plugin,TRUE,FALSE,TRUE,1,0,0.9257039581397399,17.086765940553825,1.0735184481054765,0.9646678840924694,0.9951317550002204,2000,PPI_crossfit
glm_correct,PPI,150,0.1,plugin,TRUE,TRUE,FALSE,1,0,0.9257039581397399,17.086765940553825,1.0735184481054765,0.9646678840924694,0.9951317550002204,2000,PPI_crossfit
glm_correct,PPI,200,0.1,plugin,FALSE,FALSE,FALSE,1,0,0.9068105205123267,16.919910521992787,1.0345031122674606,0.9677453212929374,0.9974915725635594,2000,PPI_noncrossfit
glm_correct,PPI,200,0.1,plugin,FALSE,FALSE,TRUE,1,0,0.9068105205123267,16.919910521992787,1.0345031122674606,0.9677453212929374,0.9974915725635594,2000,PPI_noncrossfit
glm_correct,PPI,200,0.1,plugin,FALSE,TRUE,FALSE,1,0,0.9068105205123267,16.919910521992787,1.0345031122674606,0.9677453212929374,0.9974915725635594,2000,PPI_noncrossfit
glm_correct,PPI,200,0.1,plugin,TRUE,FALSE,FALSE,1,0,0.9060163469090142,16.984630587744977,1.0532612561360828,0.9666596494498496,0.9966179815999157,2000,PPI_crossfit
glm_correct,PPI,200,0.1,plugin,TRUE,FALSE,TRUE,1,0,0.9060163469090142,16.984630587744977,1.0532612561360828,0.9666596494498496,0.9966179815999157,2000,PPI_crossfit
glm_correct,PPI,200,0.1,plugin,TRUE,TRUE,FALSE,1,0,0.9060163469090142,16.984630587744977,1.0532612561360828,0.9666596494498496,0.9966179815999157,2000,PPI_crossfit
glm_correct,PPI,300,0.1,plugin,FALSE,FALSE,FALSE,1,0,0.8676188066462989,17.075041451500223,1.0223479041589634,0.9685799641022974,0.9977616276432436,2000,PPI_noncrossfit
glm_correct,PPI,300,0.1,plugin,FALSE,FALSE,TRUE,1,0,0.8676188066462989,17.075041451500223,1.0223479041589634,0.9685799641022974,0.9977616276432436,2000,PPI_noncrossfit
glm_correct,PPI,300,0.1,plugin,FALSE,TRUE,FALSE,1,0,0.8676188066462989,17.075041451500223,1.0223479041589634,0.9685799641022974,0.9977616276432436,2000,PPI_noncrossfit
glm_correct,PPI,300,0.1,plugin,TRUE,FALSE,FALSE,1,0,0.8672933108206086,17.032780574279585,1.039183003911575,0.9677857598002145,0.9973873074436997,2000,PPI_crossfit
glm_correct,PPI,300,0.1,plugin,TRUE,FALSE,TRUE,1,0,0.8672933108206086,17.032780574279585,1.039183003911575,0.9677857598002145,0.9973873074436997,2000,PPI_crossfit
glm_correct,PPI,300,0.1,plugin,TRUE,TRUE,FALSE,1,0,0.8672933108206086,17.032780574279585,1.039183003911575,0.9677857598002145,0.9973873074436997,2000,PPI_crossfit
glm_correct,PPI++,50,0.1,plugin,FALSE,FALSE,FALSE,0.7261623617046269,0.2706462923097799,0.9886951639681655,16.984770458208136,1.9785143715317277,0.9600541545725166,1.0134125430673695,2000,PPI++_noncrossfit
glm_correct,PPI++,50,0.1,plugin,FALSE,FALSE,TRUE,0.6839734902216453,0.275929182753045,0.9874939675496025,17.43043668003169,2.3250751624375763,0.9490148197120085,1.0121813167383424,2000,PPI++_independent_split
glm_correct,PPI++,50,0.1,plugin,FALSE,TRUE,FALSE,0.6965215954080625,0.2613171722842752,0.9851561574257589,17.368486294025903,2.440236975088848,0.9453169012438382,1.0097850613614028,2000,PPI++_crossfit
glm_correct,PPI++,50,0.1,plugin,TRUE,FALSE,FALSE,0.7261623617046269,0.2706462923097799,0.9886951639681655,16.984770458208136,1.9785143715317277,0.9600541545725166,1.0134125430673695,2000,PPI++_noncrossfit
glm_correct,PPI++,50,0.1,plugin,TRUE,FALSE,TRUE,0.6839734902216453,0.275929182753045,0.9874939675496025,17.43043668003169,2.3250751624375763,0.9490148197120085,1.0121813167383424,2000,PPI++_independent_split
glm_correct,PPI++,50,0.1,plugin,TRUE,TRUE,FALSE,0.6965215954080625,0.2613171722842752,0.9851561574257589,17.368486294025903,2.440236975088848,0.9453169012438382,1.0097850613614028,2000,PPI++_crossfit
glm_correct,PPI++,100,0.1,plugin,FALSE,FALSE,FALSE,0.7806060906555916,0.22357513879766347,0.9671187463548981,17.057086100131947,1.8300883384915543,0.9659520331594825,1.0154746836726432,2000,PPI++_noncrossfit
glm_correct,PPI++,100,0.1,plugin,FALSE,FALSE,TRUE,0.7854537300317059,0.22163306892306595,0.968052863659294,17.087194411739247,1.8829279261718297,0.9649700402818863,1.0164555068422587,2000,PPI++_independent_split
glm_correct,PPI++,100,0.1,plugin,FALSE,TRUE,FALSE,0.7861659816874043,0.2265477264292535,0.9660527086927642,17.012824821430815,1.9396825015174033,0.9615069902323784,1.0143553441274025,2000,PPI++_crossfit
glm_correct,PPI++,100,0.1,plugin,TRUE,FALSE,FALSE,0.7806060906555916,0.22357513879766347,0.9671187463548981,17.057086100131947,1.8300883384915543,0.9659520331594825,1.0154746836726432,2000,PPI++_noncrossfit
glm_correct,PPI++,100,0.1,plugin,TRUE,FALSE,TRUE,0.7854537300317059,0.22163306892306595,0.968052863659294,17.087194411739247,1.8829279261718297,0.9649700402818863,1.0164555068422587,2000,PPI++_independent_split
glm_correct,PPI++,100,0.1,plugin,TRUE,TRUE,FALSE,0.7861659816874043,0.2265477264292535,0.9660527086927642,17.012824821430815,1.9396825015174033,0.9615069902323784,1.0143553441274025,2000,PPI++_crossfit
glm_correct,PPI++,150,0.1,plugin,FALSE,FALSE,FALSE,0.810353517897356,0.20024855509376288,0.9443354651935828,17.032209106555637,1.7303968659379463,0.968052297935601,1.0151606250831016,2000,PPI++_noncrossfit
glm_correct,PPI++,150,0.1,plugin,FALSE,FALSE,TRUE,0.8035319804191473,0.19802420302404047,0.9453083162161673,16.897757578676213,1.8305192610611094,0.96585248162913,1.0162064399323798,2000,PPI++_independent_split
glm_correct,PPI++,150,0.1,plugin,FALSE,TRUE,FALSE,0.8012531604378856,0.20470199595019822,0.9442301010209269,17.086765940553825,1.8714612468362846,0.9646678840924694,1.0150473585974964,2000,PPI++_crossfit
glm_correct,PPI++,150,0.1,plugin,TRUE,FALSE,FALSE,0.810353517897356,0.20024855509376288,0.9443354651935828,17.032209106555637,1.7303968659379463,0.968052297935601,1.0151606250831016,2000,PPI++_noncrossfit
glm_correct,PPI++,150,0.1,plugin,TRUE,FALSE,TRUE,0.8035319804191473,0.19802420302404047,0.9453083162161673,16.897757578676213,1.8305192610611094,0.96585248162913,1.0162064399323798,2000,PPI++_independent_split
glm_correct,PPI++,150,0.1,plugin,TRUE,TRUE,FALSE,0.8012531604378856,0.20470199595019822,0.9442301010209269,17.086765940553825,1.8714612468362846,0.9646678840924694,1.0150473585974964,2000,PPI++_crossfit
glm_correct,PPI++,200,0.1,plugin,FALSE,FALSE,FALSE,0.806999749776501,0.18676012551120658,0.9235037099796111,17.081440219421673,1.7606294412249832,0.9680065715868642,1.0158540809775722,2000,PPI++_noncrossfit
glm_correct,PPI++,200,0.1,plugin,FALSE,FALSE,TRUE,0.8174194347713876,0.18803328434028105,0.9234979902283623,16.919910521992787,1.7545918908059635,0.9677453212929374,1.0158477892511986,2000,PPI++_independent_split
glm_correct,PPI++,200,0.1,plugin,FALSE,TRUE,FALSE,0.818904270848704,0.1861806106736234,0.922223796494278,16.984630587744977,1.7434334571147996,0.9666596494498496,1.0144461761437058,2000,PPI++_crossfit
glm_correct,PPI++,200,0.1,plugin,TRUE,FALSE,FALSE,0.806999749776501,0.18676012551120658,0.9235037099796111,17.081440219421673,1.7606294412249832,0.9680065715868642,1.0158540809775722,2000,PPI++_noncrossfit
glm_correct,PPI++,200,0.1,plugin,TRUE,FALSE,TRUE,0.8174194347713876,0.18803328434028105,0.9234979902283623,16.919910521992787,1.7545918908059635,0.9677453212929374,1.0158477892511986,2000,PPI++_independent_split
glm_correct,PPI++,200,0.1,plugin,TRUE,TRUE,FALSE,0.818904270848704,0.1861806106736234,0.922223796494278,16.984630587744977,1.7434334571147996,0.9666596494498496,1.0144461761437058,2000,PPI++_crossfit
glm_correct,PPI++,300,0.1,plugin,FALSE,FALSE,FALSE,0.816366502213733,0.16761298321091647,0.8845518272534736,16.92028705774451,1.7368370919575467,0.9696097578446224,1.0172346013414946,2000,PPI++_noncrossfit
glm_correct,PPI++,300,0.1,plugin,FALSE,FALSE,TRUE,0.8105382238379254,0.16968319833865797,0.8845737707039035,17.075041451500223,1.7812420311321513,0.9685799641022974,1.017259836309489,2000,PPI++_independent_split
glm_correct,PPI++,300,0.1,plugin,FALSE,TRUE,FALSE,0.8055621637559176,0.1737292928818494,0.8849561655464278,17.032780574279585,1.8367471594188713,0.9677857598002145,1.0176995903783919,2000,PPI++_crossfit
glm_correct,PPI++,300,0.1,plugin,TRUE,FALSE,FALSE,0.816366502213733,0.16761298321091647,0.8845518272534736,16.92028705774451,1.7368370919575467,0.9696097578446224,1.0172346013414946,2000,PPI++_noncrossfit
glm_correct,PPI++,300,0.1,plugin,TRUE,FALSE,TRUE,0.8105382238379254,0.16968319833865797,0.8845737707039035,17.075041451500223,1.7812420311321513,0.9685799641022974,1.017259836309489,2000,PPI++_independent_split
glm_correct,PPI++,300,0.1,plugin,TRUE,TRUE,FALSE,0.8055621637559176,0.1737292928818494,0.8849561655464278,17.032780574279585,1.8367471594188713,0.9677857598002145,1.0176995903783919,2000,PPI++_crossfit
glm_mis,PPI,50,0.1,plugin,FALSE,FALSE,FALSE,1,0,1.0608301851420936,10.95060421049428,9.330148726432821,0.7463313489850375,1.0873509397706458,2000,PPI_noncrossfit
glm_mis,PPI,50,0.1,plugin,FALSE,FALSE,TRUE,1,0,1.0608301851420936,10.95060421049428,9.330148726432821,0.7463313489850375,1.0873509397706458,2000,PPI_noncrossfit
glm_mis,PPI,50,0.1,plugin,FALSE,TRUE,FALSE,1,0,1.0608301851420936,10.95060421049428,9.330148726432821,0.7463313489850375,1.0873509397706458,2000,PPI_noncrossfit
glm_mis,PPI,50,0.1,plugin,TRUE,FALSE,FALSE,1,0,0.9200807205999597,9.30785165447589,9.30305219974046,0.6926600890290265,0.9430827386149586,2000,PPI_crossfit
glm_mis,PPI,50,0.1,plugin,TRUE,FALSE,TRUE,1,0,0.9200807205999597,9.30785165447589,9.30305219974046,0.6926600890290265,0.9430827386149586,2000,PPI_crossfit
glm_mis,PPI,50,0.1,plugin,TRUE,TRUE,FALSE,1,0,0.9200807205999597,9.30785165447589,9.30305219974046,0.6926600890290265,0.9430827386149586,2000,PPI_crossfit
glm_mis,PPI,100,0.1,plugin,FALSE,FALSE,FALSE,1,0,1.0350795202775478,10.177452776173043,9.284794534731224,0.7532908951812136,1.0868334962914252,2000,PPI_noncrossfit
glm_mis,PPI,100,0.1,plugin,FALSE,FALSE,TRUE,1,0,1.0350795202775478,10.177452776173043,9.284794534731224,0.7532908951812136,1.0868334962914252,2000,PPI_noncrossfit
glm_mis,PPI,100,0.1,plugin,FALSE,TRUE,FALSE,1,0,1.0350795202775478,10.177452776173043,9.284794534731224,0.7532908951812136,1.0868334962914252,2000,PPI_noncrossfit
glm_mis,PPI,100,0.1,plugin,TRUE,FALSE,FALSE,1,0,0.9185219905166081,10.015987111818617,9.616396779074945,0.7058003766413335,0.9644480900424386,2000,PPI_crossfit
glm_mis,PPI,100,0.1,plugin,TRUE,FALSE,TRUE,1,0,0.9185219905166081,10.015987111818617,9.616396779074945,0.7058003766413335,0.9644480900424386,2000,PPI_crossfit
glm_mis,PPI,100,0.1,plugin,TRUE,TRUE,FALSE,1,0,0.9185219905166081,10.015987111818617,9.616396779074945,0.7058003766413335,0.9644480900424386,2000,PPI_crossfit
glm_mis,PPI,150,0.1,plugin,FALSE,FALSE,FALSE,1,0,0.9772192052344061,10.314694552323946,8.791159780953311,0.7517249303590751,1.0505106456269866,2000,PPI_noncrossfit
glm_mis,PPI,150,0.1,plugin,FALSE,FALSE,TRUE,1,0,0.9772192052344061,10.314694552323946,8.791159780953311,0.7517249303590751,1.0505106456269866,2000,PPI_noncrossfit
glm_mis,PPI,150,0.1,plugin,FALSE,TRUE,FALSE,1,0,0.9772192052344061,10.314694552323946,8.791159780953311,0.7517249303590751,1.0505106456269866,2000,PPI_noncrossfit
glm_mis,PPI,150,0.1,plugin,TRUE,FALSE,FALSE,1,0,0.9090405106383674,9.934372447605242,8.905466220066447,0.7209874222024113,0.977218548936245,2000,PPI_crossfit
glm_mis,PPI,150,0.1,plugin,TRUE,FALSE,TRUE,1,0,0.9090405106383674,9.934372447605242,8.905466220066447,0.7209874222024113,0.977218548936245,2000,PPI_crossfit
glm_mis,PPI,150,0.1,plugin,TRUE,TRUE,FALSE,1,0,0.9090405106383674,9.934372447605242,8.905466220066447,0.7209874222024113,0.977218548936245,2000,PPI_crossfit
glm_mis,PPI,200,0.1,plugin,FALSE,FALSE,FALSE,1,0,0.9488748882051056,10.17826812183268,8.870314995751736,0.7486061508357796,1.0437623770256161,2000,PPI_noncrossfit
glm_mis,PPI,200,0.1,plugin,FALSE,FALSE,TRUE,1,0,0.9488748882051056,10.17826812183268,8.870314995751736,0.7486061508357796,1.0437623770256161,2000,PPI_noncrossfit
glm_mis,PPI,200,0.1,plugin,FALSE,TRUE,FALSE,1,0,0.9488748882051056,10.17826812183268,8.870314995751736,0.7486061508357796,1.0437623770256161,2000,PPI_noncrossfit
glm_mis,PPI,200,0.1,plugin,TRUE,FALSE,FALSE,1,0,0.892351632619633,10.02057896051697,8.863465706700492,0.7249935637558934,0.9815867958815964,2000,PPI_crossfit
glm_mis,PPI,200,0.1,plugin,TRUE,FALSE,TRUE,1,0,0.892351632619633,10.02057896051697,8.863465706700492,0.7249935637558934,0.9815867958815964,2000,PPI_crossfit
glm_mis,PPI,200,0.1,plugin,TRUE,TRUE,FALSE,1,0,0.892351632619633,10.02057896051697,8.863465706700492,0.7249935637558934,0.9815867958815964,2000,PPI_crossfit
glm_mis,PPI,300,0.1,plugin,FALSE,FALSE,FALSE,1,0,0.8927897157583149,10.335007808524008,8.367328785897534,0.7506892510289755,1.026708173122062,2000,PPI_noncrossfit
glm_mis,PPI,300,0.1,plugin,FALSE,FALSE,TRUE,1,0,0.8927897157583149,10.335007808524008,8.367328785897534,0.7506892510289755,1.026708173122062,2000,PPI_noncrossfit
glm_mis,PPI,300,0.1,plugin,FALSE,TRUE,FALSE,1,0,0.8927897157583149,10.335007808524008,8.367328785897534,0.7506892510289755,1.026708173122062,2000,PPI_noncrossfit
glm_mis,PPI,300,0.1,plugin,TRUE,FALSE,FALSE,1,0,0.8584148208866758,9.920563382609116,8.544188195513868,0.7305949729344714,0.987177044019677,2000,PPI_crossfit
glm_mis,PPI,300,0.1,plugin,TRUE,FALSE,TRUE,1,0,0.8584148208866758,9.920563382609116,8.544188195513868,0.7305949729344714,0.987177044019677,2000,PPI_crossfit
glm_mis,PPI,300,0.1,plugin,TRUE,TRUE,FALSE,1,0,0.8584148208866758,9.920563382609116,8.544188195513868,0.7305949729344714,0.987177044019677,2000,PPI_crossfit
glm_mis,PPI++,50,0.1,plugin,FALSE,FALSE,FALSE,0.9135420813896379,0.11043714709452548,0.9786371048070943,10.674146078605297,7.348220233686617,0.7817471157552551,1.0031030324272716,2000,PPI++_noncrossfit
glm_mis,PPI++,50,0.1,plugin,FALSE,FALSE,TRUE,0.8034445095710799,0.23860347336761784,1.0468137404469968,10.95060421049428,8.165501216133535,0.7463313489850375,1.0729840839581717,2000,PPI++_independent_split
glm_mis,PPI++,50,0.1,plugin,FALSE,TRUE,FALSE,0.8588564827099322,0.1444919718989845,0.9187243716974226,9.30785165447589,9.148130848238004,0.6926600890290265,0.9416924809898581,2000,PPI++_crossfit
glm_mis,PPI++,50,0.1,plugin,TRUE,FALSE,FALSE,0.9135420813896379,0.11043714709452548,0.9786371048070943,10.674146078605297,7.348220233686617,0.7817471157552551,1.0031030324272716,2000,PPI++_noncrossfit
glm_mis,PPI++,50,0.1,plugin,TRUE,FALSE,TRUE,0.8034445095710799,0.23860347336761784,1.0468137404469968,10.95060421049428,8.165501216133535,0.7463313489850375,1.0729840839581717,2000,PPI++_independent_split
glm_mis,PPI++,50,0.1,plugin,TRUE,TRUE,FALSE,0.8588564827099322,0.1444919718989845,0.9187243716974226,9.30785165447589,9.148130848238004,0.6926600890290265,0.9416924809898581,2000,PPI++_crossfit
glm_mis,PPI++,100,0.1,plugin,FALSE,FALSE,FALSE,0.9260003319812257,0.08057076505735297,0.956312234834579,10.213568879433732,7.45112716915437,0.7703508027142775,1.004127846576308,2000,PPI++_noncrossfit
glm_mis,PPI++,100,0.1,plugin,FALSE,FALSE,TRUE,0.8669823280481165,0.17448786781166786,1.028048892953238,10.177452776173043,8.763625262561181,0.7532908951812136,1.0794513376009,2000,PPI++_independent_split
glm_mis,PPI++,100,0.1,plugin,FALSE,TRUE,FALSE,0.8806361904081624,0.11353964343023631,0.9190730176374563,10.015987111818617,9.574022553031474,0.7058003766413335,0.9650266685193292,2000,PPI++_crossfit
glm_mis,PPI++,100,0.1,plugin,TRUE,FALSE,FALSE,0.9260003319812257,0.08057076505735297,0.956312234834579,10.213568879433732,7.45112716915437,0.7703508027142775,1.004127846576308,2000,PPI++_noncrossfit
glm_mis,PPI++,100,0.1,plugin,TRUE,FALSE,TRUE,0.8669823280481165,0.17448786781166786,1.028048892953238,10.177452776173043,8.763625262561181,0.7532908951812136,1.0794513376009,2000,PPI++_independent_split
glm_mis,PPI++,100,0.1,plugin,TRUE,TRUE,FALSE,0.8806361904081624,0.11353964343023631,0.9190730176374563,10.015987111818617,9.574022553031474,0.7058003766413335,0.9650266685193292,2000,PPI++_crossfit
glm_mis,PPI++,150,0.1,plugin,FALSE,FALSE,FALSE,0.9228926200896914,0.07549121372195332,0.9347771126244827,10.286999928940123,7.931804348136333,0.7633448424535888,1.0048853960713189,2000,PPI++_noncrossfit
glm_mis,PPI++,150,0.1,plugin,FALSE,FALSE,TRUE,0.8642714539195373,0.1587749650266429,0.9725252020098659,10.314694552323946,8.43561836417465,0.7517249303590751,1.0454645921606058,2000,PPI++_independent_split
glm_mis,PPI++,150,0.1,plugin,FALSE,TRUE,FALSE,0.8856909814305847,0.0900113546170211,0.9107393681733278,9.934372447605242,8.944838033500561,0.7209874222024113,0.9790448207863274,2000,PPI++_crossfit
glm_mis,PPI++,150,0.1,plugin,TRUE,FALSE,FALSE,0.9228926200896914,0.07549121372195332,0.9347771126244827,10.286999928940123,7.931804348136333,0.7633448424535888,1.0048853960713189,2000,PPI++_noncrossfit
glm_mis,PPI++,150,0.1,plugin,TRUE,FALSE,TRUE,0.8642714539195373,0.1587749650266429,0.9725252020098659,10.314694552323946,8.43561836417465,0.7517249303590751,1.0454645921606058,2000,PPI++_independent_split
glm_mis,PPI++,150,0.1,plugin,TRUE,TRUE,FALSE,0.8856909814305847,0.0900113546170211,0.9107393681733278,9.934372447605242,8.944838033500561,0.7209874222024113,0.9790448207863274,2000,PPI++_crossfit
glm_mis,PPI++,200,0.1,plugin,FALSE,FALSE,FALSE,0.9007816436268994,0.07072536208864925,0.9115500267136732,10.036803693791994,7.860346969153956,0.7570152507347321,1.0027050293850406,2000,PPI++_noncrossfit
glm_mis,PPI++,200,0.1,plugin,FALSE,FALSE,TRUE,0.8648860909082872,0.15510375338495153,0.9455045255557846,10.17826812183268,8.636420561558207,0.7486061508357796,1.040054978111363,2000,PPI++_independent_split
glm_mis,PPI++,200,0.1,plugin,FALSE,TRUE,FALSE,0.8778083202337796,0.08081391289739495,0.894418453741821,10.02057896051697,8.920815669391398,0.7249935637558934,0.9838602991160031,2000,PPI++_crossfit
glm_mis,PPI++,200,0.1,plugin,TRUE,FALSE,FALSE,0.9007816436268994,0.07072536208864925,0.9115500267136732,10.036803693791994,7.860346969153956,0.7570152507347321,1.0027050293850406,2000,PPI++_noncrossfit
glm_mis,PPI++,200,0.1,plugin,TRUE,FALSE,TRUE,0.8648860909082872,0.15510375338495153,0.9455045255557846,10.17826812183268,8.636420561558207,0.7486061508357796,1.040054978111363,2000,PPI++_independent_split
glm_mis,PPI++,200,0.1,plugin,TRUE,TRUE,FALSE,0.8778083202337796,0.08081391289739495,0.894418453741821,10.02057896051697,8.920815669391398,0.7249935637558934,0.9838602991160031,2000,PPI++_crossfit
glm_mis,PPI++,300,0.1,plugin,FALSE,FALSE,FALSE,0.8732679488581395,0.06347973682219918,0.8751287131093316,10.127056582663553,8.127958063122882,0.7548088451927707,1.0063980200757312,2000,PPI++_noncrossfit
glm_mis,PPI++,300,0.1,plugin,FALSE,FALSE,TRUE,0.8470863580947836,0.14735735544489045,0.8914948828778654,10.335007808524008,8.222052900942833,0.7506892510289755,1.0252191153095451,2000,PPI++_independent_split
glm_mis,PPI++,300,0.1,plugin,FALSE,TRUE,FALSE,0.8503992802908061,0.06756940180306299,0.8621278588782705,9.920563382609116,8.677644549900963,0.7305949729344714,0.991447037710011,2000,PPI++_crossfit
glm_mis,PPI++,300,0.1,plugin,TRUE,FALSE,FALSE,0.8732679488581395,0.06347973682219918,0.8751287131093316,10.127056582663553,8.127958063122882,0.7548088451927707,1.0063980200757312,2000,PPI++_noncrossfit
glm_mis,PPI++,300,0.1,plugin,TRUE,FALSE,TRUE,0.8470863580947836,0.14735735544489045,0.8914948828778654,10.335007808524008,8.222052900942833,0.7506892510289755,1.0252191153095451,2000,PPI++_independent_split
glm_mis,PPI++,300,0.1,plugin,TRUE,TRUE,FALSE,0.8503992802908061,0.06756940180306299,0.8621278588782705,9.920563382609116,8.677644549900963,0.7305949729344714,0.991447037710011,2000,PPI++_crossfit
glm_wrong,PPI,50,0.1,plugin,FALSE,FALSE,FALSE,1,0,-0.11502134791583483,3.9766533701938345,19.18886008203925,0.10975625364074694,-0.1178968816137307,2000,PPI_noncrossfit
glm_wrong,PPI,50,0.1,plugin,FALSE,FALSE,TRUE,1,0,-0.11502134791583483,3.9766533701938345,19.18886008203925,0.10975625364074694,-0.1178968816137307,2000,PPI_noncrossfit
glm_wrong,PPI,50,0.1,plugin,FALSE,TRUE,FALSE,1,0,-0.11502134791583483,3.9766533701938345,19.18886008203925,0.10975625364074694,-0.1178968816137307,2000,PPI_noncrossfit
glm_wrong,PPI,50,0.1,plugin,TRUE,FALSE,FALSE,1,0,-3.316623646767483,2.224195111071368,19.54783694117615,0.04509987484047557,-3.39953923793667,2000,PPI_crossfit
glm_wrong,PPI,50,0.1,plugin,TRUE,FALSE,TRUE,1,0,-3.316623646767483,2.224195111071368,19.54783694117615,0.04509987484047557,-3.39953923793667,2000,PPI_crossfit
glm_wrong,PPI,50,0.1,plugin,TRUE,TRUE,FALSE,1,0,-3.316623646767483,2.224195111071368,19.54783694117615,0.04509987484047557,-3.39953923793667,2000,PPI_crossfit
glm_wrong,PPI,100,0.1,plugin,FALSE,FALSE,FALSE,1,0,-0.9221089946233169,2.4514312041744244,19.070390885898483,0.1460423151502902,-0.9682144443544828,2000,PPI_noncrossfit
glm_wrong,PPI,100,0.1,plugin,FALSE,FALSE,TRUE,1,0,-0.9221089946233169,2.4514312041744244,19.070390885898483,0.1460423151502902,-0.9682144443544828,2000,PPI_noncrossfit
glm_wrong,PPI,100,0.1,plugin,FALSE,TRUE,FALSE,1,0,-0.9221089946233169,2.4514312041744244,19.070390885898483,0.1460423151502902,-0.9682144443544828,2000,PPI_noncrossfit
glm_wrong,PPI,100,0.1,plugin,TRUE,FALSE,FALSE,1,0,-1.1383588415356394,1.7248281787765,19.62469135128211,0.08995317917038036,-1.1952767836124214,2000,PPI_crossfit
glm_wrong,PPI,100,0.1,plugin,TRUE,FALSE,TRUE,1,0,-1.1383588415356394,1.7248281787765,19.62469135128211,0.08995317917038036,-1.1952767836124214,2000,PPI_crossfit
glm_wrong,PPI,100,0.1,plugin,TRUE,TRUE,FALSE,1,0,-1.1383588415356394,1.7248281787765,19.62469135128211,0.08995317917038036,-1.1952767836124214,2000,PPI_crossfit
glm_wrong,PPI,150,0.1,plugin,FALSE,FALSE,FALSE,1,0,-0.16179087738610845,2.1678868932785846,18.39970295822242,0.1449831584021033,-0.17392519319006658,2000,PPI_noncrossfit
glm_wrong,PPI,150,0.1,plugin,FALSE,FALSE,TRUE,1,0,-0.16179087738610845,2.1678868932785846,18.39970295822242,0.1449831584021033,-0.17392519319006658,2000,PPI_noncrossfit
glm_wrong,PPI,150,0.1,plugin,FALSE,TRUE,FALSE,1,0,-0.16179087738610845,2.1678868932785846,18.39970295822242,0.1449831584021033,-0.17392519319006658,2000,PPI_noncrossfit
glm_wrong,PPI,150,0.1,plugin,TRUE,FALSE,FALSE,1,0,-1.1426563107524947,1.5854004562018305,18.45895107026343,0.11790977125316189,-1.2283555340589318,2000,PPI_crossfit
glm_wrong,PPI,150,0.1,plugin,TRUE,FALSE,TRUE,1,0,-1.1426563107524947,1.5854004562018305,18.45895107026343,0.11790977125316189,-1.2283555340589318,2000,PPI_crossfit
glm_wrong,PPI,150,0.1,plugin,TRUE,TRUE,FALSE,1,0,-1.1426563107524947,1.5854004562018305,18.45895107026343,0.11790977125316189,-1.2283555340589318,2000,PPI_crossfit
glm_wrong,PPI,200,0.1,plugin,FALSE,FALSE,FALSE,1,0,1.6745460836187946,1.8775336374258318,18.233843319237018,0.1938317683593904,1.8420006919806742,2000,PPI_noncrossfit
glm_wrong,PPI,200,0.1,plugin,FALSE,FALSE,TRUE,1,0,1.6745460836187946,1.8775336374258318,18.233843319237018,0.1938317683593904,1.8420006919806742,2000,PPI_noncrossfit
glm_wrong,PPI,200,0.1,plugin,FALSE,TRUE,FALSE,1,0,1.6745460836187946,1.8775336374258318,18.233843319237018,0.1938317683593904,1.8420006919806742,2000,PPI_noncrossfit
glm_wrong,PPI,200,0.1,plugin,TRUE,FALSE,FALSE,1,0,-0.30332836103082866,1.558520658691212,18.372817432274765,0.1390226974626022,-0.3336611971339115,2000,PPI_crossfit
glm_wrong,PPI,200,0.1,plugin,TRUE,FALSE,TRUE,1,0,-0.30332836103082866,1.558520658691212,18.372817432274765,0.1390226974626022,-0.3336611971339115,2000,PPI_crossfit
glm_wrong,PPI,200,0.1,plugin,TRUE,TRUE,FALSE,1,0,-0.30332836103082866,1.558520658691212,18.372817432274765,0.1390226974626022,-0.3336611971339115,2000,PPI_crossfit
glm_wrong,PPI,300,0.1,plugin,FALSE,FALSE,FALSE,1,0,1.2869090367707903,1.86532785155277,17.68939368646203,0.2005565881646785,1.4799453922864088,2000,PPI_noncrossfit
glm_wrong,PPI,300,0.1,plugin,FALSE,FALSE,TRUE,1,0,1.2869090367707903,1.86532785155277,17.68939368646203,0.2005565881646785,1.4799453922864088,2000,PPI_noncrossfit
glm_wrong,PPI,300,0.1,plugin,FALSE,TRUE,FALSE,1,0,1.2869090367707903,1.86532785155277,17.68939368646203,0.2005565881646785,1.4799453922864088,2000,PPI_noncrossfit
glm_wrong,PPI,300,0.1,plugin,TRUE,FALSE,FALSE,1,0,-0.6395509128638919,1.3238043361355378,17.89082150311964,0.14862546651250297,-0.7354835497934756,2000,PPI_crossfit
glm_wrong,PPI,300,0.1,plugin,TRUE,FALSE,TRUE,1,0,-0.6395509128638919,1.3238043361355378,17.89082150311964,0.14862546651250297,-0.7354835497934756,2000,PPI_crossfit
glm_wrong,PPI,300,0.1,plugin,TRUE,TRUE,FALSE,1,0,-0.6395509128638919,1.3238043361355378,17.89082150311964,0.14862546651250297,-0.7354835497934756,2000,PPI_crossfit
glm_wrong,PPI++,50,0.1,plugin,FALSE,FALSE,FALSE,0.8372484946329877,0.18950585042717666,0.9610822053847903,2.845381805094409,15.907760990621401,0.3217273536800975,0.98510926051941,2000,PPI++_noncrossfit
glm_wrong,PPI++,50,0.1,plugin,FALSE,FALSE,TRUE,0.4091717704574677,0.41782346779964485,-0.08040515864712428,3.9766533701938345,15.805136399441924,0.10975625364074694,-0.08241528761330237,2000,PPI++_independent_split
glm_wrong,PPI++,50,0.1,plugin,FALSE,TRUE,FALSE,0.31985327316757084,0.37034786640906986,-2.6313010801381274,2.224195111071368,16.027711537525033,0.04509987484047557,-2.6970836071415802,2000,PPI++_crossfit
glm_wrong,PPI++,50,0.1,plugin,TRUE,FALSE,FALSE,0.8372484946329877,0.18950585042717666,0.9610822053847903,2.845381805094409,15.907760990621401,0.3217273536800975,0.98510926051941,2000,PPI++_noncrossfit
glm_wrong,PPI++,50,0.1,plugin,TRUE,FALSE,TRUE,0.4091717704574677,0.41782346779964485,-0.08040515864712428,3.9766533701938345,15.805136399441924,0.10975625364074694,-0.08241528761330237,2000,PPI++_independent_split
glm_wrong,PPI++,50,0.1,plugin,TRUE,TRUE,FALSE,0.31985327316757084,0.37034786640906986,-2.6313010801381274,2.224195111071368,16.027711537525033,0.04509987484047557,-2.6970836071415802,2000,PPI++_crossfit
glm_wrong,PPI++,100,0.1,plugin,FALSE,FALSE,FALSE,0.8813727178442184,0.14348623558845736,0.9597440891553861,1.865997888414792,16.14947312179691,0.27210067685466705,1.0077312936131555,2000,PPI++_noncrossfit
glm_wrong,PPI++,100,0.1,plugin,FALSE,FALSE,TRUE,0.49208559983513367,0.418124773207987,-0.9056908708282243,2.4514312041744244,17.50224467337231,0.1460423151502902,-0.9509754143696356,2000,PPI++_independent_split
glm_wrong,PPI++,100,0.1,plugin,FALSE,TRUE,FALSE,0.3996341975497102,0.39407452019327344,-0.996240101105017,1.7248281787765,17.689863657245958,0.08995317917038036,-1.046052106160268,2000,PPI++_crossfit
glm_wrong,PPI++,100,0.1,plugin,TRUE,FALSE,FALSE,0.8813727178442184,0.14348623558845736,0.9597440891553861,1.865997888414792,16.14947312179691,0.27210067685466705,1.0077312936131555,2000,PPI++_noncrossfit
glm_wrong,PPI++,100,0.1,plugin,TRUE,FALSE,TRUE,0.49208559983513367,0.418124773207987,-0.9056908708282243,2.4514312041744244,17.50224467337231,0.1460423151502902,-0.9509754143696356,2000,PPI++_independent_split
glm_wrong,PPI++,100,0.1,plugin,TRUE,TRUE,FALSE,0.3996341975497102,0.39407452019327344,-0.996240101105017,1.7248281787765,17.689863657245958,0.08995317917038036,-1.046052106160268,2000,PPI++_crossfit
glm_wrong,PPI++,150,0.1,plugin,FALSE,FALSE,FALSE,0.8832779108648516,0.12675875135873171,0.9329644215976935,1.7203744250385824,16.804832544106066,0.2614422065791154,1.0029367532175206,2000,PPI++_noncrossfit
glm_wrong,PPI++,150,0.1,plugin,FALSE,FALSE,TRUE,0.5359786296676898,0.40837520956126194,-0.14192851938071027,2.1678868932785846,17.153831621840574,0.1449831584021033,-0.15257315833426355,2000,PPI++_independent_split
glm_wrong,PPI++,150,0.1,plugin,FALSE,TRUE,FALSE,0.45652852912966235,0.36667592202924837,-1.0244729688874759,1.5854004562018305,17.234132501288283,0.11790977125316189,-1.1013084415540366,2000,PPI++_crossfit
glm_wrong,PPI++,150,0.1,plugin,TRUE,FALSE,FALSE,0.8832779108648516,0.12675875135873171,0.9329644215976935,1.7203744250385824,16.804832544106066,0.2614422065791154,1.0029367532175206,2000,PPI++_noncrossfit
glm_wrong,PPI++,150,0.1,plugin,TRUE,FALSE,TRUE,0.5359786296676898,0.40837520956126194,-0.14192851938071027,2.1678868932785846,17.153831621840574,0.1449831584021033,-0.15257315833426355,2000,PPI++_independent_split
glm_wrong,PPI++,150,0.1,plugin,TRUE,TRUE,FALSE,0.45652852912966235,0.36667592202924837,-1.0244729688874759,1.5854004562018305,17.234132501288283,0.11790977125316189,-1.1013084415540366,2000,PPI++_crossfit
glm_wrong,PPI++,200,0.1,plugin,FALSE,FALSE,FALSE,0.8790989311805764,0.11315977256051196,0.9086073783092669,1.5257076763067248,16.36865782187432,0.2547972777669294,0.9994681161401936,2000,PPI++_noncrossfit
glm_wrong,PPI++,200,0.1,plugin,FALSE,FALSE,TRUE,0.5999734193126601,0.39033525595644564,1.6791056641682658,1.8775336374258318,17.418796055537488,0.1938317683593904,1.8470162305850923,2000,PPI++_independent_split
glm_wrong,PPI++,200,0.1,plugin,FALSE,TRUE,FALSE,0.49947260774061625,0.3660336465492533,-0.24725149306492977,1.558520658691212,17.31778825764133,0.1390226974626022,-0.27197664237142277,2000,PPI++_crossfit
glm_wrong,PPI++,200,0.1,plugin,TRUE,FALSE,FALSE,0.8790989311805764,0.11315977256051196,0.9086073783092669,1.5257076763067248,16.36865782187432,0.2547972777669294,0.9994681161401936,2000,PPI++_noncrossfit
glm_wrong,PPI++,200,0.1,plugin,TRUE,FALSE,TRUE,0.5999734193126601,0.39033525595644564,1.6791056641682658,1.8775336374258318,17.418796055537488,0.1938317683593904,1.8470162305850923,2000,PPI++_independent_split
glm_wrong,PPI++,200,0.1,plugin,TRUE,TRUE,FALSE,0.49947260774061625,0.3660336465492533,-0.24725149306492977,1.558520658691212,17.31778825764133,0.1390226974626022,-0.27197664237142277,2000,PPI++_crossfit
glm_wrong,PPI++,300,0.1,plugin,FALSE,FALSE,FALSE,0.8641005412695125,0.111446858259734,0.8742584710030054,1.2719538446756675,16.98066157209321,0.23918374767086173,1.005397241653456,2000,PPI++_noncrossfit
glm_wrong,PPI++,300,0.1,plugin,FALSE,FALSE,TRUE,0.610430191674531,0.367401962502341,1.2887067842861712,1.86532785155277,16.97564229101663,0.2005565881646785,1.4820128019290968,2000,PPI++_independent_split
glm_wrong,PPI++,300,0.1,plugin,FALSE,TRUE,FALSE,0.5168501378593445,0.3291313335585394,-0.5998333374225389,1.3238043361355378,17.246620450761423,0.14862546651250297,-0.6898083380359197,2000,PPI++_crossfit
glm_wrong,PPI++,300,0.1,plugin,TRUE,FALSE,FALSE,0.8641005412695125,0.111446858259734,0.8742584710030054,1.2719538446756675,16.98066157209321,0.23918374767086173,1.005397241653456,2000,PPI++_noncrossfit
glm_wrong,PPI++,300,0.1,plugin,TRUE,FALSE,TRUE,0.610430191674531,0.367401962502341,1.2887067842861712,1.86532785155277,16.97564229101663,0.2005565881646785,1.4820128019290968,2000,PPI++_independent_split
glm_wrong,PPI++,300,0.1,plugin,TRUE,TRUE,FALSE,0.5168501378593445,0.3291313335585394,-0.5998333374225389,1.3238043361355378,17.246620450761423,0.14862546651250297,-0.6898083380359197,2000,PPI++_crossfit
rf,PPI,50,0.1,plugin,FALSE,FALSE,FALSE,1,0,1.3938379430198362,3.4346514118856715,11.502886598053085,0.6770690093476815,1.428683891595332,2000,PPI_noncrossfit
rf,PPI,50,0.1,plugin,FALSE,FALSE,TRUE,1,0,1.3938379430198362,3.4346514118856715,11.502886598053085,0.6770690093476815,1.428683891595332,2000,PPI_noncrossfit
rf,PPI,50,0.1,plugin,FALSE,TRUE,FALSE,1,0,1.3938379430198362,3.4346514118856715,11.502886598053085,0.6770690093476815,1.428683891595332,2000,PPI_noncrossfit
rf,PPI,50,0.1,plugin,TRUE,FALSE,FALSE,1,0,1.2512542527909447,2.7481640567152574,12.341594290579799,0.6051433169334939,1.2825356091107183,2000,PPI_crossfit
rf,PPI,50,0.1,plugin,TRUE,FALSE,TRUE,1,0,1.2512542527909447,2.7481640567152574,12.341594290579799,0.6051433169334939,1.2825356091107183,2000,PPI_crossfit
rf,PPI,50,0.1,plugin,TRUE,TRUE,FALSE,1,0,1.2512542527909447,2.7481640567152574,12.341594290579799,0.6051433169334939,1.2825356091107183,2000,PPI_crossfit
rf,PPI,100,0.1,plugin,FALSE,FALSE,FALSE,1,0,1.234940976199547,4.8522787684930035,8.817602115940273,0.7700195777063111,1.2966880250095243,2000,PPI_noncrossfit
rf,PPI,100,0.1,plugin,FALSE,FALSE,TRUE,1,0,1.234940976199547,4.8522787684930035,8.817602115940273,0.7700195777063111,1.2966880250095243,2000,PPI_noncrossfit
rf,PPI,100,0.1,plugin,FALSE,TRUE,FALSE,1,0,1.234940976199547,4.8522787684930035,8.817602115940273,0.7700195777063111,1.2966880250095243,2000,PPI_noncrossfit
rf,PPI,100,0.1,plugin,TRUE,FALSE,FALSE,1,0,1.213839010745785,4.0608517295174975,9.370006509809686,0.7411223028680718,1.2745309612830744,2000,PPI_crossfit
rf,PPI,100,0.1,plugin,TRUE,FALSE,TRUE,1,0,1.213839010745785,4.0608517295174975,9.370006509809686,0.7411223028680718,1.2745309612830744,2000,PPI_crossfit
rf,PPI,100,0.1,plugin,TRUE,TRUE,FALSE,1,0,1.213839010745785,4.0608517295174975,9.370006509809686,0.7411223028680718,1.2745309612830744,2000,PPI_crossfit
rf,PPI,150,0.1,plugin,FALSE,FALSE,FALSE,1,0,1.1536389923466672,5.6880652985011935,7.8073109512556105,0.8086902096172435,1.2401619167726672,2000,PPI_noncrossfit
rf,PPI,150,0.1,plugin,FALSE,FALSE,TRUE,1,0,1.1536389923466672,5.6880652985011935,7.8073109512556105,0.8086902096172435,1.2401619167726672,2000,PPI_noncrossfit
rf,PPI,150,0.1,plugin,FALSE,TRUE,FALSE,1,0,1.1536389923466672,5.6880652985011935,7.8073109512556105,0.8086902096172435,1.2401619167726672,2000,PPI_noncrossfit
rf,PPI,150,0.1,plugin,TRUE,FALSE,FALSE,1,0,1.1398105652503359,4.997570334622603,7.725611906977772,0.792587543041049,1.2252963576441112,2000,PPI_crossfit
rf,PPI,150,0.1,plugin,TRUE,FALSE,TRUE,1,0,1.1398105652503359,4.997570334622603,7.725611906977772,0.792587543041049,1.2252963576441112,2000,PPI_crossfit
rf,PPI,150,0.1,plugin,TRUE,TRUE,FALSE,1,0,1.1398105652503359,4.997570334622603,7.725611906977772,0.792587543041049,1.2252963576441112,2000,PPI_crossfit
rf,PPI,200,0.1,plugin,FALSE,FALSE,FALSE,1,0,1.0985692200744313,6.2203367004682,7.2709891031864755,0.8273193793327066,1.2084261420818745,2000,PPI_noncrossfit
rf,PPI,200,0.1,plugin,FALSE,FALSE,TRUE,1,0,1.0985692200744313,6.2203367004682,7.2709891031864755,0.8273193793327066,1.2084261420818745,2000,PPI_noncrossfit
rf,PPI,200,0.1,plugin,FALSE,TRUE,FALSE,1,0,1.0985692200744313,6.2203367004682,7.2709891031864755,0.8273193793327066,1.2084261420818745,2000,PPI_noncrossfit
rf,PPI,200,0.1,plugin,TRUE,FALSE,FALSE,1,0,1.0791767389359075,5.7473655632732035,6.875760182073053,0.8188243425334224,1.1870944128294982,2000,PPI_crossfit
rf,PPI,200,0.1,plugin,TRUE,FALSE,TRUE,1,0,1.0791767389359075,5.7473655632732035,6.875760182073053,0.8188243425334224,1.1870944128294982,2000,PPI_crossfit
rf,PPI,200,0.1,plugin,TRUE,TRUE,FALSE,1,0,1.0791767389359075,5.7473655632732035,6.875760182073053,0.8188243425334224,1.1870944128294982,2000,PPI_crossfit
rf,PPI,300,0.1,plugin,FALSE,FALSE,FALSE,1,0,1.0052953917181426,7.266002149558178,6.070504842566357,0.8564892250430831,1.156089700475864,2000,PPI_noncrossfit
rf,PPI,300,0.1,plugin,FALSE,FALSE,TRUE,1,0,1.0052953917181426,7.266002149558178,6.070504842566357,0.8564892250430831,1.156089700475864,2000,PPI_noncrossfit
rf,PPI,300,0.1,plugin,FALSE,TRUE,FALSE,1,0,1.0052953917181426,7.266002149558178,6.070504842566357,0.8564892250430831,1.156089700475864,2000,PPI_noncrossfit
rf,PPI,300,0.1,plugin,TRUE,FALSE,FALSE,1,0,0.9986505708160759,6.876177764128055,5.860244439323317,0.8531774770242612,1.1484481564384872,2000,PPI_crossfit
rf,PPI,300,0.1,plugin,TRUE,FALSE,TRUE,1,0,0.9986505708160759,6.876177764128055,5.860244439323317,0.8531774770242612,1.1484481564384872,2000,PPI_crossfit
rf,PPI,300,0.1,plugin,TRUE,TRUE,FALSE,1,0,0.9986505708160759,6.876177764128055,5.860244439323317,0.8531774770242612,1.1484481564384872,2000,PPI_crossfit
rf,PPI++,50,0.1,plugin,FALSE,FALSE,FALSE,1,0,1.11427330854341,4.777077988014123,1.9953547565202026,0.9718057076060602,1.142130141256995,2000,PPI++_noncrossfit
rf,PPI++,50,0.1,plugin,FALSE,FALSE,TRUE,0.9247550221518794,0.16431443617795877,1.395830121463752,3.4346514118856715,11.51423596910925,0.6770690093476815,1.4307258745003457,2000,PPI++_independent_split
rf,PPI++,50,0.1,plugin,FALSE,TRUE,FALSE,0.9495508537883688,0.14754145875353197,1.2513959208024206,2.7481640567152574,12.263715255650338,0.6051433169334939,1.282680818822481,2000,PPI++_crossfit
rf,PPI++,50,0.1,plugin,TRUE,FALSE,FALSE,1,0,1.11427330854341,4.777077988014123,1.9953547565202026,0.9718057076060602,1.142130141256995,2000,PPI++_noncrossfit
rf,PPI++,50,0.1,plugin,TRUE,FALSE,TRUE,0.9247550221518794,0.16431443617795877,1.395830121463752,3.4346514118856715,11.51423596910925,0.6770690093476815,1.4307258745003457,2000,PPI++_independent_split
rf,PPI++,50,0.1,plugin,TRUE,TRUE,FALSE,0.9495508537883688,0.14754145875353197,1.2513959208024206,2.7481640567152574,12.263715255650338,0.6051433169334939,1.282680818822481,2000,PPI++_crossfit
rf,PPI++,100,0.1,plugin,FALSE,FALSE,FALSE,0.999945892039247,0.0012098907836764826,1.0299989479017186,6.2402678896813955,1.4545558247332449,0.9771078881625996,1.0814988952968045,2000,PPI++_noncrossfit
rf,PPI++,100,0.1,plugin,FALSE,FALSE,TRUE,0.951778844533409,0.11157964360852345,1.2384740478569287,4.8522787684930035,8.885735302893007,0.7700195777063111,1.3003977502497752,2000,PPI++_independent_split
rf,PPI++,100,0.1,plugin,FALSE,TRUE,FALSE,0.9857431259473239,0.05908541132758357,1.2145754831399513,4.0608517295174975,9.376535257752488,0.7411223028680718,1.275304257296949,2000,PPI++_crossfit
rf,PPI++,100,0.1,plugin,TRUE,FALSE,FALSE,0.999945892039247,0.0012098907836764826,1.0299989479017186,6.2402678896813955,1.4545558247332449,0.9771078881625996,1.0814988952968045,2000,PPI++_noncrossfit
rf,PPI++,100,0.1,plugin,TRUE,FALSE,TRUE,0.951778844533409,0.11157964360852345,1.2384740478569287,4.8522787684930035,8.885735302893007,0.7700195777063111,1.3003977502497752,2000,PPI++_independent_split
rf,PPI++,100,0.1,plugin,TRUE,TRUE,FALSE,0.9857431259473239,0.05908541132758357,1.2145754831399513,4.0608517295174975,9.376535257752488,0.7411223028680718,1.275304257296949,2000,PPI++_crossfit
rf,PPI++,150,0.1,plugin,FALSE,FALSE,FALSE,0.9998654832029891,0.001869930285769991,0.9863540010801927,7.320886752796548,1.322484093553592,0.9784003817346008,1.0603305511612071,2000,PPI++_noncrossfit
rf,PPI++,150,0.1,plugin,FALSE,FALSE,TRUE,0.9682522481703945,0.0916699321612255,1.1564561777505422,5.6880652985011935,7.868749378379932,0.8086902096172435,1.243190391081833,2000,PPI++_independent_split
rf,PPI++,150,0.1,plugin,FALSE,TRUE,FALSE,0.9934660582824013,0.028679165576575436,1.1405044193011757,4.997570334622603,7.738804543734542,0.792587543041049,1.2260422507487638,2000,PPI++_crossfit
rf,PPI++,150,0.1,plugin,TRUE,FALSE,FALSE,0.9998654832029891,0.001869930285769991,0.9863540010801927,7.320886752796548,1.322484093553592,0.9784003817346008,1.0603305511612071,2000,PPI++_noncrossfit
rf,PPI++,150,0.1,plugin,TRUE,FALSE,TRUE,0.9682522481703945,0.0916699321612255,1.1564561777505422,5.6880652985011935,7.868749378379932,0.8086902096172435,1.243190391081833,2000,PPI++_independent_split
rf,PPI++,150,0.1,plugin,TRUE,TRUE,FALSE,0.9934660582824013,0.028679165576575436,1.1405044193011757,4.997570334622603,7.738804543734542,0.792587543041049,1.2260422507487638,2000,PPI++_crossfit
rf,PPI++,200,0.1,plugin,FALSE,FALSE,FALSE,0.9990466678643745,0.00890377502447664,0.9544729082063282,8.100274924428337,1.2186908474226905,0.9802838843172741,1.049920199026961,2000,PPI++_noncrossfit
rf,PPI++,200,0.1,plugin,FALSE,FALSE,TRUE,0.9713646988249438,0.07650949481550298,1.1019051490884515,6.2203367004682,7.355236454667585,0.8273193793327066,1.2120956639972966,2000,PPI++_independent_split
rf,PPI++,200,0.1,plugin,FALSE,TRUE,FALSE,0.9946335867604243,0.022574350966165026,1.0798158693541606,5.7473655632732035,6.888568275749022,0.8188243425334224,1.1877974562895768,2000,PPI++_crossfit
rf,PPI++,200,0.1,plugin,TRUE,FALSE,FALSE,0.9990466678643745,0.00890377502447664,0.9544729082063282,8.100274924428337,1.2186908474226905,0.9802838843172741,1.049920199026961,2000,PPI++_noncrossfit
rf,PPI++,200,0.1,plugin,TRUE,FALSE,TRUE,0.9713646988249438,0.07650949481550298,1.1019051490884515,6.2203367004682,7.355236454667585,0.8273193793327066,1.2120956639972966,2000,PPI++_independent_split
rf,PPI++,200,0.1,plugin,TRUE,TRUE,FALSE,0.9946335867604243,0.022574350966165026,1.0798158693541606,5.7473655632732035,6.888568275749022,0.8188243425334224,1.1877974562895768,2000,PPI++_crossfit
rf,PPI++,300,0.1,plugin,FALSE,FALSE,FALSE,0.9979976326756446,0.013913053375020553,0.8991857853152119,9.202939294229443,1.0020098145234109,0.9826009986379812,1.0340636531124936,2000,PPI++_noncrossfit
rf,PPI++,300,0.1,plugin,FALSE,FALSE,TRUE,0.973120976701717,0.06814859112428406,1.0085766247048142,7.266002149558178,6.15512494009829,0.8564892250430831,1.1598631184105364,2000,PPI++_independent_split
rf,PPI++,300,0.1,plugin,FALSE,TRUE,FALSE,0.9906358040383708,0.029762236078088422,0.9999444803419149,6.876177764128055,5.88961015689631,0.8531774770242612,1.149936152393202,2000,PPI++_crossfit
rf,PPI++,300,0.1,plugin,TRUE,FALSE,FALSE,0.9979976326756446,0.013913053375020553,0.8991857853152119,9.202939294229443,1.0020098145234109,0.9826009986379812,1.0340636531124936,2000,PPI++_noncrossfit
rf,PPI++,300,0.1,plugin,TRUE,FALSE,TRUE,0.973120976701717,0.06814859112428406,1.0085766247048142,7.266002149558178,6.15512494009829,0.8564892250430831,1.1598631184105364,2000,PPI++_independent_split
rf,PPI++,300,0.1,plugin,TRUE,TRUE,FALSE,0.9906358040383708,0.029762236078088422,0.9999444803419149,6.876177764128055,5.88961015689631,0.8531774770242612,1.149936152393202,2000,PPI++_crossfit
glm_correct,PPI,50,0.15000000000000002,plugin,FALSE,FALSE,FALSE,1,0,0.9615152477348147,17.430436680031686,1.276781381842545,0.9490148197120085,0.9855531289281849,2000,PPI_noncrossfit
glm_correct,PPI,50,0.15000000000000002,plugin,FALSE,FALSE,TRUE,1,0,0.9615152477348147,17.430436680031686,1.276781381842545,0.9490148197120085,0.9855531289281849,2000,PPI_noncrossfit
glm_correct,PPI,50,0.15000000000000002,plugin,FALSE,TRUE,FALSE,1,0,0.9615152477348147,17.430436680031686,1.276781381842545,0.9490148197120085,0.9855531289281849,2000,PPI_noncrossfit
glm_correct,PPI,50,0.15000000000000002,plugin,TRUE,FALSE,FALSE,1,0,0.9596470211632628,17.368486294025903,1.3961166606428488,0.9453169012438382,0.9836381966923443,2000,PPI_crossfit
glm_correct,PPI,50,0.15000000000000002,plugin,TRUE,FALSE,TRUE,1,0,0.9596470211632628,17.368486294025903,1.3961166606428488,0.9453169012438382,0.9836381966923443,2000,PPI_crossfit
glm_correct,PPI,50,0.15000000000000002,plugin,TRUE,TRUE,FALSE,1,0,0.9596470211632628,17.368486294025903,1.3961166606428488,0.9453169012438382,0.9836381966923443,2000,PPI_crossfit
glm_correct,PPI,100,0.15000000000000002,plugin,FALSE,FALSE,FALSE,1,0,0.9479602388008264,17.08719441173925,1.0666643465646402,0.9649700402818863,0.9953582507408677,2000,PPI_noncrossfit
glm_correct,PPI,100,0.15000000000000002,plugin,FALSE,FALSE,TRUE,1,0,0.9479602388008264,17.08719441173925,1.0666643465646402,0.9649700402818863,0.9953582507408677,2000,PPI_noncrossfit
glm_correct,PPI,100,0.15000000000000002,plugin,FALSE,TRUE,FALSE,1,0,0.9479602388008264,17.08719441173925,1.0666643465646402,0.9649700402818863,0.9953582507408677,2000,PPI_noncrossfit
glm_correct,PPI,100,0.15000000000000002,plugin,TRUE,FALSE,FALSE,1,0,0.9460268176940897,17.012824821430815,1.1214236744999968,0.9615069902323784,0.9933281585787942,2000,PPI_crossfit
glm_correct,PPI,100,0.15000000000000002,plugin,TRUE,FALSE,TRUE,1,0,0.9460268176940897,17.012824821430815,1.1214236744999968,0.9615069902323784,0.9933281585787942,2000,PPI_crossfit
glm_correct,PPI,100,0.15000000000000002,plugin,TRUE,TRUE,FALSE,1,0,0.9460268176940897,17.012824821430815,1.1214236744999968,0.9615069902323784,0.9933281585787942,2000,PPI_crossfit
glm_correct,PPI,150,0.15000000000000002,plugin,FALSE,FALSE,FALSE,1,0,0.9267832431374059,16.897757578676213,1.0579157160209485,0.96585248162913,0.9962919863727113,2000,PPI_noncrossfit
glm_correct,PPI,150,0.15000000000000002,plugin,FALSE,FALSE,TRUE,1,0,0.9267832431374059,16.897757578676213,1.0579157160209485,0.96585248162913,0.9962919863727113,2000,PPI_noncrossfit
glm_correct,PPI,150,0.15000000000000002,plugin,FALSE,TRUE,FALSE,1,0,0.9267832431374059,16.897757578676213,1.0579157160209485,0.96585248162913,0.9962919863727113,2000,PPI_noncrossfit
glm_correct,PPI,150,0.15000000000000002,plugin,TRUE,FALSE,FALSE,1,0,0.9257039581397399,17.086765940553825,1.0735184481054765,0.9646678840924694,0.9951317550002204,2000,PPI_crossfit
glm_correct,PPI,150,0.15000000000000002,plugin,TRUE,FALSE,TRUE,1,0,0.9257039581397399,17.086765940553825,1.0735184481054765,0.9646678840924694,0.9951317550002204,2000,PPI_crossfit
glm_correct,PPI,150,0.15000000000000002,plugin,TRUE,TRUE,FALSE,1,0,0.9257039581397399,17.086765940553825,1.0735184481054765,0.9646678840924694,0.9951317550002204,2000,PPI_crossfit
glm_correct,PPI,200,0.15000000000000002,plugin,FALSE,FALSE,FALSE,1,0,0.9068105205123267,16.919910521992787,1.0345031122674606,0.9677453212929374,0.9974915725635594,2000,PPI_noncrossfit
glm_correct,PPI,200,0.15000000000000002,plugin,FALSE,FALSE,TRUE,1,0,0.9068105205123267,16.919910521992787,1.0345031122674606,0.9677453212929374,0.9974915725635594,2000,PPI_noncrossfit
glm_correct,PPI,200,0.15000000000000002,plugin,FALSE,TRUE,FALSE,1,0,0.9068105205123267,16.919910521992787,1.0345031122674606,0.9677453212929374,0.9974915725635594,2000,PPI_noncrossfit
glm_correct,PPI,200,0.15000000000000002,plugin,TRUE,FALSE,FALSE,1,0,0.9060163469090141,16.984630587744977,1.0532612561360828,0.9666596494498496,0.9966179815999155,2000,PPI_crossfit
glm_correct,PPI,200,0.15000000000000002,plugin,TRUE,FALSE,TRUE,1,0,0.9060163469090141,16.984630587744977,1.0532612561360828,0.9666596494498496,0.9966179815999155,2000,PPI_crossfit
glm_correct,PPI,200,0.15000000000000002,plugin,TRUE,TRUE,FALSE,1,0,0.9060163469090141,16.984630587744977,1.0532612561360828,0.9666596494498496,0.9966179815999155,2000,PPI_crossfit
glm_correct,PPI,300,0.15000000000000002,plugin,FALSE,FALSE,FALSE,1,0,0.8676188066462989,17.075041451500223,1.0223479041589634,0.9685799641022974,0.9977616276432436,2000,PPI_noncrossfit
glm_correct,PPI,300,0.15000000000000002,plugin,FALSE,FALSE,TRUE,1,0,0.8676188066462989,17.075041451500223,1.0223479041589634,0.9685799641022974,0.9977616276432436,2000,PPI_noncrossfit
glm_correct,PPI,300,0.15000000000000002,plugin,FALSE,TRUE,FALSE,1,0,0.8676188066462989,17.075041451500223,1.0223479041589634,0.9685799641022974,0.9977616276432436,2000,PPI_noncrossfit
glm_correct,PPI,300,0.15000000000000002,plugin,TRUE,FALSE,FALSE,1,0,0.8672933108206086,17.032780574279585,1.039183003911575,0.9677857598002145,0.9973873074436997,2000,PPI_crossfit
glm_correct,PPI,300,0.15000000000000002,plugin,TRUE,FALSE,TRUE,1,0,0.8672933108206086,17.032780574279585,1.039183003911575,0.9677857598002145,0.9973873074436997,2000,PPI_crossfit
glm_correct,PPI,300,0.15000000000000002,plugin,TRUE,TRUE,FALSE,1,0,0.8672933108206086,17.032780574279585,1.039183003911575,0.9677857598002145,0.9973873074436997,2000,PPI_crossfit
glm_correct,PPI++,50,0.15000000000000002,plugin,FALSE,FALSE,FALSE,0.726162361704627,0.2706462923097799,0.9886951639681655,16.984770458208136,1.9785143715317277,0.9600541545725166,1.0134125430673695,2000,PPI++_noncrossfit
glm_correct,PPI++,50,0.15000000000000002,plugin,FALSE,FALSE,TRUE,0.6839734902216453,0.275929182753045,0.9874939675496025,17.430436680031686,2.3250751624375763,0.9490148197120085,1.0121813167383424,2000,PPI++_independent_split
glm_correct,PPI++,50,0.15000000000000002,plugin,FALSE,TRUE,FALSE,0.6965215954080625,0.2613171722842752,0.9851561574257589,17.368486294025903,2.440236975088848,0.9453169012438382,1.0097850613614028,2000,PPI++_crossfit
glm_correct,PPI++,50,0.15000000000000002,plugin,TRUE,FALSE,FALSE,0.726162361704627,0.2706462923097799,0.9886951639681655,16.984770458208136,1.9785143715317277,0.9600541545725166,1.0134125430673695,2000,PPI++_noncrossfit
glm_correct,PPI++,50,0.15000000000000002,plugin,TRUE,FALSE,TRUE,0.6839734902216453,0.275929182753045,0.9874939675496025,17.430436680031686,2.3250751624375763,0.9490148197120085,1.0121813167383424,2000,PPI++_independent_split
glm_correct,PPI++,50,0.15000000000000002,plugin,TRUE,TRUE,FALSE,0.6965215954080625,0.2613171722842752,0.9851561574257589,17.368486294025903,2.440236975088848,0.9453169012438382,1.0097850613614028,2000,PPI++_crossfit
glm_correct,PPI++,100,0.15000000000000002,plugin,FALSE,FALSE,FALSE,0.7806060906555916,0.22357513879766347,0.9671187463548981,17.057086100131947,1.8300883384915543,0.9659520331594825,1.0154746836726432,2000,PPI++_noncrossfit
glm_correct,PPI++,100,0.15000000000000002,plugin,FALSE,FALSE,TRUE,0.7854537300317059,0.22163306892306595,0.968052863659294,17.08719441173925,1.8829279261718297,0.9649700402818863,1.0164555068422587,2000,PPI++_independent_split
glm_correct,PPI++,100,0.15000000000000002,plugin,FALSE,TRUE,FALSE,0.7861659816874043,0.2265477264292535,0.9660527086927642,17.012824821430815,1.9396825015174033,0.9615069902323784,1.0143553441274025,2000,PPI++_crossfit
glm_correct,PPI++,100,0.15000000000000002,plugin,TRUE,FALSE,FALSE,0.7806060906555916,0.22357513879766347,0.9671187463548981,17.057086100131947,1.8300883384915543,0.9659520331594825,1.0154746836726432,2000,PPI++_noncrossfit
glm_correct,PPI++,100,0.15000000000000002,plugin,TRUE,FALSE,TRUE,0.7854537300317059,0.22163306892306595,0.968052863659294,17.08719441173925,1.8829279261718297,0.9649700402818863,1.0164555068422587,2000,PPI++_independent_split
glm_correct,PPI++,100,0.15000000000000002,plugin,TRUE,TRUE,FALSE,0.7861659816874043,0.2265477264292535,0.9660527086927642,17.012824821430815,1.9396825015174033,0.9615069902323784,1.0143553441274025,2000,PPI++_crossfit
glm_correct,PPI++,150,0.15000000000000002,plugin,FALSE,FALSE,FALSE,0.810353517897356,0.20024855509376288,0.9443354651935828,17.032209106555637,1.7303968659379463,0.968052297935601,1.0151606250831016,2000,PPI++_noncrossfit
glm_correct,PPI++,150,0.15000000000000002,plugin,FALSE,FALSE,TRUE,0.8035319804191473,0.19802420302404047,0.9453083162161673,16.897757578676213,1.8305192610611094,0.96585248162913,1.0162064399323798,2000,PPI++_independent_split
glm_correct,PPI++,150,0.15000000000000002,plugin,FALSE,TRUE,FALSE,0.8012531604378856,0.2047019959501982,0.9442301010209269,17.086765940553825,1.8714612468362846,0.9646678840924694,1.0150473585974964,2000,PPI++_crossfit
glm_correct,PPI++,150,0.15000000000000002,plugin,TRUE,FALSE,FALSE,0.810353517897356,0.20024855509376288,0.9443354651935828,17.032209106555637,1.7303968659379463,0.968052297935601,1.0151606250831016,2000,PPI++_noncrossfit
glm_correct,PPI++,150,0.15000000000000002,plugin,TRUE,FALSE,TRUE,0.8035319804191473,0.19802420302404047,0.9453083162161673,16.897757578676213,1.8305192610611094,0.96585248162913,1.0162064399323798,2000,PPI++_independent_split
glm_correct,PPI++,150,0.15000000000000002,plugin,TRUE,TRUE,FALSE,0.8012531604378856,0.2047019959501982,0.9442301010209269,17.086765940553825,1.8714612468362846,0.9646678840924694,1.0150473585974964,2000,PPI++_crossfit
glm_correct,PPI++,200,0.15000000000000002,plugin,FALSE,FALSE,FALSE,0.806999749776501,0.18676012551120658,0.9235037099796111,17.081440219421673,1.7606294412249832,0.9680065715868643,1.0158540809775722,2000,PPI++_noncrossfit
glm_correct,PPI++,200,0.15000000000000002,plugin,FALSE,FALSE,TRUE,0.8174194347713876,0.18803328434028105,0.9234979902283623,16.919910521992787,1.7545918908059635,0.9677453212929374,1.0158477892511986,2000,PPI++_independent_split
glm_correct,PPI++,200,0.15000000000000002,plugin,FALSE,TRUE,FALSE,0.818904270848704,0.1861806106736234,0.922223796494278,16.984630587744977,1.7434334571147996,0.9666596494498496,1.0144461761437058,2000,PPI++_crossfit
glm_correct,PPI++,200,0.15000000000000002,plugin,TRUE,FALSE,FALSE,0.806999749776501,0.18676012551120658,0.9235037099796111,17.081440219421673,1.7606294412249832,0.9680065715868643,1.0158540809775722,2000,PPI++_noncrossfit
glm_correct,PPI++,200,0.15000000000000002,plugin,TRUE,FALSE,TRUE,0.8174194347713876,0.18803328434028105,0.9234979902283623,16.919910521992787,1.7545918908059635,0.9677453212929374,1.0158477892511986,2000,PPI++_independent_split
glm_correct,PPI++,200,0.15000000000000002,plugin,TRUE,TRUE,FALSE,0.818904270848704,0.1861806106736234,0.922223796494278,16.984630587744977,1.7434334571147996,0.9666596494498496,1.0144461761437058,2000,PPI++_crossfit
glm_correct,PPI++,300,0.15000000000000002,plugin,FALSE,FALSE,FALSE,0.816366502213733,0.16761298321091647,0.8845518272534736,16.92028705774451,1.7368370919575467,0.9696097578446224,1.0172346013414946,2000,PPI++_noncrossfit
glm_correct,PPI++,300,0.15000000000000002,plugin,FALSE,FALSE,TRUE,0.8105382238379254,0.16968319833865797,0.8845737707039035,17.075041451500223,1.7812420311321513,0.9685799641022974,1.017259836309489,2000,PPI++_independent_split
glm_correct,PPI++,300,0.15000000000000002,plugin,FALSE,TRUE,FALSE,0.8055621637559176,0.1737292928818494,0.8849561655464278,17.032780574279585,1.8367471594188713,0.9677857598002145,1.0176995903783919,2000,PPI++_crossfit
glm_correct,PPI++,300,0.15000000000000002,plugin,TRUE,FALSE,FALSE,0.816366502213733,0.16761298321091647,0.8845518272534736,16.92028705774451,1.7368370919575467,0.9696097578446224,1.0172346013414946,2000,PPI++_noncrossfit
glm_correct,PPI++,300,0.15000000000000002,plugin,TRUE,FALSE,TRUE,0.8105382238379254,0.16968319833865797,0.8845737707039035,17.075041451500223,1.7812420311321513,0.9685799641022974,1.017259836309489,2000,PPI++_independent_split
glm_correct,PPI++,300,0.15000000000000002,plugin,TRUE,TRUE,FALSE,0.8055621637559176,0.1737292928818494,0.8849561655464278,17.032780574279585,1.8367471594188713,0.9677857598002145,1.0176995903783919,2000,PPI++_crossfit
glm_mis,PPI,50,0.15000000000000002,plugin,FALSE,FALSE,FALSE,1,0,1.0608301851420936,10.95060421049428,9.33014872643282,0.7463313489850375,1.0873509397706458,2000,PPI_noncrossfit
glm_mis,PPI,50,0.15000000000000002,plugin,FALSE,FALSE,TRUE,1,0,1.0608301851420936,10.95060421049428,9.33014872643282,0.7463313489850375,1.0873509397706458,2000,PPI_noncrossfit
glm_mis,PPI,50,0.15000000000000002,plugin,FALSE,TRUE,FALSE,1,0,1.0608301851420936,10.95060421049428,9.33014872643282,0.7463313489850375,1.0873509397706458,2000,PPI_noncrossfit
glm_mis,PPI,50,0.15000000000000002,plugin,TRUE,FALSE,FALSE,1,0,0.9200807205999597,9.30785165447589,9.30305219974046,0.6926600890290265,0.9430827386149586,2000,PPI_crossfit
glm_mis,PPI,50,0.15000000000000002,plugin,TRUE,FALSE,TRUE,1,0,0.9200807205999597,9.30785165447589,9.30305219974046,0.6926600890290265,0.9430827386149586,2000,PPI_crossfit
glm_mis,PPI,50,0.15000000000000002,plugin,TRUE,TRUE,FALSE,1,0,0.9200807205999597,9.30785165447589,9.30305219974046,0.6926600890290265,0.9430827386149586,2000,PPI_crossfit
glm_mis,PPI,100,0.15000000000000002,plugin,FALSE,FALSE,FALSE,1,0,1.0350795202775478,10.177452776173043,9.284794534731224,0.7532908951812136,1.0868334962914252,2000,PPI_noncrossfit
glm_mis,PPI,100,0.15000000000000002,plugin,FALSE,FALSE,TRUE,1,0,1.0350795202775478,10.177452776173043,9.284794534731224,0.7532908951812136,1.0868334962914252,2000,PPI_noncrossfit
glm_mis,PPI,100,0.15000000000000002,plugin,FALSE,TRUE,FALSE,1,0,1.0350795202775478,10.177452776173043,9.284794534731224,0.7532908951812136,1.0868334962914252,2000,PPI_noncrossfit
glm_mis,PPI,100,0.15000000000000002,plugin,TRUE,FALSE,FALSE,1,0,0.9185219905166081,10.015987111818617,9.616396779074945,0.7058003766413335,0.9644480900424386,2000,PPI_crossfit
glm_mis,PPI,100,0.15000000000000002,plugin,TRUE,FALSE,TRUE,1,0,0.9185219905166081,10.015987111818617,9.616396779074945,0.7058003766413335,0.9644480900424386,2000,PPI_crossfit
glm_mis,PPI,100,0.15000000000000002,plugin,TRUE,TRUE,FALSE,1,0,0.9185219905166081,10.015987111818617,9.616396779074945,0.7058003766413335,0.9644480900424386,2000,PPI_crossfit
glm_mis,PPI,150,0.15000000000000002,plugin,FALSE,FALSE,FALSE,1,0,0.9772192052344061,10.314694552323946,8.791159780953311,0.7517249303590751,1.0505106456269866,2000,PPI_noncrossfit
glm_mis,PPI,150,0.15000000000000002,plugin,FALSE,FALSE,TRUE,1,0,0.9772192052344061,10.314694552323946,8.791159780953311,0.7517249303590751,1.0505106456269866,2000,PPI_noncrossfit
glm_mis,PPI,150,0.15000000000000002,plugin,FALSE,TRUE,FALSE,1,0,0.9772192052344061,10.314694552323946,8.791159780953311,0.7517249303590751,1.0505106456269866,2000,PPI_noncrossfit
glm_mis,PPI,150,0.15000000000000002,plugin,TRUE,FALSE,FALSE,1,0,0.9090405106383674,9.934372447605242,8.905466220066447,0.7209874222024113,0.977218548936245,2000,PPI_crossfit
glm_mis,PPI,150,0.15000000000000002,plugin,TRUE,FALSE,TRUE,1,0,0.9090405106383674,9.934372447605242,8.905466220066447,0.7209874222024113,0.977218548936245,2000,PPI_crossfit
glm_mis,PPI,150,0.15000000000000002,plugin,TRUE,TRUE,FALSE,1,0,0.9090405106383674,9.934372447605242,8.905466220066447,0.7209874222024113,0.977218548936245,2000,PPI_crossfit
glm_mis,PPI,200,0.15000000000000002,plugin,FALSE,FALSE,FALSE,1,0,0.9488748882051056,10.17826812183268,8.870314995751736,0.7486061508357796,1.0437623770256161,2000,PPI_noncrossfit
glm_mis,PPI,200,0.15000000000000002,plugin,FALSE,FALSE,TRUE,1,0,0.9488748882051056,10.17826812183268,8.870314995751736,0.7486061508357796,1.0437623770256161,2000,PPI_noncrossfit
glm_mis,PPI,200,0.15000000000000002,plugin,FALSE,TRUE,FALSE,1,0,0.9488748882051056,10.17826812183268,8.870314995751736,0.7486061508357796,1.0437623770256161,2000,PPI_noncrossfit
glm_mis,PPI,200,0.15000000000000002,plugin,TRUE,FALSE,FALSE,1,0,0.892351632619633,10.02057896051697,8.863465706700492,0.7249935637558934,0.9815867958815964,2000,PPI_crossfit
glm_mis,PPI,200,0.15000000000000002,plugin,TRUE,FALSE,TRUE,1,0,0.892351632619633,10.02057896051697,8.863465706700492,0.7249935637558934,0.9815867958815964,2000,PPI_crossfit
glm_mis,PPI,200,0.15000000000000002,plugin,TRUE,TRUE,FALSE,1,0,0.892351632619633,10.02057896051697,8.863465706700492,0.7249935637558934,0.9815867958815964,2000,PPI_crossfit
glm_mis,PPI,300,0.15000000000000002,plugin,FALSE,FALSE,FALSE,1,0,0.8927897157583149,10.33500780852401,8.367328785897534,0.7506892510289755,1.026708173122062,2000,PPI_noncrossfit
glm_mis,PPI,300,0.15000000000000002,plugin,FALSE,FALSE,TRUE,1,0,0.8927897157583149,10.33500780852401,8.367328785897534,0.7506892510289755,1.026708173122062,2000,PPI_noncrossfit
glm_mis,PPI,300,0.15000000000000002,plugin,FALSE,TRUE,FALSE,1,0,0.8927897157583149,10.33500780852401,8.367328785897534,0.7506892510289755,1.026708173122062,2000,PPI_noncrossfit
glm_mis,PPI,300,0.15000000000000002,plugin,TRUE,FALSE,FALSE,1,0,0.8584148208866758,9.920563382609116,8.544188195513868,0.7305949729344713,0.987177044019677,2000,PPI_crossfit
glm_mis,PPI,300,0.15000000000000002,plugin,TRUE,FALSE,TRUE,1,0,0.8584148208866758,9.920563382609116,8.544188195513868,0.7305949729344713,0.987177044019677,2000,PPI_crossfit
glm_mis,PPI,300,0.15000000000000002,plugin,TRUE,TRUE,FALSE,1,0,0.8584148208866758,9.920563382609116,8.544188195513868,0.7305949729344713,0.987177044019677,2000,PPI_crossfit
glm_mis,PPI++,50,0.15000000000000002,plugin,FALSE,FALSE,FALSE,0.9135420813896379,0.11043714709452548,0.9786371048070943,10.674146078605297,7.348220233686617,0.7817471157552551,1.0031030324272716,2000,PPI++_noncrossfit
glm_mis,PPI++,50,0.15000000000000002,plugin,FALSE,FALSE,TRUE,0.8034445095710799,0.23860347336761784,1.0468137404469968,10.95060421049428,8.165501216133535,0.7463313489850375,1.0729840839581717,2000,PPI++_independent_split
glm_mis,PPI++,50,0.15000000000000002,plugin,FALSE,TRUE,FALSE,0.8588564827099322,0.1444919718989845,0.9187243716974226,9.30785165447589,9.148130848238004,0.6926600890290265,0.9416924809898581,2000,PPI++_crossfit
glm_mis,PPI++,50,0.15000000000000002,plugin,TRUE,FALSE,FALSE,0.9135420813896379,0.11043714709452548,0.9786371048070943,10.674146078605297,7.348220233686617,0.7817471157552551,1.0031030324272716,2000,PPI++_noncrossfit
glm_mis,PPI++,50,0.15000000000000002,plugin,TRUE,FALSE,TRUE,0.8034445095710799,0.23860347336761784,1.0468137404469968,10.95060421049428,8.165501216133535,0.7463313489850375,1.0729840839581717,2000,PPI++_independent_split
glm_mis,PPI++,50,0.15000000000000002,plugin,TRUE,TRUE,FALSE,0.8588564827099322,0.1444919718989845,0.9187243716974226,9.30785165447589,9.148130848238004,0.6926600890290265,0.9416924809898581,2000,PPI++_crossfit
glm_mis,PPI++,100,0.15000000000000002,plugin,FALSE,FALSE,FALSE,0.9260003319812257,0.08057076505735299,0.956312234834579,10.213568879433732,7.45112716915437,0.7703508027142775,1.004127846576308,2000,PPI++_noncrossfit
glm_mis,PPI++,100,0.15000000000000002,plugin,FALSE,FALSE,TRUE,0.8669823280481164,0.17448786781166786,1.028048892953238,10.177452776173043,8.763625262561181,0.7532908951812136,1.0794513376009,2000,PPI++_independent_split
glm_mis,PPI++,100,0.15000000000000002,plugin,FALSE,TRUE,FALSE,0.8806361904081624,0.11353964343023633,0.9190730176374564,10.015987111818617,9.574022553031474,0.7058003766413335,0.9650266685193293,2000,PPI++_crossfit
glm_mis,PPI++,100,0.15000000000000002,plugin,TRUE,FALSE,FALSE,0.9260003319812257,0.08057076505735299,0.956312234834579,10.213568879433732,7.45112716915437,0.7703508027142775,1.004127846576308,2000,PPI++_noncrossfit
glm_mis,PPI++,100,0.15000000000000002,plugin,TRUE,FALSE,TRUE,0.8669823280481164,0.17448786781166786,1.028048892953238,10.177452776173043,8.763625262561181,0.7532908951812136,1.0794513376009,2000,PPI++_independent_split
glm_mis,PPI++,100,0.15000000000000002,plugin,TRUE,TRUE,FALSE,0.8806361904081624,0.11353964343023633,0.9190730176374564,10.015987111818617,9.574022553031474,0.7058003766413335,0.9650266685193293,2000,PPI++_crossfit
glm_mis,PPI++,150,0.15000000000000002,plugin,FALSE,FALSE,FALSE,0.9228926200896914,0.07549121372195332,0.9347771126244827,10.286999928940123,7.931804348136333,0.7633448424535888,1.0048853960713189,2000,PPI++_noncrossfit
glm_mis,PPI++,150,0.15000000000000002,plugin,FALSE,FALSE,TRUE,0.8642714539195373,0.15877496502664293,0.9725252020098659,10.314694552323946,8.43561836417465,0.7517249303590751,1.0454645921606058,2000,PPI++_independent_split
glm_mis,PPI++,150,0.15000000000000002,plugin,FALSE,TRUE,FALSE,0.8856909814305847,0.0900113546170211,0.9107393681733278,9.934372447605242,8.944838033500561,0.7209874222024113,0.9790448207863274,2000,PPI++_crossfit
glm_mis,PPI++,150,0.15000000000000002,plugin,TRUE,FALSE,FALSE,0.9228926200896914,0.07549121372195332,0.9347771126244827,10.286999928940123,7.931804348136333,0.7633448424535888,1.0048853960713189,2000,PPI++_noncrossfit
glm_mis,PPI++,150,0.15000000000000002,plugin,TRUE,FALSE,TRUE,0.8642714539195373,0.15877496502664293,0.9725252020098659,10.314694552323946,8.43561836417465,0.7517249303590751,1.0454645921606058,2000,PPI++_independent_split
glm_mis,PPI++,150,0.15000000000000002,plugin,TRUE,TRUE,FALSE,0.8856909814305847,0.0900113546170211,0.9107393681733278,9.934372447605242,8.944838033500561,0.7209874222024113,0.9790448207863274,2000,PPI++_crossfit
glm_mis,PPI++,200,0.15000000000000002,plugin,FALSE,FALSE,FALSE,0.9007816436268994,0.07072536208864925,0.9115500267136732,10.036803693791994,7.860346969153956,0.7570152507347321,1.0027050293850406,2000,PPI++_noncrossfit
glm_mis,PPI++,200,0.15000000000000002,plugin,FALSE,FALSE,TRUE,0.8648860909082872,0.15510375338495153,0.9455045255557846,10.17826812183268,8.636420561558207,0.7486061508357796,1.040054978111363,2000,PPI++_independent_split
glm_mis,PPI++,200,0.15000000000000002,plugin,FALSE,TRUE,FALSE,0.8778083202337796,0.08081391289739495,0.894418453741821,10.02057896051697,8.920815669391398,0.7249935637558934,0.9838602991160031,2000,PPI++_crossfit
glm_mis,PPI++,200,0.15000000000000002,plugin,TRUE,FALSE,FALSE,0.9007816436268994,0.07072536208864925,0.9115500267136732,10.036803693791994,7.860346969153956,0.7570152507347321,1.0027050293850406,2000,PPI++_noncrossfit
glm_mis,PPI++,200,0.15000000000000002,plugin,TRUE,FALSE,TRUE,0.8648860909082872,0.15510375338495153,0.9455045255557846,10.17826812183268,8.636420561558207,0.7486061508357796,1.040054978111363,2000,PPI++_independent_split
glm_mis,PPI++,200,0.15000000000000002,plugin,TRUE,TRUE,FALSE,0.8778083202337796,0.08081391289739495,0.894418453741821,10.02057896051697,8.920815669391398,0.7249935637558934,0.9838602991160031,2000,PPI++_crossfit
glm_mis,PPI++,300,0.15000000000000002,plugin,FALSE,FALSE,FALSE,0.8732679488581395,0.06347973682219919,0.8751287131093316,10.127056582663553,8.127958063122882,0.7548088451927707,1.0063980200757312,2000,PPI++_noncrossfit
glm_mis,PPI++,300,0.15000000000000002,plugin,FALSE,FALSE,TRUE,0.8470863580947836,0.14735735544489045,0.8914948828778654,10.33500780852401,8.222052900942833,0.7506892510289755,1.0252191153095451,2000,PPI++_independent_split
glm_mis,PPI++,300,0.15000000000000002,plugin,FALSE,TRUE,FALSE,0.850399280290806,0.06756940180306299,0.8621278588782704,9.920563382609116,8.677644549900963,0.7305949729344713,0.9914470377100109,2000,PPI++_crossfit
glm_mis,PPI++,300,0.15000000000000002,plugin,TRUE,FALSE,FALSE,0.8732679488581395,0.06347973682219919,0.8751287131093316,10.127056582663553,8.127958063122882,0.7548088451927707,1.0063980200757312,2000,PPI++_noncrossfit
glm_mis,PPI++,300,0.15000000000000002,plugin,TRUE,FALSE,TRUE,0.8470863580947836,0.14735735544489045,0.8914948828778654,10.33500780852401,8.222052900942833,0.7506892510289755,1.0252191153095451,2000,PPI++_independent_split
glm_mis,PPI++,300,0.15000000000000002,plugin,TRUE,TRUE,FALSE,0.850399280290806,0.06756940180306299,0.8621278588782704,9.920563382609116,8.677644549900963,0.7305949729344713,0.9914470377100109,2000,PPI++_crossfit
glm_wrong,PPI,50,0.15000000000000002,plugin,FALSE,FALSE,FALSE,1,0,-0.11502134791576218,3.976653370193835,19.18886008203925,0.10975625364074694,-0.11789688161365623,2000,PPI_noncrossfit
glm_wrong,PPI,50,0.15000000000000002,plugin,FALSE,FALSE,TRUE,1,0,-0.11502134791576218,3.976653370193835,19.18886008203925,0.10975625364074694,-0.11789688161365623,2000,PPI_noncrossfit
glm_wrong,PPI,50,0.15000000000000002,plugin,FALSE,TRUE,FALSE,1,0,-0.11502134791576218,3.976653370193835,19.18886008203925,0.10975625364074694,-0.11789688161365623,2000,PPI_noncrossfit
glm_wrong,PPI,50,0.15000000000000002,plugin,TRUE,FALSE,FALSE,1,0,-3.3166236467675283,2.224195111071368,19.54783694117615,0.045099874840475576,-3.399539237936716,2000,PPI_crossfit
glm_wrong,PPI,50,0.15000000000000002,plugin,TRUE,FALSE,TRUE,1,0,-3.3166236467675283,2.224195111071368,19.54783694117615,0.045099874840475576,-3.399539237936716,2000,PPI_crossfit
glm_wrong,PPI,50,0.15000000000000002,plugin,TRUE,TRUE,FALSE,1,0,-3.3166236467675283,2.224195111071368,19.54783694117615,0.045099874840475576,-3.399539237936716,2000,PPI_crossfit
glm_wrong,PPI,100,0.15000000000000002,plugin,FALSE,FALSE,FALSE,1,0,-0.9221089946233074,2.4514312041744244,19.070390885898483,0.1460423151502902,-0.9682144443544728,2000,PPI_noncrossfit
glm_wrong,PPI,100,0.15000000000000002,plugin,FALSE,FALSE,TRUE,1,0,-0.9221089946233074,2.4514312041744244,19.070390885898483,0.1460423151502902,-0.9682144443544728,2000,PPI_noncrossfit
glm_wrong,PPI,100,0.15000000000000002,plugin,FALSE,TRUE,FALSE,1,0,-0.9221089946233074,2.4514312041744244,19.070390885898483,0.1460423151502902,-0.9682144443544728,2000,PPI_noncrossfit
glm_wrong,PPI,100,0.15000000000000002,plugin,TRUE,FALSE,FALSE,1,0,-1.1383588415356367,1.7248281787765,19.62469135128211,0.08995317917038036,-1.1952767836124185,2000,PPI_crossfit
glm_wrong,PPI,100,0.15000000000000002,plugin,TRUE,FALSE,TRUE,1,0,-1.1383588415356367,1.7248281787765,19.62469135128211,0.08995317917038036,-1.1952767836124185,2000,PPI_crossfit
glm_wrong,PPI,100,0.15000000000000002,plugin,TRUE,TRUE,FALSE,1,0,-1.1383588415356367,1.7248281787765,19.62469135128211,0.08995317917038036,-1.1952767836124185,2000,PPI_crossfit
glm_wrong,PPI,150,0.15000000000000002,plugin,FALSE,FALSE,FALSE,1,0,-0.1617908773860928,2.1678868932785846,18.39970295822242,0.1449831584021033,-0.17392519319004976,2000,PPI_noncrossfit
glm_wrong,PPI,150,0.15000000000000002,plugin,FALSE,FALSE,TRUE,1,0,-0.1617908773860928,2.1678868932785846,18.39970295822242,0.1449831584021033,-0.17392519319004976,2000,PPI_noncrossfit
glm_wrong,PPI,150,0.15000000000000002,plugin,FALSE,TRUE,FALSE,1,0,-0.1617908773860928,2.1678868932785846,18.39970295822242,0.1449831584021033,-0.17392519319004976,2000,PPI_noncrossfit
glm_wrong,PPI,150,0.15000000000000002,plugin,TRUE,FALSE,FALSE,1,0,-1.1426563107524907,1.5854004562018305,18.45895107026343,0.1179097712531619,-1.2283555340589276,2000,PPI_crossfit
glm_wrong,PPI,150,0.15000000000000002,plugin,TRUE,FALSE,TRUE,1,0,-1.1426563107524907,1.5854004562018305,18.45895107026343,0.1179097712531619,-1.2283555340589276,2000,PPI_crossfit
glm_wrong,PPI,150,0.15000000000000002,plugin,TRUE,TRUE,FALSE,1,0,-1.1426563107524907,1.5854004562018305,18.45895107026343,0.1179097712531619,-1.2283555340589276,2000,PPI_crossfit
glm_wrong,PPI,200,0.15000000000000002,plugin,FALSE,FALSE,FALSE,1,0,1.6745460836188641,1.877533637425832,18.233843319237018,0.1938317683593904,1.8420006919807506,2000,PPI_noncrossfit
glm_wrong,PPI,200,0.15000000000000002,plugin,FALSE,FALSE,TRUE,1,0,1.6745460836188641,1.877533637425832,18.233843319237018,0.1938317683593904,1.8420006919807506,2000,PPI_noncrossfit
glm_wrong,PPI,200,0.15000000000000002,plugin,FALSE,TRUE,FALSE,1,0,1.6745460836188641,1.877533637425832,18.233843319237018,0.1938317683593904,1.8420006919807506,2000,PPI_noncrossfit
glm_wrong,PPI,200,0.15000000000000002,plugin,TRUE,FALSE,FALSE,1,0,-0.30332836103082766,1.558520658691212,18.372817432274765,0.1390226974626022,-0.33366119713391046,2000,PPI_crossfit
glm_wrong,PPI,200,0.15000000000000002,plugin,TRUE,FALSE,TRUE,1,0,-0.30332836103082766,1.558520658691212,18.372817432274765,0.1390226974626022,-0.33366119713391046,2000,PPI_crossfit
glm_wrong,PPI,200,0.15000000000000002,plugin,TRUE,TRUE,FALSE,1,0,-0.30332836103082766,1.558520658691212,18.372817432274765,0.1390226974626022,-0.33366119713391046,2000,PPI_crossfit
glm_wrong,PPI,300,0.15000000000000002,plugin,FALSE,FALSE,FALSE,1,0,1.2869090367707774,1.8653278515527703,17.68939368646203,0.2005565881646785,1.4799453922863939,2000,PPI_noncrossfit
glm_wrong,PPI,300,0.15000000000000002,plugin,FALSE,FALSE,TRUE,1,0,1.2869090367707774,1.8653278515527703,17.68939368646203,0.2005565881646785,1.4799453922863939,2000,PPI_noncrossfit
glm_wrong,PPI,300,0.15000000000000002,plugin,FALSE,TRUE,FALSE,1,0,1.2869090367707774,1.8653278515527703,17.68939368646203,0.2005565881646785,1.4799453922863939,2000,PPI_noncrossfit
glm_wrong,PPI,300,0.15000000000000002,plugin,TRUE,FALSE,FALSE,1,0,-0.639550912863803,1.3238043361355378,17.89082150311964,0.14862546651250297,-0.7354835497933733,2000,PPI_crossfit
glm_wrong,PPI,300,0.15000000000000002,plugin,TRUE,FALSE,TRUE,1,0,-0.639550912863803,1.3238043361355378,17.89082150311964,0.14862546651250297,-0.7354835497933733,2000,PPI_crossfit
glm_wrong,PPI,300,0.15000000000000002,plugin,TRUE,TRUE,FALSE,1,0,-0.639550912863803,1.3238043361355378,17.89082150311964,0.14862546651250297,-0.7354835497933733,2000,PPI_crossfit
glm_wrong,PPI++,50,0.15000000000000002,plugin,FALSE,FALSE,FALSE,0.8372484946329876,0.18950585042717646,0.9610822053847903,2.8453818050944086,15.9077609906214,0.3217273536800975,0.98510926051941,2000,PPI++_noncrossfit
glm_wrong,PPI++,50,0.15000000000000002,plugin,FALSE,FALSE,TRUE,0.4091717704574677,0.41782346779964485,-0.08040515864705189,3.976653370193835,15.805136399441924,0.10975625364074694,-0.08241528761322818,2000,PPI++_independent_split
glm_wrong,PPI++,50,0.15000000000000002,plugin,FALSE,TRUE,FALSE,0.31985327316757084,0.37034786640906986,-2.6313010801381607,2.224195111071368,16.027711537525033,0.045099874840475576,-2.6970836071416144,2000,PPI++_crossfit
glm_wrong,PPI++,50,0.15000000000000002,plugin,TRUE,FALSE,FALSE,0.8372484946329876,0.18950585042717646,0.9610822053847903,2.8453818050944086,15.9077609906214,0.3217273536800975,0.98510926051941,2000,PPI++_noncrossfit
glm_wrong,PPI++,50,0.15000000000000002,plugin,TRUE,FALSE,TRUE,0.4091717704574677,0.41782346779964485,-0.08040515864705189,3.976653370193835,15.805136399441924,0.10975625364074694,-0.08241528761322818,2000,PPI++_independent_split
glm_wrong,PPI++,50,0.15000000000000002,plugin,TRUE,TRUE,FALSE,0.31985327316757084,0.37034786640906986,-2.6313010801381607,2.224195111071368,16.027711537525033,0.045099874840475576,-2.6970836071416144,2000,PPI++_crossfit
glm_wrong,PPI++,100,0.15000000000000002,plugin,FALSE,FALSE,FALSE,0.8813727178442186,0.14348623558845727,0.9597440891553896,1.865997888414792,16.14947312179691,0.27210067685466705,1.007731293613159,2000,PPI++_noncrossfit
glm_wrong,PPI++,100,0.15000000000000002,plugin,FALSE,FALSE,TRUE,0.49208559983513367,0.418124773207987,-0.905690870828215,2.4514312041744244,17.50224467337231,0.1460423151502902,-0.9509754143696257,2000,PPI++_independent_split
glm_wrong,PPI++,100,0.15000000000000002,plugin,FALSE,TRUE,FALSE,0.3996341975497102,0.39407452019327344,-0.9962401011050147,1.7248281787765,17.689863657245958,0.08995317917038036,-1.0460521061602654,2000,PPI++_crossfit
glm_wrong,PPI++,100,0.15000000000000002,plugin,TRUE,FALSE,FALSE,0.8813727178442186,0.14348623558845727,0.9597440891553896,1.865997888414792,16.14947312179691,0.27210067685466705,1.007731293613159,2000,PPI++_noncrossfit
glm_wrong,PPI++,100,0.15000000000000002,plugin,TRUE,FALSE,TRUE,0.49208559983513367,0.418124773207987,-0.905690870828215,2.4514312041744244,17.50224467337231,0.1460423151502902,-0.9509754143696257,2000,PPI++_independent_split
glm_wrong,PPI++,100,0.15000000000000002,plugin,TRUE,TRUE,FALSE,0.3996341975497102,0.39407452019327344,-0.9962401011050147,1.7248281787765,17.689863657245958,0.08995317917038036,-1.0460521061602654,2000,PPI++_crossfit
glm_wrong,PPI++,150,0.15000000000000002,plugin,FALSE,FALSE,FALSE,0.8832779108648539,0.12675875135873196,0.9329644215976969,1.7203744250385826,16.804832544106066,0.2614422065791154,1.0029367532175242,2000,PPI++_noncrossfit
glm_wrong,PPI++,150,0.15000000000000002,plugin,FALSE,FALSE,TRUE,0.5359786296676898,0.408375209561262,-0.14192851938069434,2.1678868932785846,17.153831621840574,0.1449831584021033,-0.15257315833424642,2000,PPI++_independent_split
glm_wrong,PPI++,150,0.15000000000000002,plugin,FALSE,TRUE,FALSE,0.45652852912966235,0.36667592202924837,-1.0244729688874723,1.5854004562018305,17.234132501288283,0.1179097712531619,-1.1013084415540326,2000,PPI++_crossfit
glm_wrong,PPI++,150,0.15000000000000002,plugin,TRUE,FALSE,FALSE,0.8832779108648539,0.12675875135873196,0.9329644215976969,1.7203744250385826,16.804832544106066,0.2614422065791154,1.0029367532175242,2000,PPI++_noncrossfit
glm_wrong,PPI++,150,0.15000000000000002,plugin,TRUE,FALSE,TRUE,0.5359786296676898,0.408375209561262,-0.14192851938069434,2.1678868932785846,17.153831621840574,0.1449831584021033,-0.15257315833424642,2000,PPI++_independent_split
glm_wrong,PPI++,150,0.15000000000000002,plugin,TRUE,TRUE,FALSE,0.45652852912966235,0.36667592202924837,-1.0244729688874723,1.5854004562018305,17.234132501288283,0.1179097712531619,-1.1013084415540326,2000,PPI++_crossfit
glm_wrong,PPI++,200,0.15000000000000002,plugin,FALSE,FALSE,FALSE,0.8790989311805764,0.11315977256051199,0.9086073783092667,1.5257076763067248,16.36865782187432,0.2547972777669294,0.9994681161401935,2000,PPI++_noncrossfit
glm_wrong,PPI++,200,0.15000000000000002,plugin,FALSE,FALSE,TRUE,0.5999734193126601,0.39033525595644564,1.6791056641683348,1.877533637425832,17.418796055537488,0.1938317683593904,1.8470162305851685,2000,PPI++_independent_split
glm_wrong,PPI++,200,0.15000000000000002,plugin,FALSE,TRUE,FALSE,0.49947260774061625,0.36603364654925324,-0.24725149306492894,1.558520658691212,17.31778825764133,0.1390226974626022,-0.27197664237142183,2000,PPI++_crossfit
glm_wrong,PPI++,200,0.15000000000000002,plugin,TRUE,FALSE,FALSE,0.8790989311805764,0.11315977256051199,0.9086073783092667,1.5257076763067248,16.36865782187432,0.2547972777669294,0.9994681161401935,2000,PPI++_noncrossfit
glm_wrong,PPI++,200,0.15000000000000002,plugin,TRUE,FALSE,TRUE,0.5999734193126601,0.39033525595644564,1.6791056641683348,1.877533637425832,17.418796055537488,0.1938317683593904,1.8470162305851685,2000,PPI++_independent_split
glm_wrong,PPI++,200,0.15000000000000002,plugin,TRUE,TRUE,FALSE,0.49947260774061625,0.36603364654925324,-0.24725149306492894,1.558520658691212,17.31778825764133,0.1390226974626022,-0.27197664237142183,2000,PPI++_crossfit
glm_wrong,PPI++,300,0.15000000000000002,plugin,FALSE,FALSE,FALSE,0.8641005412695122,0.11144685825973383,0.8742584710030051,1.2719538446756675,16.98066157209321,0.23918374767086176,1.0053972416534558,2000,PPI++_noncrossfit
glm_wrong,PPI++,300,0.15000000000000002,plugin,FALSE,FALSE,TRUE,0.610430191674531,0.367401962502341,1.2887067842861584,1.8653278515527703,16.97564229101663,0.2005565881646785,1.482012801929082,2000,PPI++_independent_split
glm_wrong,PPI++,300,0.15000000000000002,plugin,FALSE,TRUE,FALSE,0.5168501378593445,0.3291313335585394,-0.5998333374224507,1.3238043361355378,17.246620450761423,0.14862546651250297,-0.6898083380358182,2000,PPI++_crossfit
glm_wrong,PPI++,300,0.15000000000000002,plugin,TRUE,FALSE,FALSE,0.8641005412695122,0.11144685825973383,0.8742584710030051,1.2719538446756675,16.98066157209321,0.23918374767086176,1.0053972416534558,2000,PPI++_noncrossfit
glm_wrong,PPI++,300,0.15000000000000002,plugin,TRUE,FALSE,TRUE,0.610430191674531,0.367401962502341,1.2887067842861584,1.8653278515527703,16.97564229101663,0.2005565881646785,1.482012801929082,2000,PPI++_independent_split
glm_wrong,PPI++,300,0.15000000000000002,plugin,TRUE,TRUE,FALSE,0.5168501378593445,0.3291313335585394,-0.5998333374224507,1.3238043361355378,17.246620450761423,0.14862546651250297,-0.6898083380358182,2000,PPI++_crossfit
rf,PPI,50,0.15000000000000002,plugin,FALSE,FALSE,FALSE,1,0,1.3938379430198362,3.4346514118856715,11.502886598053085,0.6770690093476815,1.428683891595332,2000,PPI_noncrossfit
rf,PPI,50,0.15000000000000002,plugin,FALSE,FALSE,TRUE,1,0,1.3938379430198362,3.4346514118856715,11.502886598053085,0.6770690093476815,1.428683891595332,2000,PPI_noncrossfit
rf,PPI,50,0.15000000000000002,plugin,FALSE,TRUE,FALSE,1,0,1.3938379430198362,3.4346514118856715,11.502886598053085,0.6770690093476815,1.428683891595332,2000,PPI_noncrossfit
rf,PPI,50,0.15000000000000002,plugin,TRUE,FALSE,FALSE,1,0,1.2512542527909447,2.7481640567152574,12.341594290579799,0.605143316933494,1.2825356091107183,2000,PPI_crossfit
rf,PPI,50,0.15000000000000002,plugin,TRUE,FALSE,TRUE,1,0,1.2512542527909447,2.7481640567152574,12.341594290579799,0.605143316933494,1.2825356091107183,2000,PPI_crossfit
rf,PPI,50,0.15000000000000002,plugin,TRUE,TRUE,FALSE,1,0,1.2512542527909447,2.7481640567152574,12.341594290579799,0.605143316933494,1.2825356091107183,2000,PPI_crossfit
rf,PPI,100,0.15000000000000002,plugin,FALSE,FALSE,FALSE,1,0,1.234940976199547,4.8522787684930035,8.817602115940273,0.7700195777063111,1.2966880250095243,2000,PPI_noncrossfit
rf,PPI,100,0.15000000000000002,plugin,FALSE,FALSE,TRUE,1,0,1.234940976199547,4.8522787684930035,8.817602115940273,0.7700195777063111,1.2966880250095243,2000,PPI_noncrossfit
rf,PPI,100,0.15000000000000002,plugin,FALSE,TRUE,FALSE,1,0,1.234940976199547,4.8522787684930035,8.817602115940273,0.7700195777063111,1.2966880250095243,2000,PPI_noncrossfit
rf,PPI,100,0.15000000000000002,plugin,TRUE,FALSE,FALSE,1,0,1.213839010745785,4.0608517295174975,9.370006509809686,0.7411223028680717,1.2745309612830744,2000,PPI_crossfit
rf,PPI,100,0.15000000000000002,plugin,TRUE,FALSE,TRUE,1,0,1.213839010745785,4.0608517295174975,9.370006509809686,0.7411223028680717,1.2745309612830744,2000,PPI_crossfit
rf,PPI,100,0.15000000000000002,plugin,TRUE,TRUE,FALSE,1,0,1.213839010745785,4.0608517295174975,9.370006509809686,0.7411223028680717,1.2745309612830744,2000,PPI_crossfit
rf,PPI,150,0.15000000000000002,plugin,FALSE,FALSE,FALSE,1,0,1.1536389923466672,5.6880652985011935,7.807310951255611,0.8086902096172435,1.2401619167726672,2000,PPI_noncrossfit
rf,PPI,150,0.15000000000000002,plugin,FALSE,FALSE,TRUE,1,0,1.1536389923466672,5.6880652985011935,7.807310951255611,0.8086902096172435,1.2401619167726672,2000,PPI_noncrossfit
rf,PPI,150,0.15000000000000002,plugin,FALSE,TRUE,FALSE,1,0,1.1536389923466672,5.6880652985011935,7.807310951255611,0.8086902096172435,1.2401619167726672,2000,PPI_noncrossfit
rf,PPI,150,0.15000000000000002,plugin,TRUE,FALSE,FALSE,1,0,1.1398105652503359,4.997570334622604,7.725611906977772,0.792587543041049,1.2252963576441112,2000,PPI_crossfit
rf,PPI,150,0.15000000000000002,plugin,TRUE,FALSE,TRUE,1,0,1.1398105652503359,4.997570334622604,7.725611906977772,0.792587543041049,1.2252963576441112,2000,PPI_crossfit
rf,PPI,150,0.15000000000000002,plugin,TRUE,TRUE,FALSE,1,0,1.1398105652503359,4.997570334622604,7.725611906977772,0.792587543041049,1.2252963576441112,2000,PPI_crossfit
rf,PPI,200,0.15000000000000002,plugin,FALSE,FALSE,FALSE,1,0,1.0985692200744313,6.220336700468201,7.2709891031864755,0.8273193793327066,1.2084261420818745,2000,PPI_noncrossfit
rf,PPI,200,0.15000000000000002,plugin,FALSE,FALSE,TRUE,1,0,1.0985692200744313,6.220336700468201,7.2709891031864755,0.8273193793327066,1.2084261420818745,2000,PPI_noncrossfit
rf,PPI,200,0.15000000000000002,plugin,FALSE,TRUE,FALSE,1,0,1.0985692200744313,6.220336700468201,7.2709891031864755,0.8273193793327066,1.2084261420818745,2000,PPI_noncrossfit
rf,PPI,200,0.15000000000000002,plugin,TRUE,FALSE,FALSE,1,0,1.0791767389359075,5.7473655632732035,6.875760182073053,0.8188243425334224,1.1870944128294982,2000,PPI_crossfit
rf,PPI,200,0.15000000000000002,plugin,TRUE,FALSE,TRUE,1,0,1.0791767389359075,5.7473655632732035,6.875760182073053,0.8188243425334224,1.1870944128294982,2000,PPI_crossfit
rf,PPI,200,0.15000000000000002,plugin,TRUE,TRUE,FALSE,1,0,1.0791767389359075,5.7473655632732035,6.875760182073053,0.8188243425334224,1.1870944128294982,2000,PPI_crossfit
rf,PPI,300,0.15000000000000002,plugin,FALSE,FALSE,FALSE,1,0,1.0052953917181426,7.266002149558178,6.070504842566357,0.8564892250430831,1.156089700475864,2000,PPI_noncrossfit
rf,PPI,300,0.15000000000000002,plugin,FALSE,FALSE,TRUE,1,0,1.0052953917181426,7.266002149558178,6.070504842566357,0.8564892250430831,1.156089700475864,2000,PPI_noncrossfit
rf,PPI,300,0.15000000000000002,plugin,FALSE,TRUE,FALSE,1,0,1.0052953917181426,7.266002149558178,6.070504842566357,0.8564892250430831,1.156089700475864,2000,PPI_noncrossfit
rf,PPI,300,0.15000000000000002,plugin,TRUE,FALSE,FALSE,1,0,0.9986505708160759,6.876177764128055,5.860244439323318,0.8531774770242612,1.1484481564384872,2000,PPI_crossfit
rf,PPI,300,0.15000000000000002,plugin,TRUE,FALSE,TRUE,1,0,0.9986505708160759,6.876177764128055,5.860244439323318,0.8531774770242612,1.1484481564384872,2000,PPI_crossfit
rf,PPI,300,0.15000000000000002,plugin,TRUE,TRUE,FALSE,1,0,0.9986505708160759,6.876177764128055,5.860244439323318,0.8531774770242612,1.1484481564384872,2000,PPI_crossfit
rf,PPI++,50,0.15000000000000002,plugin,FALSE,FALSE,FALSE,1,0,1.11427330854341,4.777077988014123,1.9953547565202021,0.9718057076060602,1.142130141256995,2000,PPI++_noncrossfit
rf,PPI++,50,0.15000000000000002,plugin,FALSE,FALSE,TRUE,0.9247550221518794,0.1643144361779588,1.395830121463752,3.4346514118856715,11.51423596910925,0.6770690093476815,1.4307258745003457,2000,PPI++_independent_split
rf,PPI++,50,0.15000000000000002,plugin,FALSE,TRUE,FALSE,0.9495508537883688,0.14754145875353197,1.2513959208024206,2.7481640567152574,12.263715255650338,0.605143316933494,1.282680818822481,2000,PPI++_crossfit
rf,PPI++,50,0.15000000000000002,plugin,TRUE,FALSE,FALSE,1,0,1.11427330854341,4.777077988014123,1.9953547565202021,0.9718057076060602,1.142130141256995,2000,PPI++_noncrossfit
rf,PPI++,50,0.15000000000000002,plugin,TRUE,FALSE,TRUE,0.9247550221518794,0.1643144361779588,1.395830121463752,3.4346514118856715,11.51423596910925,0.6770690093476815,1.4307258745003457,2000,PPI++_independent_split
rf,PPI++,50,0.15000000000000002,plugin,TRUE,TRUE,FALSE,0.9495508537883688,0.14754145875353197,1.2513959208024206,2.7481640567152574,12.263715255650338,0.605143316933494,1.282680818822481,2000,PPI++_crossfit
rf,PPI++,100,0.15000000000000002,plugin,FALSE,FALSE,FALSE,0.999945892039247,0.0012098907836764776,1.0299989479017186,6.2402678896813955,1.4545558247332444,0.9771078881625996,1.0814988952968045,2000,PPI++_noncrossfit
rf,PPI++,100,0.15000000000000002,plugin,FALSE,FALSE,TRUE,0.951778844533409,0.11157964360852347,1.2384740478569287,4.8522787684930035,8.885735302893007,0.7700195777063111,1.3003977502497752,2000,PPI++_independent_split
rf,PPI++,100,0.15000000000000002,plugin,FALSE,TRUE,FALSE,0.9857431259473239,0.05908541132758359,1.2145754831399513,4.0608517295174975,9.376535257752488,0.7411223028680717,1.275304257296949,2000,PPI++_crossfit
rf,PPI++,100,0.15000000000000002,plugin,TRUE,FALSE,FALSE,0.999945892039247,0.0012098907836764776,1.0299989479017186,6.2402678896813955,1.4545558247332444,0.9771078881625996,1.0814988952968045,2000,PPI++_noncrossfit
rf,PPI++,100,0.15000000000000002,plugin,TRUE,FALSE,TRUE,0.951778844533409,0.11157964360852347,1.2384740478569287,4.8522787684930035,8.885735302893007,0.7700195777063111,1.3003977502497752,2000,PPI++_independent_split
rf,PPI++,100,0.15000000000000002,plugin,TRUE,TRUE,FALSE,0.9857431259473239,0.05908541132758359,1.2145754831399513,4.0608517295174975,9.376535257752488,0.7411223028680717,1.275304257296949,2000,PPI++_crossfit
rf,PPI++,150,0.15000000000000002,plugin,FALSE,FALSE,FALSE,0.9998654832029891,0.0018699302857699946,0.9863540010801927,7.320886752796548,1.322484093553592,0.9784003817346008,1.0603305511612071,2000,PPI++_noncrossfit
rf,PPI++,150,0.15000000000000002,plugin,FALSE,FALSE,TRUE,0.9682522481703945,0.09166993216122553,1.1564561777505422,5.6880652985011935,7.868749378379932,0.8086902096172435,1.243190391081833,2000,PPI++_independent_split
rf,PPI++,150,0.15000000000000002,plugin,FALSE,TRUE,FALSE,0.9934660582824013,0.028679165576575426,1.1405044193011757,4.997570334622604,7.738804543734542,0.792587543041049,1.2260422507487638,2000,PPI++_crossfit
rf,PPI++,150,0.15000000000000002,plugin,TRUE,FALSE,FALSE,0.9998654832029891,0.0018699302857699946,0.9863540010801927,7.320886752796548,1.322484093553592,0.9784003817346008,1.0603305511612071,2000,PPI++_noncrossfit
rf,PPI++,150,0.15000000000000002,plugin,TRUE,FALSE,TRUE,0.9682522481703945,0.09166993216122553,1.1564561777505422,5.6880652985011935,7.868749378379932,0.8086902096172435,1.243190391081833,2000,PPI++_independent_split
rf,PPI++,150,0.15000000000000002,plugin,TRUE,TRUE,FALSE,0.9934660582824013,0.028679165576575426,1.1405044193011757,4.997570334622604,7.738804543734542,0.792587543041049,1.2260422507487638,2000,PPI++_crossfit
rf,PPI++,200,0.15000000000000002,plugin,FALSE,FALSE,FALSE,0.9990466678643745,0.008903775024476642,0.9544729082063282,8.100274924428337,1.2186908474226907,0.9802838843172741,1.049920199026961,2000,PPI++_noncrossfit
rf,PPI++,200,0.15000000000000002,plugin,FALSE,FALSE,TRUE,0.9713646988249438,0.076509494815503,1.1019051490884515,6.220336700468201,7.355236454667584,0.8273193793327066,1.2120956639972966,2000,PPI++_independent_split
rf,PPI++,200,0.15000000000000002,plugin,FALSE,TRUE,FALSE,0.9946335867604243,0.022574350966165006,1.0798158693541606,5.7473655632732035,6.888568275749022,0.8188243425334224,1.1877974562895768,2000,PPI++_crossfit
rf,PPI++,200,0.15000000000000002,plugin,TRUE,FALSE,FALSE,0.9990466678643745,0.008903775024476642,0.9544729082063282,8.100274924428337,1.2186908474226907,0.9802838843172741,1.049920199026961,2000,PPI++_noncrossfit
rf,PPI++,200,0.15000000000000002,plugin,TRUE,FALSE,TRUE,0.9713646988249438,0.076509494815503,1.1019051490884515,6.220336700468201,7.355236454667584,0.8273193793327066,1.2120956639972966,2000,PPI++_independent_split
rf,PPI++,200,0.15000000000000002,plugin,TRUE,TRUE,FALSE,0.9946335867604243,0.022574350966165006,1.0798158693541606,5.7473655632732035,6.888568275749022,0.8188243425334224,1.1877974562895768,2000,PPI++_crossfit
rf,PPI++,300,0.15000000000000002,plugin,FALSE,FALSE,FALSE,0.9979976326756446,0.013913053375020553,0.8991857853152119,9.202939294229443,1.002009814523411,0.9826009986379812,1.0340636531124936,2000,PPI++_noncrossfit
rf,PPI++,300,0.15000000000000002,plugin,FALSE,FALSE,TRUE,0.973120976701717,0.06814859112428406,1.0085766247048142,7.266002149558178,6.155124940098289,0.8564892250430831,1.1598631184105364,2000,PPI++_independent_split
rf,PPI++,300,0.15000000000000002,plugin,FALSE,TRUE,FALSE,0.9906358040383708,0.029762236078088408,0.9999444803419149,6.876177764128055,5.88961015689631,0.8531774770242612,1.149936152393202,2000,PPI++_crossfit
rf,PPI++,300,0.15000000000000002,plugin,TRUE,FALSE,FALSE,0.9979976326756446,0.013913053375020553,0.8991857853152119,9.202939294229443,1.002009814523411,0.9826009986379812,1.0340636531124936,2000,PPI++_noncrossfit
rf,PPI++,300,0.15000000000000002,plugin,TRUE,FALSE,TRUE,0.973120976701717,0.06814859112428406,1.0085766247048142,7.266002149558178,6.155124940098289,0.8564892250430831,1.1598631184105364,2000,PPI++_independent_split
rf,PPI++,300,0.15000000000000002,plugin,TRUE,TRUE,FALSE,0.9906358040383708,0.029762236078088408,0.9999444803419149,6.876177764128055,5.88961015689631,0.8531774770242612,1.149936152393202,2000,PPI++_crossfit
glm_correct,PPI,50,0.2,plugin,FALSE,FALSE,FALSE,1,0,0.9615152477348147,17.43043668003169,1.276781381842545,0.9490148197120085,0.9855531289281849,2000,PPI_noncrossfit
glm_correct,PPI,50,0.2,plugin,FALSE,FALSE,TRUE,1,0,0.9615152477348147,17.43043668003169,1.276781381842545,0.9490148197120085,0.9855531289281849,2000,PPI_noncrossfit
glm_correct,PPI,50,0.2,plugin,FALSE,TRUE,FALSE,1,0,0.9615152477348147,17.43043668003169,1.276781381842545,0.9490148197120085,0.9855531289281849,2000,PPI_noncrossfit
glm_correct,PPI,50,0.2,plugin,TRUE,FALSE,FALSE,1,0,0.9596470211632628,17.368486294025903,1.3961166606428488,0.9453169012438382,0.9836381966923443,2000,PPI_crossfit
glm_correct,PPI,50,0.2,plugin,TRUE,FALSE,TRUE,1,0,0.9596470211632628,17.368486294025903,1.3961166606428488,0.9453169012438382,0.9836381966923443,2000,PPI_crossfit
glm_correct,PPI,50,0.2,plugin,TRUE,TRUE,FALSE,1,0,0.9596470211632628,17.368486294025903,1.3961166606428488,0.9453169012438382,0.9836381966923443,2000,PPI_crossfit
glm_correct,PPI,100,0.2,plugin,FALSE,FALSE,FALSE,1,0,0.9479602388008264,17.087194411739247,1.0666643465646402,0.9649700402818863,0.9953582507408677,2000,PPI_noncrossfit
glm_correct,PPI,100,0.2,plugin,FALSE,FALSE,TRUE,1,0,0.9479602388008264,17.087194411739247,1.0666643465646402,0.9649700402818863,0.9953582507408677,2000,PPI_noncrossfit
glm_correct,PPI,100,0.2,plugin,FALSE,TRUE,FALSE,1,0,0.9479602388008264,17.087194411739247,1.0666643465646402,0.9649700402818863,0.9953582507408677,2000,PPI_noncrossfit
glm_correct,PPI,100,0.2,plugin,TRUE,FALSE,FALSE,1,0,0.9460268176940897,17.012824821430815,1.1214236744999968,0.9615069902323784,0.9933281585787942,2000,PPI_crossfit
glm_correct,PPI,100,0.2,plugin,TRUE,FALSE,TRUE,1,0,0.9460268176940897,17.012824821430815,1.1214236744999968,0.9615069902323784,0.9933281585787942,2000,PPI_crossfit
glm_correct,PPI,100,0.2,plugin,TRUE,TRUE,FALSE,1,0,0.9460268176940897,17.012824821430815,1.1214236744999968,0.9615069902323784,0.9933281585787942,2000,PPI_crossfit
glm_correct,PPI,150,0.2,plugin,FALSE,FALSE,FALSE,1,0,0.9267832431374059,16.89775757867621,1.0579157160209485,0.96585248162913,0.9962919863727113,2000,PPI_noncrossfit
glm_correct,PPI,150,0.2,plugin,FALSE,FALSE,TRUE,1,0,0.9267832431374059,16.89775757867621,1.0579157160209485,0.96585248162913,0.9962919863727113,2000,PPI_noncrossfit
glm_correct,PPI,150,0.2,plugin,FALSE,TRUE,FALSE,1,0,0.9267832431374059,16.89775757867621,1.0579157160209485,0.96585248162913,0.9962919863727113,2000,PPI_noncrossfit
glm_correct,PPI,150,0.2,plugin,TRUE,FALSE,FALSE,1,0,0.9257039581397399,17.086765940553825,1.0735184481054765,0.9646678840924694,0.9951317550002204,2000,PPI_crossfit
glm_correct,PPI,150,0.2,plugin,TRUE,FALSE,TRUE,1,0,0.9257039581397399,17.086765940553825,1.0735184481054765,0.9646678840924694,0.9951317550002204,2000,PPI_crossfit
glm_correct,PPI,150,0.2,plugin,TRUE,TRUE,FALSE,1,0,0.9257039581397399,17.086765940553825,1.0735184481054765,0.9646678840924694,0.9951317550002204,2000,PPI_crossfit
glm_correct,PPI,200,0.2,plugin,FALSE,FALSE,FALSE,1,0,0.9068105205123267,16.919910521992787,1.0345031122674606,0.9677453212929374,0.9974915725635594,2000,PPI_noncrossfit
glm_correct,PPI,200,0.2,plugin,FALSE,FALSE,TRUE,1,0,0.9068105205123267,16.919910521992787,1.0345031122674606,0.9677453212929374,0.9974915725635594,2000,PPI_noncrossfit
glm_correct,PPI,200,0.2,plugin,FALSE,TRUE,FALSE,1,0,0.9068105205123267,16.919910521992787,1.0345031122674606,0.9677453212929374,0.9974915725635594,2000,PPI_noncrossfit
glm_correct,PPI,200,0.2,plugin,TRUE,FALSE,FALSE,1,0,0.9060163469090142,16.984630587744977,1.0532612561360828,0.9666596494498496,0.9966179815999157,2000,PPI_crossfit
glm_correct,PPI,200,0.2,plugin,TRUE,FALSE,TRUE,1,0,0.9060163469090142,16.984630587744977,1.0532612561360828,0.9666596494498496,0.9966179815999157,2000,PPI_crossfit
glm_correct,PPI,200,0.2,plugin,TRUE,TRUE,FALSE,1,0,0.9060163469090142,16.984630587744977,1.0532612561360828,0.9666596494498496,0.9966179815999157,2000,PPI_crossfit
glm_correct,PPI,300,0.2,plugin,FALSE,FALSE,FALSE,1,0,0.8676188066462989,17.075041451500223,1.0223479041589634,0.9685799641022974,0.9977616276432436,2000,PPI_noncrossfit
glm_correct,PPI,300,0.2,plugin,FALSE,FALSE,TRUE,1,0,0.8676188066462989,17.075041451500223,1.0223479041589634,0.9685799641022974,0.9977616276432436,2000,PPI_noncrossfit
glm_correct,PPI,300,0.2,plugin,FALSE,TRUE,FALSE,1,0,0.8676188066462989,17.075041451500223,1.0223479041589634,0.9685799641022974,0.9977616276432436,2000,PPI_noncrossfit
glm_correct,PPI,300,0.2,plugin,TRUE,FALSE,FALSE,1,0,0.8672933108206086,17.032780574279585,1.039183003911575,0.9677857598002145,0.9973873074436997,2000,PPI_crossfit
glm_correct,PPI,300,0.2,plugin,TRUE,FALSE,TRUE,1,0,0.8672933108206086,17.032780574279585,1.039183003911575,0.9677857598002145,0.9973873074436997,2000,PPI_crossfit
glm_correct,PPI,300,0.2,plugin,TRUE,TRUE,FALSE,1,0,0.8672933108206086,17.032780574279585,1.039183003911575,0.9677857598002145,0.9973873074436997,2000,PPI_crossfit
glm_correct,PPI++,50,0.2,plugin,FALSE,FALSE,FALSE,0.726162361704627,0.2706462923097799,0.9886951639681655,16.984770458208136,1.9785143715317277,0.9600541545725166,1.0134125430673695,2000,PPI++_noncrossfit
glm_correct,PPI++,50,0.2,plugin,FALSE,FALSE,TRUE,0.6839734902216453,0.275929182753045,0.9874939675496025,17.43043668003169,2.3250751624375763,0.9490148197120085,1.0121813167383424,2000,PPI++_independent_split
glm_correct,PPI++,50,0.2,plugin,FALSE,TRUE,FALSE,0.6965215954080625,0.2613171722842752,0.9851561574257589,17.368486294025903,2.440236975088848,0.9453169012438382,1.0097850613614028,2000,PPI++_crossfit
glm_correct,PPI++,50,0.2,plugin,TRUE,FALSE,FALSE,0.726162361704627,0.2706462923097799,0.9886951639681655,16.984770458208136,1.9785143715317277,0.9600541545725166,1.0134125430673695,2000,PPI++_noncrossfit
glm_correct,PPI++,50,0.2,plugin,TRUE,FALSE,TRUE,0.6839734902216453,0.275929182753045,0.9874939675496025,17.43043668003169,2.3250751624375763,0.9490148197120085,1.0121813167383424,2000,PPI++_independent_split
glm_correct,PPI++,50,0.2,plugin,TRUE,TRUE,FALSE,0.6965215954080625,0.2613171722842752,0.9851561574257589,17.368486294025903,2.440236975088848,0.9453169012438382,1.0097850613614028,2000,PPI++_crossfit
glm_correct,PPI++,100,0.2,plugin,FALSE,FALSE,FALSE,0.7806060906555916,0.22357513879766347,0.9671187463548981,17.057086100131947,1.8300883384915545,0.9659520331594825,1.0154746836726432,2000,PPI++_noncrossfit
glm_correct,PPI++,100,0.2,plugin,FALSE,FALSE,TRUE,0.7854537300317059,0.22163306892306595,0.968052863659294,17.087194411739247,1.8829279261718297,0.9649700402818863,1.0164555068422587,2000,PPI++_independent_split
glm_correct,PPI++,100,0.2,plugin,FALSE,TRUE,FALSE,0.7861659816874043,0.2265477264292535,0.9660527086927642,17.012824821430815,1.9396825015174033,0.9615069902323784,1.0143553441274025,2000,PPI++_crossfit
glm_correct,PPI++,100,0.2,plugin,TRUE,FALSE,FALSE,0.7806060906555916,0.22357513879766347,0.9671187463548981,17.057086100131947,1.8300883384915545,0.9659520331594825,1.0154746836726432,2000,PPI++_noncrossfit
glm_correct,PPI++,100,0.2,plugin,TRUE,FALSE,TRUE,0.7854537300317059,0.22163306892306595,0.968052863659294,17.087194411739247,1.8829279261718297,0.9649700402818863,1.0164555068422587,2000,PPI++_independent_split
glm_correct,PPI++,100,0.2,plugin,TRUE,TRUE,FALSE,0.7861659816874043,0.2265477264292535,0.9660527086927642,17.012824821430815,1.9396825015174033,0.9615069902323784,1.0143553441274025,2000,PPI++_crossfit
glm_correct,PPI++,150,0.2,plugin,FALSE,FALSE,FALSE,0.810353517897356,0.20024855509376288,0.9443354651935828,17.032209106555637,1.7303968659379463,0.968052297935601,1.0151606250831016,2000,PPI++_noncrossfit
glm_correct,PPI++,150,0.2,plugin,FALSE,FALSE,TRUE,0.8035319804191473,0.19802420302404047,0.9453083162161673,16.89775757867621,1.8305192610611094,0.96585248162913,1.0162064399323798,2000,PPI++_independent_split
glm_correct,PPI++,150,0.2,plugin,FALSE,TRUE,FALSE,0.8012531604378856,0.20470199595019822,0.9442301010209269,17.086765940553825,1.8714612468362846,0.9646678840924694,1.0150473585974964,2000,PPI++_crossfit
glm_correct,PPI++,150,0.2,plugin,TRUE,FALSE,FALSE,0.810353517897356,0.20024855509376288,0.9443354651935828,17.032209106555637,1.7303968659379463,0.968052297935601,1.0151606250831016,2000,PPI++_noncrossfit
glm_correct,PPI++,150,0.2,plugin,TRUE,FALSE,TRUE,0.8035319804191473,0.19802420302404047,0.9453083162161673,16.89775757867621,1.8305192610611094,0.96585248162913,1.0162064399323798,2000,PPI++_independent_split
glm_correct,PPI++,150,0.2,plugin,TRUE,TRUE,FALSE,0.8012531604378856,0.20470199595019822,0.9442301010209269,17.086765940553825,1.8714612468362846,0.9646678840924694,1.0150473585974964,2000,PPI++_crossfit
glm_correct,PPI++,200,0.2,plugin,FALSE,FALSE,FALSE,0.806999749776501,0.18676012551120658,0.9235037099796111,17.081440219421673,1.7606294412249832,0.9680065715868642,1.0158540809775722,2000,PPI++_noncrossfit
glm_correct,PPI++,200,0.2,plugin,FALSE,FALSE,TRUE,0.8174194347713876,0.18803328434028105,0.9234979902283623,16.919910521992787,1.7545918908059635,0.9677453212929374,1.0158477892511986,2000,PPI++_independent_split
glm_correct,PPI++,200,0.2,plugin,FALSE,TRUE,FALSE,0.818904270848704,0.1861806106736234,0.922223796494278,16.984630587744977,1.7434334571147996,0.9666596494498496,1.0144461761437058,2000,PPI++_crossfit
glm_correct,PPI++,200,0.2,plugin,TRUE,FALSE,FALSE,0.806999749776501,0.18676012551120658,0.9235037099796111,17.081440219421673,1.7606294412249832,0.9680065715868642,1.0158540809775722,2000,PPI++_noncrossfit
glm_correct,PPI++,200,0.2,plugin,TRUE,FALSE,TRUE,0.8174194347713876,0.18803328434028105,0.9234979902283623,16.919910521992787,1.7545918908059635,0.9677453212929374,1.0158477892511986,2000,PPI++_independent_split
glm_correct,PPI++,200,0.2,plugin,TRUE,TRUE,FALSE,0.818904270848704,0.1861806106736234,0.922223796494278,16.984630587744977,1.7434334571147996,0.9666596494498496,1.0144461761437058,2000,PPI++_crossfit
glm_correct,PPI++,300,0.2,plugin,FALSE,FALSE,FALSE,0.8163665022137329,0.16761298321091647,0.8845518272534736,16.92028705774451,1.7368370919575467,0.9696097578446224,1.0172346013414946,2000,PPI++_noncrossfit
glm_correct,PPI++,300,0.2,plugin,FALSE,FALSE,TRUE,0.8105382238379254,0.16968319833865797,0.8845737707039035,17.075041451500223,1.7812420311321513,0.9685799641022974,1.017259836309489,2000,PPI++_independent_split
glm_correct,PPI++,300,0.2,plugin,FALSE,TRUE,FALSE,0.8055621637559176,0.1737292928818494,0.8849561655464278,17.032780574279585,1.8367471594188713,0.9677857598002145,1.0176995903783919,2000,PPI++_crossfit
glm_correct,PPI++,300,0.2,plugin,TRUE,FALSE,FALSE,0.8163665022137329,0.16761298321091647,0.8845518272534736,16.92028705774451,1.7368370919575467,0.9696097578446224,1.0172346013414946,2000,PPI++_noncrossfit
glm_correct,PPI++,300,0.2,plugin,TRUE,FALSE,TRUE,0.8105382238379254,0.16968319833865797,0.8845737707039035,17.075041451500223,1.7812420311321513,0.9685799641022974,1.017259836309489,2000,PPI++_independent_split
glm_correct,PPI++,300,0.2,plugin,TRUE,TRUE,FALSE,0.8055621637559176,0.1737292928818494,0.8849561655464278,17.032780574279585,1.8367471594188713,0.9677857598002145,1.0176995903783919,2000,PPI++_crossfit
glm_mis,PPI,50,0.2,plugin,FALSE,FALSE,FALSE,1,0,1.0608301851420936,10.95060421049428,9.330148726432821,0.7463313489850375,1.0873509397706458,2000,PPI_noncrossfit
glm_mis,PPI,50,0.2,plugin,FALSE,FALSE,TRUE,1,0,1.0608301851420936,10.95060421049428,9.330148726432821,0.7463313489850375,1.0873509397706458,2000,PPI_noncrossfit
glm_mis,PPI,50,0.2,plugin,FALSE,TRUE,FALSE,1,0,1.0608301851420936,10.95060421049428,9.330148726432821,0.7463313489850375,1.0873509397706458,2000,PPI_noncrossfit
glm_mis,PPI,50,0.2,plugin,TRUE,FALSE,FALSE,1,0,0.9200807205999597,9.30785165447589,9.30305219974046,0.6926600890290265,0.9430827386149586,2000,PPI_crossfit
glm_mis,PPI,50,0.2,plugin,TRUE,FALSE,TRUE,1,0,0.9200807205999597,9.30785165447589,9.30305219974046,0.6926600890290265,0.9430827386149586,2000,PPI_crossfit
glm_mis,PPI,50,0.2,plugin,TRUE,TRUE,FALSE,1,0,0.9200807205999597,9.30785165447589,9.30305219974046,0.6926600890290265,0.9430827386149586,2000,PPI_crossfit
glm_mis,PPI,100,0.2,plugin,FALSE,FALSE,FALSE,1,0,1.0350795202775478,10.177452776173043,9.284794534731224,0.7532908951812136,1.0868334962914252,2000,PPI_noncrossfit
glm_mis,PPI,100,0.2,plugin,FALSE,FALSE,TRUE,1,0,1.0350795202775478,10.177452776173043,9.284794534731224,0.7532908951812136,1.0868334962914252,2000,PPI_noncrossfit
glm_mis,PPI,100,0.2,plugin,FALSE,TRUE,FALSE,1,0,1.0350795202775478,10.177452776173043,9.284794534731224,0.7532908951812136,1.0868334962914252,2000,PPI_noncrossfit
glm_mis,PPI,100,0.2,plugin,TRUE,FALSE,FALSE,1,0,0.9185219905166081,10.015987111818617,9.616396779074945,0.7058003766413335,0.9644480900424386,2000,PPI_crossfit
glm_mis,PPI,100,0.2,plugin,TRUE,FALSE,TRUE,1,0,0.9185219905166081,10.015987111818617,9.616396779074945,0.7058003766413335,0.9644480900424386,2000,PPI_crossfit
glm_mis,PPI,100,0.2,plugin,TRUE,TRUE,FALSE,1,0,0.9185219905166081,10.015987111818617,9.616396779074945,0.7058003766413335,0.9644480900424386,2000,PPI_crossfit
glm_mis,PPI,150,0.2,plugin,FALSE,FALSE,FALSE,1,0,0.9772192052344061,10.314694552323944,8.791159780953311,0.7517249303590751,1.0505106456269866,2000,PPI_noncrossfit
glm_mis,PPI,150,0.2,plugin,FALSE,FALSE,TRUE,1,0,0.9772192052344061,10.314694552323944,8.791159780953311,0.7517249303590751,1.0505106456269866,2000,PPI_noncrossfit
glm_mis,PPI,150,0.2,plugin,FALSE,TRUE,FALSE,1,0,0.9772192052344061,10.314694552323944,8.791159780953311,0.7517249303590751,1.0505106456269866,2000,PPI_noncrossfit
glm_mis,PPI,150,0.2,plugin,TRUE,FALSE,FALSE,1,0,0.9090405106383674,9.934372447605242,8.905466220066446,0.7209874222024113,0.977218548936245,2000,PPI_crossfit
glm_mis,PPI,150,0.2,plugin,TRUE,FALSE,TRUE,1,0,0.9090405106383674,9.934372447605242,8.905466220066446,0.7209874222024113,0.977218548936245,2000,PPI_crossfit
glm_mis,PPI,150,0.2,plugin,TRUE,TRUE,FALSE,1,0,0.9090405106383674,9.934372447605242,8.905466220066446,0.7209874222024113,0.977218548936245,2000,PPI_crossfit
glm_mis,PPI,200,0.2,plugin,FALSE,FALSE,FALSE,1,0,0.9488748882051056,10.17826812183268,8.870314995751736,0.7486061508357796,1.0437623770256161,2000,PPI_noncrossfit
glm_mis,PPI,200,0.2,plugin,FALSE,FALSE,TRUE,1,0,0.9488748882051056,10.17826812183268,8.870314995751736,0.7486061508357796,1.0437623770256161,2000,PPI_noncrossfit
glm_mis,PPI,200,0.2,plugin,FALSE,TRUE,FALSE,1,0,0.9488748882051056,10.17826812183268,8.870314995751736,0.7486061508357796,1.0437623770256161,2000,PPI_noncrossfit
glm_mis,PPI,200,0.2,plugin,TRUE,FALSE,FALSE,1,0,0.892351632619633,10.02057896051697,8.863465706700492,0.7249935637558934,0.9815867958815964,2000,PPI_crossfit
glm_mis,PPI,200,0.2,plugin,TRUE,FALSE,TRUE,1,0,0.892351632619633,10.02057896051697,8.863465706700492,0.7249935637558934,0.9815867958815964,2000,PPI_crossfit
glm_mis,PPI,200,0.2,plugin,TRUE,TRUE,FALSE,1,0,0.892351632619633,10.02057896051697,8.863465706700492,0.7249935637558934,0.9815867958815964,2000,PPI_crossfit
glm_mis,PPI,300,0.2,plugin,FALSE,FALSE,FALSE,1,0,0.8927897157583149,10.33500780852401,8.367328785897534,0.7506892510289755,1.026708173122062,2000,PPI_noncrossfit
glm_mis,PPI,300,0.2,plugin,FALSE,FALSE,TRUE,1,0,0.8927897157583149,10.33500780852401,8.367328785897534,0.7506892510289755,1.026708173122062,2000,PPI_noncrossfit
glm_mis,PPI,300,0.2,plugin,FALSE,TRUE,FALSE,1,0,0.8927897157583149,10.33500780852401,8.367328785897534,0.7506892510289755,1.026708173122062,2000,PPI_noncrossfit
glm_mis,PPI,300,0.2,plugin,TRUE,FALSE,FALSE,1,0,0.8584148208866758,9.920563382609116,8.544188195513868,0.7305949729344713,0.987177044019677,2000,PPI_crossfit
glm_mis,PPI,300,0.2,plugin,TRUE,FALSE,TRUE,1,0,0.8584148208866758,9.920563382609116,8.544188195513868,0.7305949729344713,0.987177044019677,2000,PPI_crossfit
glm_mis,PPI,300,0.2,plugin,TRUE,TRUE,FALSE,1,0,0.8584148208866758,9.920563382609116,8.544188195513868,0.7305949729344713,0.987177044019677,2000,PPI_crossfit
glm_mis,PPI++,50,0.2,plugin,FALSE,FALSE,FALSE,0.9135420813896379,0.11043714709452548,0.9786371048070943,10.674146078605297,7.348220233686617,0.7817471157552551,1.0031030324272716,2000,PPI++_noncrossfit
glm_mis,PPI++,50,0.2,plugin,FALSE,FALSE,TRUE,0.8034445095710799,0.23860347336761784,1.0468137404469968,10.95060421049428,8.165501216133535,0.7463313489850375,1.0729840839581717,2000,PPI++_independent_split
glm_mis,PPI++,50,0.2,plugin,FALSE,TRUE,FALSE,0.8588564827099322,0.1444919718989845,0.9187243716974226,9.30785165447589,9.148130848238004,0.6926600890290265,0.9416924809898581,2000,PPI++_crossfit
glm_mis,PPI++,50,0.2,plugin,TRUE,FALSE,FALSE,0.9135420813896379,0.11043714709452548,0.9786371048070943,10.674146078605297,7.348220233686617,0.7817471157552551,1.0031030324272716,2000,PPI++_noncrossfit
glm_mis,PPI++,50,0.2,plugin,TRUE,FALSE,TRUE,0.8034445095710799,0.23860347336761784,1.0468137404469968,10.95060421049428,8.165501216133535,0.7463313489850375,1.0729840839581717,2000,PPI++_independent_split
glm_mis,PPI++,50,0.2,plugin,TRUE,TRUE,FALSE,0.8588564827099322,0.1444919718989845,0.9187243716974226,9.30785165447589,9.148130848238004,0.6926600890290265,0.9416924809898581,2000,PPI++_crossfit
glm_mis,PPI++,100,0.2,plugin,FALSE,FALSE,FALSE,0.9260003319812257,0.08057076505735299,0.956312234834579,10.213568879433732,7.45112716915437,0.7703508027142775,1.004127846576308,2000,PPI++_noncrossfit
glm_mis,PPI++,100,0.2,plugin,FALSE,FALSE,TRUE,0.8669823280481165,0.17448786781166786,1.028048892953238,10.177452776173043,8.763625262561181,0.7532908951812136,1.0794513376009,2000,PPI++_independent_split
glm_mis,PPI++,100,0.2,plugin,FALSE,TRUE,FALSE,0.8806361904081624,0.11353964343023633,0.9190730176374563,10.015987111818617,9.574022553031472,0.7058003766413335,0.9650266685193292,2000,PPI++_crossfit
glm_mis,PPI++,100,0.2,plugin,TRUE,FALSE,FALSE,0.9260003319812257,0.08057076505735299,0.956312234834579,10.213568879433732,7.45112716915437,0.7703508027142775,1.004127846576308,2000,PPI++_noncrossfit
glm_mis,PPI++,100,0.2,plugin,TRUE,FALSE,TRUE,0.8669823280481165,0.17448786781166786,1.028048892953238,10.177452776173043,8.763625262561181,0.7532908951812136,1.0794513376009,2000,PPI++_independent_split
glm_mis,PPI++,100,0.2,plugin,TRUE,TRUE,FALSE,0.8806361904081624,0.11353964343023633,0.9190730176374563,10.015987111818617,9.574022553031472,0.7058003766413335,0.9650266685193292,2000,PPI++_crossfit
glm_mis,PPI++,150,0.2,plugin,FALSE,FALSE,FALSE,0.9228926200896914,0.07549121372195332,0.9347771126244827,10.286999928940123,7.931804348136333,0.7633448424535888,1.0048853960713189,2000,PPI++_noncrossfit
glm_mis,PPI++,150,0.2,plugin,FALSE,FALSE,TRUE,0.8642714539195373,0.1587749650266429,0.9725252020098659,10.314694552323944,8.43561836417465,0.7517249303590751,1.0454645921606058,2000,PPI++_independent_split
glm_mis,PPI++,150,0.2,plugin,FALSE,TRUE,FALSE,0.8856909814305847,0.0900113546170211,0.9107393681733278,9.934372447605242,8.944838033500561,0.7209874222024113,0.9790448207863274,2000,PPI++_crossfit
glm_mis,PPI++,150,0.2,plugin,TRUE,FALSE,FALSE,0.9228926200896914,0.07549121372195332,0.9347771126244827,10.286999928940123,7.931804348136333,0.7633448424535888,1.0048853960713189,2000,PPI++_noncrossfit
glm_mis,PPI++,150,0.2,plugin,TRUE,FALSE,TRUE,0.8642714539195373,0.1587749650266429,0.9725252020098659,10.314694552323944,8.43561836417465,0.7517249303590751,1.0454645921606058,2000,PPI++_independent_split
glm_mis,PPI++,150,0.2,plugin,TRUE,TRUE,FALSE,0.8856909814305847,0.0900113546170211,0.9107393681733278,9.934372447605242,8.944838033500561,0.7209874222024113,0.9790448207863274,2000,PPI++_crossfit
glm_mis,PPI++,200,0.2,plugin,FALSE,FALSE,FALSE,0.9007816436268994,0.07072536208864925,0.9115500267136732,10.036803693791994,7.860346969153956,0.7570152507347321,1.0027050293850406,2000,PPI++_noncrossfit
glm_mis,PPI++,200,0.2,plugin,FALSE,FALSE,TRUE,0.8648860909082872,0.15510375338495153,0.9455045255557846,10.17826812183268,8.636420561558207,0.7486061508357796,1.040054978111363,2000,PPI++_independent_split
glm_mis,PPI++,200,0.2,plugin,FALSE,TRUE,FALSE,0.8778083202337796,0.08081391289739495,0.894418453741821,10.02057896051697,8.920815669391398,0.7249935637558934,0.9838602991160031,2000,PPI++_crossfit
glm_mis,PPI++,200,0.2,plugin,TRUE,FALSE,FALSE,0.9007816436268994,0.07072536208864925,0.9115500267136732,10.036803693791994,7.860346969153956,0.7570152507347321,1.0027050293850406,2000,PPI++_noncrossfit
glm_mis,PPI++,200,0.2,plugin,TRUE,FALSE,TRUE,0.8648860909082872,0.15510375338495153,0.9455045255557846,10.17826812183268,8.636420561558207,0.7486061508357796,1.040054978111363,2000,PPI++_independent_split
glm_mis,PPI++,200,0.2,plugin,TRUE,TRUE,FALSE,0.8778083202337796,0.08081391289739495,0.894418453741821,10.02057896051697,8.920815669391398,0.7249935637558934,0.9838602991160031,2000,PPI++_crossfit
glm_mis,PPI++,300,0.2,plugin,FALSE,FALSE,FALSE,0.8732679488581395,0.06347973682219918,0.8751287131093316,10.127056582663553,8.127958063122882,0.7548088451927707,1.0063980200757312,2000,PPI++_noncrossfit
glm_mis,PPI++,300,0.2,plugin,FALSE,FALSE,TRUE,0.8470863580947836,0.14735735544489045,0.8914948828778654,10.33500780852401,8.222052900942833,0.7506892510289755,1.0252191153095451,2000,PPI++_independent_split
glm_mis,PPI++,300,0.2,plugin,FALSE,TRUE,FALSE,0.8503992802908061,0.06756940180306299,0.8621278588782704,9.920563382609116,8.677644549900963,0.7305949729344713,0.9914470377100109,2000,PPI++_crossfit
glm_mis,PPI++,300,0.2,plugin,TRUE,FALSE,FALSE,0.8732679488581395,0.06347973682219918,0.8751287131093316,10.127056582663553,8.127958063122882,0.7548088451927707,1.0063980200757312,2000,PPI++_noncrossfit
glm_mis,PPI++,300,0.2,plugin,TRUE,FALSE,TRUE,0.8470863580947836,0.14735735544489045,0.8914948828778654,10.33500780852401,8.222052900942833,0.7506892510289755,1.0252191153095451,2000,PPI++_independent_split
glm_mis,PPI++,300,0.2,plugin,TRUE,TRUE,FALSE,0.8503992802908061,0.06756940180306299,0.8621278588782704,9.920563382609116,8.677644549900963,0.7305949729344713,0.9914470377100109,2000,PPI++_crossfit
glm_wrong,PPI,50,0.2,plugin,FALSE,FALSE,FALSE,1,0,-0.11502134791585843,3.976653370193835,19.18886008203925,0.10975625364074694,-0.11789688161375488,2000,PPI_noncrossfit
glm_wrong,PPI,50,0.2,plugin,FALSE,FALSE,TRUE,1,0,-0.11502134791585843,3.976653370193835,19.18886008203925,0.10975625364074694,-0.11789688161375488,2000,PPI_noncrossfit
glm_wrong,PPI,50,0.2,plugin,FALSE,TRUE,FALSE,1,0,-0.11502134791585843,3.976653370193835,19.18886008203925,0.10975625364074694,-0.11789688161375488,2000,PPI_noncrossfit
glm_wrong,PPI,50,0.2,plugin,TRUE,FALSE,FALSE,1,0,-3.3166236467675305,2.224195111071368,19.54783694117615,0.04509987484047557,-3.3995392379367186,2000,PPI_crossfit
glm_wrong,PPI,50,0.2,plugin,TRUE,FALSE,TRUE,1,0,-3.3166236467675305,2.224195111071368,19.54783694117615,0.04509987484047557,-3.3995392379367186,2000,PPI_crossfit
glm_wrong,PPI,50,0.2,plugin,TRUE,TRUE,FALSE,1,0,-3.3166236467675305,2.224195111071368,19.54783694117615,0.04509987484047557,-3.3995392379367186,2000,PPI_crossfit
glm_wrong,PPI,100,0.2,plugin,FALSE,FALSE,FALSE,1,0,-0.9221089946233452,2.4514312041744244,19.070390885898483,0.1460423151502902,-0.9682144443545125,2000,PPI_noncrossfit
glm_wrong,PPI,100,0.2,plugin,FALSE,FALSE,TRUE,1,0,-0.9221089946233452,2.4514312041744244,19.070390885898483,0.1460423151502902,-0.9682144443545125,2000,PPI_noncrossfit
glm_wrong,PPI,100,0.2,plugin,FALSE,TRUE,FALSE,1,0,-0.9221089946233452,2.4514312041744244,19.070390885898483,0.1460423151502902,-0.9682144443545125,2000,PPI_noncrossfit
glm_wrong,PPI,100,0.2,plugin,TRUE,FALSE,FALSE,1,0,-1.138358841535639,1.7248281787765,19.62469135128211,0.08995317917038036,-1.195276783612421,2000,PPI_crossfit
glm_wrong,PPI,100,0.2,plugin,TRUE,FALSE,TRUE,1,0,-1.138358841535639,1.7248281787765,19.62469135128211,0.08995317917038036,-1.195276783612421,2000,PPI_crossfit
glm_wrong,PPI,100,0.2,plugin,TRUE,TRUE,FALSE,1,0,-1.138358841535639,1.7248281787765,19.62469135128211,0.08995317917038036,-1.195276783612421,2000,PPI_crossfit
glm_wrong,PPI,150,0.2,plugin,FALSE,FALSE,FALSE,1,0,-0.16179087738612244,2.1678868932785846,18.39970295822242,0.1449831584021033,-0.17392519319008162,2000,PPI_noncrossfit
glm_wrong,PPI,150,0.2,plugin,FALSE,FALSE,TRUE,1,0,-0.16179087738612244,2.1678868932785846,18.39970295822242,0.1449831584021033,-0.17392519319008162,2000,PPI_noncrossfit
glm_wrong,PPI,150,0.2,plugin,FALSE,TRUE,FALSE,1,0,-0.16179087738612244,2.1678868932785846,18.39970295822242,0.1449831584021033,-0.17392519319008162,2000,PPI_noncrossfit
glm_wrong,PPI,150,0.2,plugin,TRUE,FALSE,FALSE,1,0,-1.142656310752493,1.5854004562018305,18.45895107026343,0.11790977125316189,-1.22835553405893,2000,PPI_crossfit
glm_wrong,PPI,150,0.2,plugin,TRUE,FALSE,TRUE,1,0,-1.142656310752493,1.5854004562018305,18.45895107026343,0.11790977125316189,-1.22835553405893,2000,PPI_crossfit
glm_wrong,PPI,150,0.2,plugin,TRUE,TRUE,FALSE,1,0,-1.142656310752493,1.5854004562018305,18.45895107026343,0.11790977125316189,-1.22835553405893,2000,PPI_crossfit
glm_wrong,PPI,200,0.2,plugin,FALSE,FALSE,FALSE,1,0,1.6745460836187995,1.8775336374258318,18.233843319237018,0.1938317683593904,1.8420006919806795,2000,PPI_noncrossfit
glm_wrong,PPI,200,0.2,plugin,FALSE,FALSE,TRUE,1,0,1.6745460836187995,1.8775336374258318,18.233843319237018,0.1938317683593904,1.8420006919806795,2000,PPI_noncrossfit
glm_wrong,PPI,200,0.2,plugin,FALSE,TRUE,FALSE,1,0,1.6745460836187995,1.8775336374258318,18.233843319237018,0.1938317683593904,1.8420006919806795,2000,PPI_noncrossfit
glm_wrong,PPI,200,0.2,plugin,TRUE,FALSE,FALSE,1,0,-0.30332836103082766,1.558520658691212,18.372817432274765,0.1390226974626022,-0.33366119713391046,2000,PPI_crossfit
glm_wrong,PPI,200,0.2,plugin,TRUE,FALSE,TRUE,1,0,-0.30332836103082766,1.558520658691212,18.372817432274765,0.1390226974626022,-0.33366119713391046,2000,PPI_crossfit
glm_wrong,PPI,200,0.2,plugin,TRUE,TRUE,FALSE,1,0,-0.30332836103082766,1.558520658691212,18.372817432274765,0.1390226974626022,-0.33366119713391046,2000,PPI_crossfit
glm_wrong,PPI,300,0.2,plugin,FALSE,FALSE,FALSE,1,0,1.2869090367707827,1.86532785155277,17.68939368646203,0.2005565881646785,1.4799453922863999,2000,PPI_noncrossfit
glm_wrong,PPI,300,0.2,plugin,FALSE,FALSE,TRUE,1,0,1.2869090367707827,1.86532785155277,17.68939368646203,0.2005565881646785,1.4799453922863999,2000,PPI_noncrossfit
glm_wrong,PPI,300,0.2,plugin,FALSE,TRUE,FALSE,1,0,1.2869090367707827,1.86532785155277,17.68939368646203,0.2005565881646785,1.4799453922863999,2000,PPI_noncrossfit
glm_wrong,PPI,300,0.2,plugin,TRUE,FALSE,FALSE,1,0,-0.6395509128638031,1.3238043361355378,17.89082150311964,0.14862546651250297,-0.7354835497933734,2000,PPI_crossfit
glm_wrong,PPI,300,0.2,plugin,TRUE,FALSE,TRUE,1,0,-0.6395509128638031,1.3238043361355378,17.89082150311964,0.14862546651250297,-0.7354835497933734,2000,PPI_crossfit
glm_wrong,PPI,300,0.2,plugin,TRUE,TRUE,FALSE,1,0,-0.6395509128638031,1.3238043361355378,17.89082150311964,0.14862546651250297,-0.7354835497933734,2000,PPI_crossfit
glm_wrong,PPI++,50,0.2,plugin,FALSE,FALSE,FALSE,0.8372484946329881,0.18950585042717616,0.9610822053847909,2.8453818050944086,15.9077609906214,0.3217273536800976,0.9851092605194106,2000,PPI++_noncrossfit
glm_wrong,PPI++,50,0.2,plugin,FALSE,FALSE,TRUE,0.4091717704574677,0.41782346779964485,-0.08040515864714856,3.976653370193835,15.805136399441924,0.10975625364074694,-0.08241528761332727,2000,PPI++_independent_split
glm_wrong,PPI++,50,0.2,plugin,FALSE,TRUE,FALSE,0.31985327316757084,0.37034786640906986,-2.6313010801381633,2.224195111071368,16.027711537525033,0.04509987484047557,-2.697083607141617,2000,PPI++_crossfit
glm_wrong,PPI++,50,0.2,plugin,TRUE,FALSE,FALSE,0.8372484946329881,0.18950585042717616,0.9610822053847909,2.8453818050944086,15.9077609906214,0.3217273536800976,0.9851092605194106,2000,PPI++_noncrossfit
glm_wrong,PPI++,50,0.2,plugin,TRUE,FALSE,TRUE,0.4091717704574677,0.41782346779964485,-0.08040515864714856,3.976653370193835,15.805136399441924,0.10975625364074694,-0.08241528761332727,2000,PPI++_independent_split
glm_wrong,PPI++,50,0.2,plugin,TRUE,TRUE,FALSE,0.31985327316757084,0.37034786640906986,-2.6313010801381633,2.224195111071368,16.027711537525033,0.04509987484047557,-2.697083607141617,2000,PPI++_crossfit
glm_wrong,PPI++,100,0.2,plugin,FALSE,FALSE,FALSE,0.8813727178442186,0.14348623558845733,0.9597440891553898,1.865997888414792,16.14947312179691,0.27210067685466705,1.0077312936131593,2000,PPI++_noncrossfit
glm_wrong,PPI++,100,0.2,plugin,FALSE,FALSE,TRUE,0.49208559983513367,0.418124773207987,-0.9056908708282527,2.4514312041744244,17.50224467337231,0.1460423151502902,-0.9509754143696654,2000,PPI++_independent_split
glm_wrong,PPI++,100,0.2,plugin,FALSE,TRUE,FALSE,0.3996341975497102,0.39407452019327344,-0.9962401011050168,1.7248281787765,17.689863657245958,0.08995317917038036,-1.0460521061602677,2000,PPI++_crossfit
glm_wrong,PPI++,100,0.2,plugin,TRUE,FALSE,FALSE,0.8813727178442186,0.14348623558845733,0.9597440891553898,1.865997888414792,16.14947312179691,0.27210067685466705,1.0077312936131593,2000,PPI++_noncrossfit
glm_wrong,PPI++,100,0.2,plugin,TRUE,FALSE,TRUE,0.49208559983513367,0.418124773207987,-0.9056908708282527,2.4514312041744244,17.50224467337231,0.1460423151502902,-0.9509754143696654,2000,PPI++_independent_split
glm_wrong,PPI++,100,0.2,plugin,TRUE,TRUE,FALSE,0.3996341975497102,0.39407452019327344,-0.9962401011050168,1.7248281787765,17.689863657245958,0.08995317917038036,-1.0460521061602677,2000,PPI++_crossfit
glm_wrong,PPI++,150,0.2,plugin,FALSE,FALSE,FALSE,0.8832779108648534,0.1267587513587319,0.9329644215976963,1.7203744250385824,16.804832544106066,0.2614422065791154,1.0029367532175235,2000,PPI++_noncrossfit
glm_wrong,PPI++,150,0.2,plugin,FALSE,FALSE,TRUE,0.5359786296676898,0.408375209561262,-0.1419285193807241,2.1678868932785846,17.153831621840574,0.1449831584021033,-0.1525731583342784,2000,PPI++_independent_split
glm_wrong,PPI++,150,0.2,plugin,FALSE,TRUE,FALSE,0.45652852912966235,0.36667592202924837,-1.024472968887474,1.5854004562018305,17.234132501288283,0.11790977125316189,-1.1013084415540346,2000,PPI++_crossfit
glm_wrong,PPI++,150,0.2,plugin,TRUE,FALSE,FALSE,0.8832779108648534,0.1267587513587319,0.9329644215976963,1.7203744250385824,16.804832544106066,0.2614422065791154,1.0029367532175235,2000,PPI++_noncrossfit
glm_wrong,PPI++,150,0.2,plugin,TRUE,FALSE,TRUE,0.5359786296676898,0.408375209561262,-0.1419285193807241,2.1678868932785846,17.153831621840574,0.1449831584021033,-0.1525731583342784,2000,PPI++_independent_split
glm_wrong,PPI++,150,0.2,plugin,TRUE,TRUE,FALSE,0.45652852912966235,0.36667592202924837,-1.024472968887474,1.5854004562018305,17.234132501288283,0.11790977125316189,-1.1013084415540346,2000,PPI++_crossfit
glm_wrong,PPI++,200,0.2,plugin,FALSE,FALSE,FALSE,0.8790989311805764,0.11315977256051202,0.9086073783092669,1.5257076763067248,16.36865782187432,0.2547972777669294,0.9994681161401936,2000,PPI++_noncrossfit
glm_wrong,PPI++,200,0.2,plugin,FALSE,FALSE,TRUE,0.5999734193126601,0.39033525595644564,1.6791056641682705,1.8775336374258318,17.418796055537488,0.1938317683593904,1.8470162305850975,2000,PPI++_independent_split
glm_wrong,PPI++,200,0.2,plugin,FALSE,TRUE,FALSE,0.49947260774061625,0.36603364654925324,-0.24725149306492888,1.558520658691212,17.31778825764133,0.1390226974626022,-0.2719766423714218,2000,PPI++_crossfit
glm_wrong,PPI++,200,0.2,plugin,TRUE,FALSE,FALSE,0.8790989311805764,0.11315977256051202,0.9086073783092669,1.5257076763067248,16.36865782187432,0.2547972777669294,0.9994681161401936,2000,PPI++_noncrossfit
glm_wrong,PPI++,200,0.2,plugin,TRUE,FALSE,TRUE,0.5999734193126601,0.39033525595644564,1.6791056641682705,1.8775336374258318,17.418796055537488,0.1938317683593904,1.8470162305850975,2000,PPI++_independent_split
glm_wrong,PPI++,200,0.2,plugin,TRUE,TRUE,FALSE,0.49947260774061625,0.36603364654925324,-0.24725149306492888,1.558520658691212,17.31778825764133,0.1390226974626022,-0.2719766423714218,2000,PPI++_crossfit
glm_wrong,PPI++,300,0.2,plugin,FALSE,FALSE,FALSE,0.8641005412695125,0.11144685825973401,0.8742584710030054,1.2719538446756675,16.98066157209321,0.23918374767086173,1.005397241653456,2000,PPI++_noncrossfit
glm_wrong,PPI++,300,0.2,plugin,FALSE,FALSE,TRUE,0.610430191674531,0.367401962502341,1.2887067842861635,1.86532785155277,16.97564229101663,0.2005565881646785,1.482012801929088,2000,PPI++_independent_split
glm_wrong,PPI++,300,0.2,plugin,FALSE,TRUE,FALSE,0.5168501378593445,0.3291313335585394,-0.5998333374224508,1.3238043361355378,17.246620450761423,0.14862546651250297,-0.6898083380358183,2000,PPI++_crossfit
glm_wrong,PPI++,300,0.2,plugin,TRUE,FALSE,FALSE,0.8641005412695125,0.11144685825973401,0.8742584710030054,1.2719538446756675,16.98066157209321,0.23918374767086173,1.005397241653456,2000,PPI++_noncrossfit
glm_wrong,PPI++,300,0.2,plugin,TRUE,FALSE,TRUE,0.610430191674531,0.367401962502341,1.2887067842861635,1.86532785155277,16.97564229101663,0.2005565881646785,1.482012801929088,2000,PPI++_independent_split
glm_wrong,PPI++,300,0.2,plugin,TRUE,TRUE,FALSE,0.5168501378593445,0.3291313335585394,-0.5998333374224508,1.3238043361355378,17.246620450761423,0.14862546651250297,-0.6898083380358183,2000,PPI++_crossfit
rf,PPI,50,0.2,plugin,FALSE,FALSE,FALSE,1,0,1.393837943019836,3.4346514118856715,11.502886598053085,0.6770690093476815,1.4286838915953317,2000,PPI_noncrossfit
rf,PPI,50,0.2,plugin,FALSE,FALSE,TRUE,1,0,1.393837943019836,3.4346514118856715,11.502886598053085,0.6770690093476815,1.4286838915953317,2000,PPI_noncrossfit
rf,PPI,50,0.2,plugin,FALSE,TRUE,FALSE,1,0,1.393837943019836,3.4346514118856715,11.502886598053085,0.6770690093476815,1.4286838915953317,2000,PPI_noncrossfit
rf,PPI,50,0.2,plugin,TRUE,FALSE,FALSE,1,0,1.2512542527909447,2.7481640567152574,12.341594290579799,0.6051433169334939,1.2825356091107183,2000,PPI_crossfit
rf,PPI,50,0.2,plugin,TRUE,FALSE,TRUE,1,0,1.2512542527909447,2.7481640567152574,12.341594290579799,0.6051433169334939,1.2825356091107183,2000,PPI_crossfit
rf,PPI,50,0.2,plugin,TRUE,TRUE,FALSE,1,0,1.2512542527909447,2.7481640567152574,12.341594290579799,0.6051433169334939,1.2825356091107183,2000,PPI_crossfit
rf,PPI,100,0.2,plugin,FALSE,FALSE,FALSE,1,0,1.234940976199547,4.8522787684930035,8.817602115940273,0.7700195777063111,1.2966880250095243,2000,PPI_noncrossfit
rf,PPI,100,0.2,plugin,FALSE,FALSE,TRUE,1,0,1.234940976199547,4.8522787684930035,8.817602115940273,0.7700195777063111,1.2966880250095243,2000,PPI_noncrossfit
rf,PPI,100,0.2,plugin,FALSE,TRUE,FALSE,1,0,1.234940976199547,4.8522787684930035,8.817602115940273,0.7700195777063111,1.2966880250095243,2000,PPI_noncrossfit
rf,PPI,100,0.2,plugin,TRUE,FALSE,FALSE,1,0,1.213839010745785,4.0608517295174975,9.370006509809686,0.7411223028680718,1.2745309612830744,2000,PPI_crossfit
rf,PPI,100,0.2,plugin,TRUE,FALSE,TRUE,1,0,1.213839010745785,4.0608517295174975,9.370006509809686,0.7411223028680718,1.2745309612830744,2000,PPI_crossfit
rf,PPI,100,0.2,plugin,TRUE,TRUE,FALSE,1,0,1.213839010745785,4.0608517295174975,9.370006509809686,0.7411223028680718,1.2745309612830744,2000,PPI_crossfit
rf,PPI,150,0.2,plugin,FALSE,FALSE,FALSE,1,0,1.153638992346667,5.6880652985011935,7.8073109512556105,0.8086902096172435,1.240161916772667,2000,PPI_noncrossfit
rf,PPI,150,0.2,plugin,FALSE,FALSE,TRUE,1,0,1.153638992346667,5.6880652985011935,7.8073109512556105,0.8086902096172435,1.240161916772667,2000,PPI_noncrossfit
rf,PPI,150,0.2,plugin,FALSE,TRUE,FALSE,1,0,1.153638992346667,5.6880652985011935,7.8073109512556105,0.8086902096172435,1.240161916772667,2000,PPI_noncrossfit
rf,PPI,150,0.2,plugin,TRUE,FALSE,FALSE,1,0,1.1398105652503359,4.997570334622604,7.725611906977773,0.792587543041049,1.2252963576441112,2000,PPI_crossfit
rf,PPI,150,0.2,plugin,TRUE,FALSE,TRUE,1,0,1.1398105652503359,4.997570334622604,7.725611906977773,0.792587543041049,1.2252963576441112,2000,PPI_crossfit
rf,PPI,150,0.2,plugin,TRUE,TRUE,FALSE,1,0,1.1398105652503359,4.997570334622604,7.725611906977773,0.792587543041049,1.2252963576441112,2000,PPI_crossfit
rf,PPI,200,0.2,plugin,FALSE,FALSE,FALSE,1,0,1.0985692200744313,6.220336700468201,7.2709891031864755,0.8273193793327066,1.2084261420818745,2000,PPI_noncrossfit
rf,PPI,200,0.2,plugin,FALSE,FALSE,TRUE,1,0,1.0985692200744313,6.220336700468201,7.2709891031864755,0.8273193793327066,1.2084261420818745,2000,PPI_noncrossfit
rf,PPI,200,0.2,plugin,FALSE,TRUE,FALSE,1,0,1.0985692200744313,6.220336700468201,7.2709891031864755,0.8273193793327066,1.2084261420818745,2000,PPI_noncrossfit
rf,PPI,200,0.2,plugin,TRUE,FALSE,FALSE,1,0,1.0791767389359075,5.7473655632732035,6.875760182073053,0.8188243425334224,1.1870944128294982,2000,PPI_crossfit
rf,PPI,200,0.2,plugin,TRUE,FALSE,TRUE,1,0,1.0791767389359075,5.7473655632732035,6.875760182073053,0.8188243425334224,1.1870944128294982,2000,PPI_crossfit
rf,PPI,200,0.2,plugin,TRUE,TRUE,FALSE,1,0,1.0791767389359075,5.7473655632732035,6.875760182073053,0.8188243425334224,1.1870944128294982,2000,PPI_crossfit
rf,PPI,300,0.2,plugin,FALSE,FALSE,FALSE,1,0,1.0052953917181426,7.266002149558178,6.070504842566358,0.8564892250430831,1.156089700475864,2000,PPI_noncrossfit
rf,PPI,300,0.2,plugin,FALSE,FALSE,TRUE,1,0,1.0052953917181426,7.266002149558178,6.070504842566358,0.8564892250430831,1.156089700475864,2000,PPI_noncrossfit
rf,PPI,300,0.2,plugin,FALSE,TRUE,FALSE,1,0,1.0052953917181426,7.266002149558178,6.070504842566358,0.8564892250430831,1.156089700475864,2000,PPI_noncrossfit
rf,PPI,300,0.2,plugin,TRUE,FALSE,FALSE,1,0,0.9986505708160759,6.876177764128055,5.860244439323317,0.8531774770242612,1.1484481564384872,2000,PPI_crossfit
rf,PPI,300,0.2,plugin,TRUE,FALSE,TRUE,1,0,0.9986505708160759,6.876177764128055,5.860244439323317,0.8531774770242612,1.1484481564384872,2000,PPI_crossfit
rf,PPI,300,0.2,plugin,TRUE,TRUE,FALSE,1,0,0.9986505708160759,6.876177764128055,5.860244439323317,0.8531774770242612,1.1484481564384872,2000,PPI_crossfit
rf,PPI++,50,0.2,plugin,FALSE,FALSE,FALSE,1,0,1.1142733085434098,4.777077988014123,1.9953547565202017,0.9718057076060602,1.1421301412569949,2000,PPI++_noncrossfit
rf,PPI++,50,0.2,plugin,FALSE,FALSE,TRUE,0.9247550221518794,0.16431443617795877,1.395830121463752,3.4346514118856715,11.51423596910925,0.6770690093476815,1.4307258745003457,2000,PPI++_independent_split
rf,PPI++,50,0.2,plugin,FALSE,TRUE,FALSE,0.9495508537883688,0.14754145875353197,1.2513959208024206,2.7481640567152574,12.263715255650338,0.6051433169334939,1.282680818822481,2000,PPI++_crossfit
rf,PPI++,50,0.2,plugin,TRUE,FALSE,FALSE,1,0,1.1142733085434098,4.777077988014123,1.9953547565202017,0.9718057076060602,1.1421301412569949,2000,PPI++_noncrossfit
rf,PPI++,50,0.2,plugin,TRUE,FALSE,TRUE,0.9247550221518794,0.16431443617795877,1.395830121463752,3.4346514118856715,11.51423596910925,0.6770690093476815,1.4307258745003457,2000,PPI++_independent_split
rf,PPI++,50,0.2,plugin,TRUE,TRUE,FALSE,0.9495508537883688,0.14754145875353197,1.2513959208024206,2.7481640567152574,12.263715255650338,0.6051433169334939,1.282680818822481,2000,PPI++_crossfit
rf,PPI++,100,0.2,plugin,FALSE,FALSE,FALSE,0.999945892039247,0.0012098907836764876,1.0299989479017186,6.2402678896813955,1.4545558247332449,0.9771078881625996,1.0814988952968045,2000,PPI++_noncrossfit
rf,PPI++,100,0.2,plugin,FALSE,FALSE,TRUE,0.951778844533409,0.11157964360852343,1.2384740478569287,4.8522787684930035,8.885735302893005,0.7700195777063111,1.3003977502497752,2000,PPI++_independent_split
rf,PPI++,100,0.2,plugin,FALSE,TRUE,FALSE,0.9857431259473239,0.05908541132758358,1.2145754831399513,4.0608517295174975,9.376535257752488,0.7411223028680718,1.275304257296949,2000,PPI++_crossfit
rf,PPI++,100,0.2,plugin,TRUE,FALSE,FALSE,0.999945892039247,0.0012098907836764876,1.0299989479017186,6.2402678896813955,1.4545558247332449,0.9771078881625996,1.0814988952968045,2000,PPI++_noncrossfit
rf,PPI++,100,0.2,plugin,TRUE,FALSE,TRUE,0.951778844533409,0.11157964360852343,1.2384740478569287,4.8522787684930035,8.885735302893005,0.7700195777063111,1.3003977502497752,2000,PPI++_independent_split
rf,PPI++,100,0.2,plugin,TRUE,TRUE,FALSE,0.9857431259473239,0.05908541132758358,1.2145754831399513,4.0608517295174975,9.376535257752488,0.7411223028680718,1.275304257296949,2000,PPI++_crossfit
rf,PPI++,150,0.2,plugin,FALSE,FALSE,FALSE,0.9998654832029891,0.0018699302857699913,0.9863540010801927,7.320886752796548,1.3224840935535915,0.9784003817346008,1.0603305511612071,2000,PPI++_noncrossfit
rf,PPI++,150,0.2,plugin,FALSE,FALSE,TRUE,0.9682522481703945,0.09166993216122551,1.1564561777505422,5.6880652985011935,7.868749378379932,0.8086902096172435,1.243190391081833,2000,PPI++_independent_split
rf,PPI++,150,0.2,plugin,FALSE,TRUE,FALSE,0.9934660582824013,0.02867916557657542,1.1405044193011757,4.997570334622604,7.738804543734542,0.792587543041049,1.2260422507487638,2000,PPI++_crossfit
rf,PPI++,150,0.2,plugin,TRUE,FALSE,FALSE,0.9998654832029891,0.0018699302857699913,0.9863540010801927,7.320886752796548,1.3224840935535915,0.9784003817346008,1.0603305511612071,2000,PPI++_noncrossfit
rf,PPI++,150,0.2,plugin,TRUE,FALSE,TRUE,0.9682522481703945,0.09166993216122551,1.1564561777505422,5.6880652985011935,7.868749378379932,0.8086902096172435,1.243190391081833,2000,PPI++_independent_split
rf,PPI++,150,0.2,plugin,TRUE,TRUE,FALSE,0.9934660582824013,0.02867916557657542,1.1405044193011757,4.997570334622604,7.738804543734542,0.792587543041049,1.2260422507487638,2000,PPI++_crossfit
rf,PPI++,200,0.2,plugin,FALSE,FALSE,FALSE,0.9990466678643745,0.008903775024476637,0.9544729082063282,8.100274924428337,1.21869084742269,0.9802838843172741,1.049920199026961,2000,PPI++_noncrossfit
rf,PPI++,200,0.2,plugin,FALSE,FALSE,TRUE,0.9713646988249438,0.076509494815503,1.1019051490884515,6.220336700468201,7.355236454667584,0.8273193793327066,1.2120956639972966,2000,PPI++_independent_split
rf,PPI++,200,0.2,plugin,FALSE,TRUE,FALSE,0.9946335867604243,0.022574350966165006,1.0798158693541606,5.7473655632732035,6.888568275749022,0.8188243425334224,1.1877974562895768,2000,PPI++_crossfit
rf,PPI++,200,0.2,plugin,TRUE,FALSE,FALSE,0.9990466678643745,0.008903775024476637,0.9544729082063282,8.100274924428337,1.21869084742269,0.9802838843172741,1.049920199026961,2000,PPI++_noncrossfit
rf,PPI++,200,0.2,plugin,TRUE,FALSE,TRUE,0.9713646988249438,0.076509494815503,1.1019051490884515,6.220336700468201,7.355236454667584,0.8273193793327066,1.2120956639972966,2000,PPI++_independent_split
rf,PPI++,200,0.2,plugin,TRUE,TRUE,FALSE,0.9946335867604243,0.022574350966165006,1.0798158693541606,5.7473655632732035,6.888568275749022,0.8188243425334224,1.1877974562895768,2000,PPI++_crossfit
rf,PPI++,300,0.2,plugin,FALSE,FALSE,FALSE,0.9979976326756446,0.013913053375020561,0.8991857853152119,9.202939294229443,1.0020098145234109,0.9826009986379812,1.0340636531124936,2000,PPI++_noncrossfit
rf,PPI++,300,0.2,plugin,FALSE,FALSE,TRUE,0.973120976701717,0.06814859112428408,1.0085766247048142,7.266002149558178,6.15512494009829,0.8564892250430831,1.1598631184105364,2000,PPI++_independent_split
rf,PPI++,300,0.2,plugin,FALSE,TRUE,FALSE,0.9906358040383708,0.02976223607808843,0.9999444803419149,6.876177764128055,5.88961015689631,0.8531774770242612,1.149936152393202,2000,PPI++_crossfit
rf,PPI++,300,0.2,plugin,TRUE,FALSE,FALSE,0.9979976326756446,0.013913053375020561,0.8991857853152119,9.202939294229443,1.0020098145234109,0.9826009986379812,1.0340636531124936,2000,PPI++_noncrossfit
rf,PPI++,300,0.2,plugin,TRUE,FALSE,TRUE,0.973120976701717,0.06814859112428408,1.0085766247048142,7.266002149558178,6.15512494009829,0.8564892250430831,1.1598631184105364,2000,PPI++_independent_split
rf,PPI++,300,0.2,plugin,TRUE,TRUE,FALSE,0.9906358040383708,0.02976223607808843,0.9999444803419149,6.876177764128055,5.88961015689631,0.8531774770242612,1.149936152393202,2000,PPI++_crossfit
glm_correct,PPI,50,0.25,plugin,FALSE,FALSE,FALSE,1,0,0.9615152477348147,17.43043668003169,1.276781381842545,0.9490148197120085,0.9855531289281849,2000,PPI_noncrossfit
glm_correct,PPI,50,0.25,plugin,FALSE,FALSE,TRUE,1,0,0.9615152477348147,17.43043668003169,1.276781381842545,0.9490148197120085,0.9855531289281849,2000,PPI_noncrossfit
glm_correct,PPI,50,0.25,plugin,FALSE,TRUE,FALSE,1,0,0.9615152477348147,17.43043668003169,1.276781381842545,0.9490148197120085,0.9855531289281849,2000,PPI_noncrossfit
glm_correct,PPI,50,0.25,plugin,TRUE,FALSE,FALSE,1,0,0.9596470211632628,17.368486294025903,1.3961166606428488,0.9453169012438382,0.9836381966923443,2000,PPI_crossfit
glm_correct,PPI,50,0.25,plugin,TRUE,FALSE,TRUE,1,0,0.9596470211632628,17.368486294025903,1.3961166606428488,0.9453169012438382,0.9836381966923443,2000,PPI_crossfit
glm_correct,PPI,50,0.25,plugin,TRUE,TRUE,FALSE,1,0,0.9596470211632628,17.368486294025903,1.3961166606428488,0.9453169012438382,0.9836381966923443,2000,PPI_crossfit
glm_correct,PPI,100,0.25,plugin,FALSE,FALSE,FALSE,1,0,0.9479602388008264,17.08719441173925,1.0666643465646402,0.9649700402818863,0.9953582507408677,2000,PPI_noncrossfit
glm_correct,PPI,100,0.25,plugin,FALSE,FALSE,TRUE,1,0,0.9479602388008264,17.08719441173925,1.0666643465646402,0.9649700402818863,0.9953582507408677,2000,PPI_noncrossfit
glm_correct,PPI,100,0.25,plugin,FALSE,TRUE,FALSE,1,0,0.9479602388008264,17.08719441173925,1.0666643465646402,0.9649700402818863,0.9953582507408677,2000,PPI_noncrossfit
glm_correct,PPI,100,0.25,plugin,TRUE,FALSE,FALSE,1,0,0.9460268176940897,17.012824821430815,1.1214236744999968,0.9615069902323784,0.9933281585787942,2000,PPI_crossfit
glm_correct,PPI,100,0.25,plugin,TRUE,FALSE,TRUE,1,0,0.9460268176940897,17.012824821430815,1.1214236744999968,0.9615069902323784,0.9933281585787942,2000,PPI_crossfit
glm_correct,PPI,100,0.25,plugin,TRUE,TRUE,FALSE,1,0,0.9460268176940897,17.012824821430815,1.1214236744999968,0.9615069902323784,0.9933281585787942,2000,PPI_crossfit
glm_correct,PPI,150,0.25,plugin,FALSE,FALSE,FALSE,1,0,0.9267832431374059,16.897757578676213,1.0579157160209485,0.96585248162913,0.9962919863727113,2000,PPI_noncrossfit
glm_correct,PPI,150,0.25,plugin,FALSE,FALSE,TRUE,1,0,0.9267832431374059,16.897757578676213,1.0579157160209485,0.96585248162913,0.9962919863727113,2000,PPI_noncrossfit
glm_correct,PPI,150,0.25,plugin,FALSE,TRUE,FALSE,1,0,0.9267832431374059,16.897757578676213,1.0579157160209485,0.96585248162913,0.9962919863727113,2000,PPI_noncrossfit
glm_correct,PPI,150,0.25,plugin,TRUE,FALSE,FALSE,1,0,0.9257039581397399,17.086765940553825,1.0735184481054765,0.9646678840924694,0.9951317550002204,2000,PPI_crossfit
glm_correct,PPI,150,0.25,plugin,TRUE,FALSE,TRUE,1,0,0.9257039581397399,17.086765940553825,1.0735184481054765,0.9646678840924694,0.9951317550002204,2000,PPI_crossfit
glm_correct,PPI,150,0.25,plugin,TRUE,TRUE,FALSE,1,0,0.9257039581397399,17.086765940553825,1.0735184481054765,0.9646678840924694,0.9951317550002204,2000,PPI_crossfit
glm_correct,PPI,200,0.25,plugin,FALSE,FALSE,FALSE,1,0,0.9068105205123267,16.919910521992787,1.0345031122674606,0.9677453212929374,0.9974915725635594,2000,PPI_noncrossfit
glm_correct,PPI,200,0.25,plugin,FALSE,FALSE,TRUE,1,0,0.9068105205123267,16.919910521992787,1.0345031122674606,0.9677453212929374,0.9974915725635594,2000,PPI_noncrossfit
glm_correct,PPI,200,0.25,plugin,FALSE,TRUE,FALSE,1,0,0.9068105205123267,16.919910521992787,1.0345031122674606,0.9677453212929374,0.9974915725635594,2000,PPI_noncrossfit
glm_correct,PPI,200,0.25,plugin,TRUE,FALSE,FALSE,1,0,0.9060163469090142,16.984630587744977,1.0532612561360828,0.9666596494498496,0.9966179815999157,2000,PPI_crossfit
glm_correct,PPI,200,0.25,plugin,TRUE,FALSE,TRUE,1,0,0.9060163469090142,16.984630587744977,1.0532612561360828,0.9666596494498496,0.9966179815999157,2000,PPI_crossfit
glm_correct,PPI,200,0.25,plugin,TRUE,TRUE,FALSE,1,0,0.9060163469090142,16.984630587744977,1.0532612561360828,0.9666596494498496,0.9966179815999157,2000,PPI_crossfit
glm_correct,PPI,300,0.25,plugin,FALSE,FALSE,FALSE,1,0,0.8676188066462989,17.075041451500223,1.0223479041589634,0.9685799641022974,0.9977616276432436,2000,PPI_noncrossfit
glm_correct,PPI,300,0.25,plugin,FALSE,FALSE,TRUE,1,0,0.8676188066462989,17.075041451500223,1.0223479041589634,0.9685799641022974,0.9977616276432436,2000,PPI_noncrossfit
glm_correct,PPI,300,0.25,plugin,FALSE,TRUE,FALSE,1,0,0.8676188066462989,17.075041451500223,1.0223479041589634,0.9685799641022974,0.9977616276432436,2000,PPI_noncrossfit
glm_correct,PPI,300,0.25,plugin,TRUE,FALSE,FALSE,1,0,0.8672933108206086,17.032780574279585,1.039183003911575,0.9677857598002145,0.9973873074436997,2000,PPI_crossfit
glm_correct,PPI,300,0.25,plugin,TRUE,FALSE,TRUE,1,0,0.8672933108206086,17.032780574279585,1.039183003911575,0.9677857598002145,0.9973873074436997,2000,PPI_crossfit
glm_correct,PPI,300,0.25,plugin,TRUE,TRUE,FALSE,1,0,0.8672933108206086,17.032780574279585,1.039183003911575,0.9677857598002145,0.9973873074436997,2000,PPI_crossfit
glm_correct,PPI++,50,0.25,plugin,FALSE,FALSE,FALSE,0.726162361704627,0.2706462923097799,0.9886951639681655,16.984770458208136,1.9785143715317277,0.9600541545725166,1.0134125430673695,2000,PPI++_noncrossfit
glm_correct,PPI++,50,0.25,plugin,FALSE,FALSE,TRUE,0.6839734902216453,0.275929182753045,0.9874939675496025,17.43043668003169,2.3250751624375763,0.9490148197120085,1.0121813167383424,2000,PPI++_independent_split
glm_correct,PPI++,50,0.25,plugin,FALSE,TRUE,FALSE,0.6965215954080625,0.2613171722842752,0.9851561574257589,17.368486294025903,2.440236975088848,0.9453169012438382,1.0097850613614028,2000,PPI++_crossfit
glm_correct,PPI++,50,0.25,plugin,TRUE,FALSE,FALSE,0.726162361704627,0.2706462923097799,0.9886951639681655,16.984770458208136,1.9785143715317277,0.9600541545725166,1.0134125430673695,2000,PPI++_noncrossfit
glm_correct,PPI++,50,0.25,plugin,TRUE,FALSE,TRUE,0.6839734902216453,0.275929182753045,0.9874939675496025,17.43043668003169,2.3250751624375763,0.9490148197120085,1.0121813167383424,2000,PPI++_independent_split
glm_correct,PPI++,50,0.25,plugin,TRUE,TRUE,FALSE,0.6965215954080625,0.2613171722842752,0.9851561574257589,17.368486294025903,2.440236975088848,0.9453169012438382,1.0097850613614028,2000,PPI++_crossfit
glm_correct,PPI++,100,0.25,plugin,FALSE,FALSE,FALSE,0.7806060906555916,0.22357513879766347,0.9671187463548981,17.057086100131947,1.8300883384915543,0.9659520331594825,1.0154746836726432,2000,PPI++_noncrossfit
glm_correct,PPI++,100,0.25,plugin,FALSE,FALSE,TRUE,0.7854537300317059,0.22163306892306595,0.968052863659294,17.08719441173925,1.8829279261718297,0.9649700402818863,1.0164555068422587,2000,PPI++_independent_split
glm_correct,PPI++,100,0.25,plugin,FALSE,TRUE,FALSE,0.7861659816874043,0.2265477264292535,0.9660527086927642,17.012824821430815,1.939682501517403,0.9615069902323784,1.0143553441274025,2000,PPI++_crossfit
glm_correct,PPI++,100,0.25,plugin,TRUE,FALSE,FALSE,0.7806060906555916,0.22357513879766347,0.9671187463548981,17.057086100131947,1.8300883384915543,0.9659520331594825,1.0154746836726432,2000,PPI++_noncrossfit
glm_correct,PPI++,100,0.25,plugin,TRUE,FALSE,TRUE,0.7854537300317059,0.22163306892306595,0.968052863659294,17.08719441173925,1.8829279261718297,0.9649700402818863,1.0164555068422587,2000,PPI++_independent_split
glm_correct,PPI++,100,0.25,plugin,TRUE,TRUE,FALSE,0.7861659816874043,0.2265477264292535,0.9660527086927642,17.012824821430815,1.939682501517403,0.9615069902323784,1.0143553441274025,2000,PPI++_crossfit
glm_correct,PPI++,150,0.25,plugin,FALSE,FALSE,FALSE,0.810353517897356,0.20024855509376288,0.9443354651935828,17.032209106555637,1.7303968659379463,0.968052297935601,1.0151606250831016,2000,PPI++_noncrossfit
glm_correct,PPI++,150,0.25,plugin,FALSE,FALSE,TRUE,0.8035319804191473,0.19802420302404047,0.9453083162161673,16.897757578676213,1.8305192610611094,0.96585248162913,1.0162064399323798,2000,PPI++_independent_split
glm_correct,PPI++,150,0.25,plugin,FALSE,TRUE,FALSE,0.8012531604378856,0.20470199595019822,0.9442301010209269,17.086765940553825,1.8714612468362846,0.9646678840924694,1.0150473585974964,2000,PPI++_crossfit
glm_correct,PPI++,150,0.25,plugin,TRUE,FALSE,FALSE,0.810353517897356,0.20024855509376288,0.9443354651935828,17.032209106555637,1.7303968659379463,0.968052297935601,1.0151606250831016,2000,PPI++_noncrossfit
glm_correct,PPI++,150,0.25,plugin,TRUE,FALSE,TRUE,0.8035319804191473,0.19802420302404047,0.9453083162161673,16.897757578676213,1.8305192610611094,0.96585248162913,1.0162064399323798,2000,PPI++_independent_split
glm_correct,PPI++,150,0.25,plugin,TRUE,TRUE,FALSE,0.8012531604378856,0.20470199595019822,0.9442301010209269,17.086765940553825,1.8714612468362846,0.9646678840924694,1.0150473585974964,2000,PPI++_crossfit
glm_correct,PPI++,200,0.25,plugin,FALSE,FALSE,FALSE,0.806999749776501,0.18676012551120658,0.9235037099796111,17.081440219421673,1.7606294412249832,0.9680065715868642,1.0158540809775722,2000,PPI++_noncrossfit
glm_correct,PPI++,200,0.25,plugin,FALSE,FALSE,TRUE,0.8174194347713876,0.18803328434028105,0.9234979902283623,16.919910521992787,1.7545918908059635,0.9677453212929374,1.0158477892511986,2000,PPI++_independent_split
glm_correct,PPI++,200,0.25,plugin,FALSE,TRUE,FALSE,0.818904270848704,0.1861806106736234,0.922223796494278,16.984630587744977,1.7434334571147996,0.9666596494498496,1.0144461761437058,2000,PPI++_crossfit
glm_correct,PPI++,200,0.25,plugin,TRUE,FALSE,FALSE,0.806999749776501,0.18676012551120658,0.9235037099796111,17.081440219421673,1.7606294412249832,0.9680065715868642,1.0158540809775722,2000,PPI++_noncrossfit
glm_correct,PPI++,200,0.25,plugin,TRUE,FALSE,TRUE,0.8174194347713876,0.18803328434028105,0.9234979902283623,16.919910521992787,1.7545918908059635,0.9677453212929374,1.0158477892511986,2000,PPI++_independent_split
glm_correct,PPI++,200,0.25,plugin,TRUE,TRUE,FALSE,0.818904270848704,0.1861806106736234,0.922223796494278,16.984630587744977,1.7434334571147996,0.9666596494498496,1.0144461761437058,2000,PPI++_crossfit
glm_correct,PPI++,300,0.25,plugin,FALSE,FALSE,FALSE,0.816366502213733,0.16761298321091647,0.8845518272534736,16.92028705774451,1.7368370919575467,0.9696097578446224,1.0172346013414946,2000,PPI++_noncrossfit
glm_correct,PPI++,300,0.25,plugin,FALSE,FALSE,TRUE,0.8105382238379254,0.16968319833865797,0.8845737707039035,17.075041451500223,1.7812420311321513,0.9685799641022974,1.017259836309489,2000,PPI++_independent_split
glm_correct,PPI++,300,0.25,plugin,FALSE,TRUE,FALSE,0.8055621637559176,0.1737292928818494,0.8849561655464278,17.032780574279585,1.8367471594188713,0.9677857598002145,1.0176995903783919,2000,PPI++_crossfit
glm_correct,PPI++,300,0.25,plugin,TRUE,FALSE,FALSE,0.816366502213733,0.16761298321091647,0.8845518272534736,16.92028705774451,1.7368370919575467,0.9696097578446224,1.0172346013414946,2000,PPI++_noncrossfit
glm_correct,PPI++,300,0.25,plugin,TRUE,FALSE,TRUE,0.8105382238379254,0.16968319833865797,0.8845737707039035,17.075041451500223,1.7812420311321513,0.9685799641022974,1.017259836309489,2000,PPI++_independent_split
glm_correct,PPI++,300,0.25,plugin,TRUE,TRUE,FALSE,0.8055621637559176,0.1737292928818494,0.8849561655464278,17.032780574279585,1.8367471594188713,0.9677857598002145,1.0176995903783919,2000,PPI++_crossfit
glm_mis,PPI,50,0.25,plugin,FALSE,FALSE,FALSE,1,0,1.0608301851420936,10.95060421049428,9.330148726432821,0.7463313489850375,1.0873509397706458,2000,PPI_noncrossfit
glm_mis,PPI,50,0.25,plugin,FALSE,FALSE,TRUE,1,0,1.0608301851420936,10.95060421049428,9.330148726432821,0.7463313489850375,1.0873509397706458,2000,PPI_noncrossfit
glm_mis,PPI,50,0.25,plugin,FALSE,TRUE,FALSE,1,0,1.0608301851420936,10.95060421049428,9.330148726432821,0.7463313489850375,1.0873509397706458,2000,PPI_noncrossfit
glm_mis,PPI,50,0.25,plugin,TRUE,FALSE,FALSE,1,0,0.9200807205999597,9.30785165447589,9.30305219974046,0.6926600890290265,0.9430827386149586,2000,PPI_crossfit
glm_mis,PPI,50,0.25,plugin,TRUE,FALSE,TRUE,1,0,0.9200807205999597,9.30785165447589,9.30305219974046,0.6926600890290265,0.9430827386149586,2000,PPI_crossfit
glm_mis,PPI,50,0.25,plugin,TRUE,TRUE,FALSE,1,0,0.9200807205999597,9.30785165447589,9.30305219974046,0.6926600890290265,0.9430827386149586,2000,PPI_crossfit
glm_mis,PPI,100,0.25,plugin,FALSE,FALSE,FALSE,1,0,1.0350795202775478,10.177452776173043,9.284794534731224,0.7532908951812136,1.0868334962914252,2000,PPI_noncrossfit
glm_mis,PPI,100,0.25,plugin,FALSE,FALSE,TRUE,1,0,1.0350795202775478,10.177452776173043,9.284794534731224,0.7532908951812136,1.0868334962914252,2000,PPI_noncrossfit
glm_mis,PPI,100,0.25,plugin,FALSE,TRUE,FALSE,1,0,1.0350795202775478,10.177452776173043,9.284794534731224,0.7532908951812136,1.0868334962914252,2000,PPI_noncrossfit
glm_mis,PPI,100,0.25,plugin,TRUE,FALSE,FALSE,1,0,0.9185219905166081,10.015987111818617,9.616396779074945,0.7058003766413335,0.9644480900424386,2000,PPI_crossfit
glm_mis,PPI,100,0.25,plugin,TRUE,FALSE,TRUE,1,0,0.9185219905166081,10.015987111818617,9.616396779074945,0.7058003766413335,0.9644480900424386,2000,PPI_crossfit
glm_mis,PPI,100,0.25,plugin,TRUE,TRUE,FALSE,1,0,0.9185219905166081,10.015987111818617,9.616396779074945,0.7058003766413335,0.9644480900424386,2000,PPI_crossfit
glm_mis,PPI,150,0.25,plugin,FALSE,FALSE,FALSE,1,0,0.9772192052344061,10.314694552323946,8.791159780953311,0.7517249303590751,1.0505106456269866,2000,PPI_noncrossfit
glm_mis,PPI,150,0.25,plugin,FALSE,FALSE,TRUE,1,0,0.9772192052344061,10.314694552323946,8.791159780953311,0.7517249303590751,1.0505106456269866,2000,PPI_noncrossfit
glm_mis,PPI,150,0.25,plugin,FALSE,TRUE,FALSE,1,0,0.9772192052344061,10.314694552323946,8.791159780953311,0.7517249303590751,1.0505106456269866,2000,PPI_noncrossfit
glm_mis,PPI,150,0.25,plugin,TRUE,FALSE,FALSE,1,0,0.9090405106383674,9.934372447605242,8.905466220066447,0.7209874222024113,0.977218548936245,2000,PPI_crossfit
glm_mis,PPI,150,0.25,plugin,TRUE,FALSE,TRUE,1,0,0.9090405106383674,9.934372447605242,8.905466220066447,0.7209874222024113,0.977218548936245,2000,PPI_crossfit
glm_mis,PPI,150,0.25,plugin,TRUE,TRUE,FALSE,1,0,0.9090405106383674,9.934372447605242,8.905466220066447,0.7209874222024113,0.977218548936245,2000,PPI_crossfit
glm_mis,PPI,200,0.25,plugin,FALSE,FALSE,FALSE,1,0,0.9488748882051056,10.17826812183268,8.870314995751736,0.7486061508357796,1.0437623770256161,2000,PPI_noncrossfit
glm_mis,PPI,200,0.25,plugin,FALSE,FALSE,TRUE,1,0,0.9488748882051056,10.17826812183268,8.870314995751736,0.7486061508357796,1.0437623770256161,2000,PPI_noncrossfit
glm_mis,PPI,200,0.25,plugin,FALSE,TRUE,FALSE,1,0,0.9488748882051056,10.17826812183268,8.870314995751736,0.7486061508357796,1.0437623770256161,2000,PPI_noncrossfit
glm_mis,PPI,200,0.25,plugin,TRUE,FALSE,FALSE,1,0,0.892351632619633,10.02057896051697,8.863465706700492,0.7249935637558934,0.9815867958815964,2000,PPI_crossfit
glm_mis,PPI,200,0.25,plugin,TRUE,FALSE,TRUE,1,0,0.892351632619633,10.02057896051697,8.863465706700492,0.7249935637558934,0.9815867958815964,2000,PPI_crossfit
glm_mis,PPI,200,0.25,plugin,TRUE,TRUE,FALSE,1,0,0.892351632619633,10.02057896051697,8.863465706700492,0.7249935637558934,0.9815867958815964,2000,PPI_crossfit
glm_mis,PPI,300,0.25,plugin,FALSE,FALSE,FALSE,1,0,0.8927897157583149,10.335007808524008,8.367328785897534,0.7506892510289755,1.026708173122062,2000,PPI_noncrossfit
glm_mis,PPI,300,0.25,plugin,FALSE,FALSE,TRUE,1,0,0.8927897157583149,10.335007808524008,8.367328785897534,0.7506892510289755,1.026708173122062,2000,PPI_noncrossfit
glm_mis,PPI,300,0.25,plugin,FALSE,TRUE,FALSE,1,0,0.8927897157583149,10.335007808524008,8.367328785897534,0.7506892510289755,1.026708173122062,2000,PPI_noncrossfit
glm_mis,PPI,300,0.25,plugin,TRUE,FALSE,FALSE,1,0,0.8584148208866758,9.920563382609116,8.544188195513868,0.7305949729344713,0.987177044019677,2000,PPI_crossfit
glm_mis,PPI,300,0.25,plugin,TRUE,FALSE,TRUE,1,0,0.8584148208866758,9.920563382609116,8.544188195513868,0.7305949729344713,0.987177044019677,2000,PPI_crossfit
glm_mis,PPI,300,0.25,plugin,TRUE,TRUE,FALSE,1,0,0.8584148208866758,9.920563382609116,8.544188195513868,0.7305949729344713,0.987177044019677,2000,PPI_crossfit
glm_mis,PPI++,50,0.25,plugin,FALSE,FALSE,FALSE,0.9135420813896379,0.11043714709452548,0.9786371048070943,10.674146078605297,7.348220233686617,0.7817471157552551,1.0031030324272716,2000,PPI++_noncrossfit
glm_mis,PPI++,50,0.25,plugin,FALSE,FALSE,TRUE,0.8034445095710799,0.23860347336761784,1.0468137404469968,10.95060421049428,8.165501216133535,0.7463313489850375,1.0729840839581717,2000,PPI++_independent_split
glm_mis,PPI++,50,0.25,plugin,FALSE,TRUE,FALSE,0.8588564827099322,0.1444919718989845,0.9187243716974226,9.30785165447589,9.148130848238004,0.6926600890290265,0.9416924809898581,2000,PPI++_crossfit
glm_mis,PPI++,50,0.25,plugin,TRUE,FALSE,FALSE,0.9135420813896379,0.11043714709452548,0.9786371048070943,10.674146078605297,7.348220233686617,0.7817471157552551,1.0031030324272716,2000,PPI++_noncrossfit
glm_mis,PPI++,50,0.25,plugin,TRUE,FALSE,TRUE,0.8034445095710799,0.23860347336761784,1.0468137404469968,10.95060421049428,8.165501216133535,0.7463313489850375,1.0729840839581717,2000,PPI++_independent_split
glm_mis,PPI++,50,0.25,plugin,TRUE,TRUE,FALSE,0.8588564827099322,0.1444919718989845,0.9187243716974226,9.30785165447589,9.148130848238004,0.6926600890290265,0.9416924809898581,2000,PPI++_crossfit
glm_mis,PPI++,100,0.25,plugin,FALSE,FALSE,FALSE,0.9260003319812257,0.08057076505735299,0.956312234834579,10.213568879433732,7.45112716915437,0.7703508027142775,1.004127846576308,2000,PPI++_noncrossfit
glm_mis,PPI++,100,0.25,plugin,FALSE,FALSE,TRUE,0.8669823280481164,0.17448786781166786,1.028048892953238,10.177452776173043,8.763625262561181,0.7532908951812136,1.0794513376009,2000,PPI++_independent_split
glm_mis,PPI++,100,0.25,plugin,FALSE,TRUE,FALSE,0.8806361904081624,0.11353964343023633,0.9190730176374564,10.015987111818617,9.574022553031474,0.7058003766413335,0.9650266685193293,2000,PPI++_crossfit
glm_mis,PPI++,100,0.25,plugin,TRUE,FALSE,FALSE,0.9260003319812257,0.08057076505735299,0.956312234834579,10.213568879433732,7.45112716915437,0.7703508027142775,1.004127846576308,2000,PPI++_noncrossfit
glm_mis,PPI++,100,0.25,plugin,TRUE,FALSE,TRUE,0.8669823280481164,0.17448786781166786,1.028048892953238,10.177452776173043,8.763625262561181,0.7532908951812136,1.0794513376009,2000,PPI++_independent_split
glm_mis,PPI++,100,0.25,plugin,TRUE,TRUE,FALSE,0.8806361904081624,0.11353964343023633,0.9190730176374564,10.015987111818617,9.574022553031474,0.7058003766413335,0.9650266685193293,2000,PPI++_crossfit
glm_mis,PPI++,150,0.25,plugin,FALSE,FALSE,FALSE,0.9228926200896914,0.07549121372195332,0.9347771126244827,10.286999928940123,7.931804348136333,0.7633448424535888,1.0048853960713189,2000,PPI++_noncrossfit
glm_mis,PPI++,150,0.25,plugin,FALSE,FALSE,TRUE,0.8642714539195373,0.15877496502664293,0.9725252020098659,10.314694552323946,8.43561836417465,0.7517249303590751,1.0454645921606058,2000,PPI++_independent_split
glm_mis,PPI++,150,0.25,plugin,FALSE,TRUE,FALSE,0.8856909814305847,0.0900113546170211,0.9107393681733278,9.934372447605242,8.944838033500561,0.7209874222024113,0.9790448207863274,2000,PPI++_crossfit
glm_mis,PPI++,150,0.25,plugin,TRUE,FALSE,FALSE,0.9228926200896914,0.07549121372195332,0.9347771126244827,10.286999928940123,7.931804348136333,0.7633448424535888,1.0048853960713189,2000,PPI++_noncrossfit
glm_mis,PPI++,150,0.25,plugin,TRUE,FALSE,TRUE,0.8642714539195373,0.15877496502664293,0.9725252020098659,10.314694552323946,8.43561836417465,0.7517249303590751,1.0454645921606058,2000,PPI++_independent_split
glm_mis,PPI++,150,0.25,plugin,TRUE,TRUE,FALSE,0.8856909814305847,0.0900113546170211,0.9107393681733278,9.934372447605242,8.944838033500561,0.7209874222024113,0.9790448207863274,2000,PPI++_crossfit
glm_mis,PPI++,200,0.25,plugin,FALSE,FALSE,FALSE,0.9007816436268994,0.07072536208864925,0.9115500267136732,10.036803693791994,7.860346969153956,0.7570152507347321,1.0027050293850406,2000,PPI++_noncrossfit
glm_mis,PPI++,200,0.25,plugin,FALSE,FALSE,TRUE,0.8648860909082872,0.15510375338495153,0.9455045255557846,10.17826812183268,8.636420561558209,0.7486061508357796,1.040054978111363,2000,PPI++_independent_split
glm_mis,PPI++,200,0.25,plugin,FALSE,TRUE,FALSE,0.8778083202337796,0.08081391289739495,0.894418453741821,10.02057896051697,8.920815669391398,0.7249935637558934,0.9838602991160031,2000,PPI++_crossfit
glm_mis,PPI++,200,0.25,plugin,TRUE,FALSE,FALSE,0.9007816436268994,0.07072536208864925,0.9115500267136732,10.036803693791994,7.860346969153956,0.7570152507347321,1.0027050293850406,2000,PPI++_noncrossfit
glm_mis,PPI++,200,0.25,plugin,TRUE,FALSE,TRUE,0.8648860909082872,0.15510375338495153,0.9455045255557846,10.17826812183268,8.636420561558209,0.7486061508357796,1.040054978111363,2000,PPI++_independent_split
glm_mis,PPI++,200,0.25,plugin,TRUE,TRUE,FALSE,0.8778083202337796,0.08081391289739495,0.894418453741821,10.02057896051697,8.920815669391398,0.7249935637558934,0.9838602991160031,2000,PPI++_crossfit
glm_mis,PPI++,300,0.25,plugin,FALSE,FALSE,FALSE,0.8732679488581395,0.06347973682219918,0.8751287131093316,10.127056582663553,8.127958063122882,0.7548088451927707,1.0063980200757312,2000,PPI++_noncrossfit
glm_mis,PPI++,300,0.25,plugin,FALSE,FALSE,TRUE,0.8470863580947836,0.14735735544489045,0.8914948828778654,10.335007808524008,8.222052900942833,0.7506892510289755,1.0252191153095451,2000,PPI++_independent_split
glm_mis,PPI++,300,0.25,plugin,FALSE,TRUE,FALSE,0.8503992802908061,0.06756940180306299,0.8621278588782704,9.920563382609116,8.677644549900963,0.7305949729344713,0.9914470377100109,2000,PPI++_crossfit
glm_mis,PPI++,300,0.25,plugin,TRUE,FALSE,FALSE,0.8732679488581395,0.06347973682219918,0.8751287131093316,10.127056582663553,8.127958063122882,0.7548088451927707,1.0063980200757312,2000,PPI++_noncrossfit
glm_mis,PPI++,300,0.25,plugin,TRUE,FALSE,TRUE,0.8470863580947836,0.14735735544489045,0.8914948828778654,10.335007808524008,8.222052900942833,0.7506892510289755,1.0252191153095451,2000,PPI++_independent_split
glm_mis,PPI++,300,0.25,plugin,TRUE,TRUE,FALSE,0.8503992802908061,0.06756940180306299,0.8621278588782704,9.920563382609116,8.677644549900963,0.7305949729344713,0.9914470377100109,2000,PPI++_crossfit
glm_wrong,PPI,50,0.25,plugin,FALSE,FALSE,FALSE,1,0,-0.11502134791578249,3.9766533701938345,19.18886008203925,0.10975625364074694,-0.11789688161367703,2000,PPI_noncrossfit
glm_wrong,PPI,50,0.25,plugin,FALSE,FALSE,TRUE,1,0,-0.11502134791578249,3.9766533701938345,19.18886008203925,0.10975625364074694,-0.11789688161367703,2000,PPI_noncrossfit
glm_wrong,PPI,50,0.25,plugin,FALSE,TRUE,FALSE,1,0,-0.11502134791578249,3.9766533701938345,19.18886008203925,0.10975625364074694,-0.11789688161367703,2000,PPI_noncrossfit
glm_wrong,PPI,50,0.25,plugin,TRUE,FALSE,FALSE,1,0,-3.3166236467674826,2.224195111071368,19.54783694117615,0.04509987484047557,-3.3995392379366693,2000,PPI_crossfit
glm_wrong,PPI,50,0.25,plugin,TRUE,FALSE,TRUE,1,0,-3.3166236467674826,2.224195111071368,19.54783694117615,0.04509987484047557,-3.3995392379366693,2000,PPI_crossfit
glm_wrong,PPI,50,0.25,plugin,TRUE,TRUE,FALSE,1,0,-3.3166236467674826,2.224195111071368,19.54783694117615,0.04509987484047557,-3.3995392379366693,2000,PPI_crossfit
glm_wrong,PPI,100,0.25,plugin,FALSE,FALSE,FALSE,1,0,-0.9221089946233303,2.4514312041744244,19.070390885898483,0.1460423151502902,-0.9682144443544969,2000,PPI_noncrossfit
glm_wrong,PPI,100,0.25,plugin,FALSE,FALSE,TRUE,1,0,-0.9221089946233303,2.4514312041744244,19.070390885898483,0.1460423151502902,-0.9682144443544969,2000,PPI_noncrossfit
glm_wrong,PPI,100,0.25,plugin,FALSE,TRUE,FALSE,1,0,-0.9221089946233303,2.4514312041744244,19.070390885898483,0.1460423151502902,-0.9682144443544969,2000,PPI_noncrossfit
glm_wrong,PPI,100,0.25,plugin,TRUE,FALSE,FALSE,1,0,-1.1383588415356365,1.7248281787765,19.62469135128211,0.08995317917038036,-1.1952767836124183,2000,PPI_crossfit
glm_wrong,PPI,100,0.25,plugin,TRUE,FALSE,TRUE,1,0,-1.1383588415356365,1.7248281787765,19.62469135128211,0.08995317917038036,-1.1952767836124183,2000,PPI_crossfit
glm_wrong,PPI,100,0.25,plugin,TRUE,TRUE,FALSE,1,0,-1.1383588415356365,1.7248281787765,19.62469135128211,0.08995317917038036,-1.1952767836124183,2000,PPI_crossfit
glm_wrong,PPI,150,0.25,plugin,FALSE,FALSE,FALSE,1,0,-0.16179087738611586,2.1678868932785846,18.39970295822242,0.1449831584021033,-0.17392519319007455,2000,PPI_noncrossfit
glm_wrong,PPI,150,0.25,plugin,FALSE,FALSE,TRUE,1,0,-0.16179087738611586,2.1678868932785846,18.39970295822242,0.1449831584021033,-0.17392519319007455,2000,PPI_noncrossfit
glm_wrong,PPI,150,0.25,plugin,FALSE,TRUE,FALSE,1,0,-0.16179087738611586,2.1678868932785846,18.39970295822242,0.1449831584021033,-0.17392519319007455,2000,PPI_noncrossfit
glm_wrong,PPI,150,0.25,plugin,TRUE,FALSE,FALSE,1,0,-1.1426563107524903,1.5854004562018305,18.45895107026343,0.11790977125316189,-1.2283555340589272,2000,PPI_crossfit
glm_wrong,PPI,150,0.25,plugin,TRUE,FALSE,TRUE,1,0,-1.1426563107524903,1.5854004562018305,18.45895107026343,0.11790977125316189,-1.2283555340589272,2000,PPI_crossfit
glm_wrong,PPI,150,0.25,plugin,TRUE,TRUE,FALSE,1,0,-1.1426563107524903,1.5854004562018305,18.45895107026343,0.11790977125316189,-1.2283555340589272,2000,PPI_crossfit
glm_wrong,PPI,200,0.25,plugin,FALSE,FALSE,FALSE,1,0,1.674546083618792,1.877533637425832,18.233843319237018,0.1938317683593904,1.8420006919806713,2000,PPI_noncrossfit
glm_wrong,PPI,200,0.25,plugin,FALSE,FALSE,TRUE,1,0,1.674546083618792,1.877533637425832,18.233843319237018,0.1938317683593904,1.8420006919806713,2000,PPI_noncrossfit
glm_wrong,PPI,200,0.25,plugin,FALSE,TRUE,FALSE,1,0,1.674546083618792,1.877533637425832,18.233843319237018,0.1938317683593904,1.8420006919806713,2000,PPI_noncrossfit
glm_wrong,PPI,200,0.25,plugin,TRUE,FALSE,FALSE,1,0,-0.3033283610308271,1.558520658691212,18.372817432274765,0.1390226974626022,-0.33366119713390985,2000,PPI_crossfit
glm_wrong,PPI,200,0.25,plugin,TRUE,FALSE,TRUE,1,0,-0.3033283610308271,1.558520658691212,18.372817432274765,0.1390226974626022,-0.33366119713390985,2000,PPI_crossfit
glm_wrong,PPI,200,0.25,plugin,TRUE,TRUE,FALSE,1,0,-0.3033283610308271,1.558520658691212,18.372817432274765,0.1390226974626022,-0.33366119713390985,2000,PPI_crossfit
glm_wrong,PPI,300,0.25,plugin,FALSE,FALSE,FALSE,1,0,1.2869090367707823,1.86532785155277,17.68939368646203,0.2005565881646785,1.4799453922863994,2000,PPI_noncrossfit
glm_wrong,PPI,300,0.25,plugin,FALSE,FALSE,TRUE,1,0,1.2869090367707823,1.86532785155277,17.68939368646203,0.2005565881646785,1.4799453922863994,2000,PPI_noncrossfit
glm_wrong,PPI,300,0.25,plugin,FALSE,TRUE,FALSE,1,0,1.2869090367707823,1.86532785155277,17.68939368646203,0.2005565881646785,1.4799453922863994,2000,PPI_noncrossfit
glm_wrong,PPI,300,0.25,plugin,TRUE,FALSE,FALSE,1,0,-0.6395509128637914,1.3238043361355378,17.89082150311964,0.14862546651250297,-0.7354835497933601,2000,PPI_crossfit
glm_wrong,PPI,300,0.25,plugin,TRUE,FALSE,TRUE,1,0,-0.6395509128637914,1.3238043361355378,17.89082150311964,0.14862546651250297,-0.7354835497933601,2000,PPI_crossfit
glm_wrong,PPI,300,0.25,plugin,TRUE,TRUE,FALSE,1,0,-0.6395509128637914,1.3238043361355378,17.89082150311964,0.14862546651250297,-0.7354835497933601,2000,PPI_crossfit
glm_wrong,PPI++,50,0.25,plugin,FALSE,FALSE,FALSE,0.8372484946329876,0.1895058504271766,0.9610822053847903,2.845381805094409,15.9077609906214,0.3217273536800975,0.98510926051941,2000,PPI++_noncrossfit
glm_wrong,PPI++,50,0.25,plugin,FALSE,FALSE,TRUE,0.4091717704574677,0.41782346779964485,-0.08040515864707258,3.9766533701938345,15.805136399441924,0.10975625364074694,-0.08241528761324939,2000,PPI++_independent_split
glm_wrong,PPI++,50,0.25,plugin,FALSE,TRUE,FALSE,0.31985327316757084,0.37034786640906986,-2.6313010801381265,2.224195111071368,16.027711537525033,0.04509987484047557,-2.6970836071415794,2000,PPI++_crossfit
glm_wrong,PPI++,50,0.25,plugin,TRUE,FALSE,FALSE,0.8372484946329876,0.1895058504271766,0.9610822053847903,2.845381805094409,15.9077609906214,0.3217273536800975,0.98510926051941,2000,PPI++_noncrossfit
glm_wrong,PPI++,50,0.25,plugin,TRUE,FALSE,TRUE,0.4091717704574677,0.41782346779964485,-0.08040515864707258,3.9766533701938345,15.805136399441924,0.10975625364074694,-0.08241528761324939,2000,PPI++_independent_split
glm_wrong,PPI++,50,0.25,plugin,TRUE,TRUE,FALSE,0.31985327316757084,0.37034786640906986,-2.6313010801381265,2.224195111071368,16.027711537525033,0.04509987484047557,-2.6970836071415794,2000,PPI++_crossfit
glm_wrong,PPI++,100,0.25,plugin,FALSE,FALSE,FALSE,0.8813727178442188,0.14348623558845694,0.9597440891553901,1.865997888414792,16.14947312179691,0.27210067685466705,1.0077312936131597,2000,PPI++_noncrossfit
glm_wrong,PPI++,100,0.25,plugin,FALSE,FALSE,TRUE,0.49208559983513367,0.418124773207987,-0.9056908708282378,2.4514312041744244,17.50224467337231,0.1460423151502902,-0.9509754143696498,2000,PPI++_independent_split
glm_wrong,PPI++,100,0.25,plugin,FALSE,TRUE,FALSE,0.3996341975497102,0.39407452019327344,-0.9962401011050145,1.7248281787765,17.689863657245958,0.08995317917038036,-1.0460521061602652,2000,PPI++_crossfit
glm_wrong,PPI++,100,0.25,plugin,TRUE,FALSE,FALSE,0.8813727178442188,0.14348623558845694,0.9597440891553901,1.865997888414792,16.14947312179691,0.27210067685466705,1.0077312936131597,2000,PPI++_noncrossfit
glm_wrong,PPI++,100,0.25,plugin,TRUE,FALSE,TRUE,0.49208559983513367,0.418124773207987,-0.9056908708282378,2.4514312041744244,17.50224467337231,0.1460423151502902,-0.9509754143696498,2000,PPI++_independent_split
glm_wrong,PPI++,100,0.25,plugin,TRUE,TRUE,FALSE,0.3996341975497102,0.39407452019327344,-0.9962401011050145,1.7248281787765,17.689863657245958,0.08995317917038036,-1.0460521061602652,2000,PPI++_crossfit
glm_wrong,PPI++,150,0.25,plugin,FALSE,FALSE,FALSE,0.8832779108648542,0.12675875135873205,0.9329644215976973,1.7203744250385824,16.804832544106066,0.2614422065791154,1.0029367532175246,2000,PPI++_noncrossfit
glm_wrong,PPI++,150,0.25,plugin,FALSE,FALSE,TRUE,0.5359786296676898,0.408375209561262,-0.1419285193807176,2.1678868932785846,17.153831621840574,0.1449831584021033,-0.15257315833427143,2000,PPI++_independent_split
glm_wrong,PPI++,150,0.25,plugin,FALSE,TRUE,FALSE,0.45652852912966235,0.36667592202924837,-1.0244729688874719,1.5854004562018305,17.234132501288283,0.11790977125316189,-1.1013084415540322,2000,PPI++_crossfit
glm_wrong,PPI++,150,0.25,plugin,TRUE,FALSE,FALSE,0.8832779108648542,0.12675875135873205,0.9329644215976973,1.7203744250385824,16.804832544106066,0.2614422065791154,1.0029367532175246,2000,PPI++_noncrossfit
glm_wrong,PPI++,150,0.25,plugin,TRUE,FALSE,TRUE,0.5359786296676898,0.408375209561262,-0.1419285193807176,2.1678868932785846,17.153831621840574,0.1449831584021033,-0.15257315833427143,2000,PPI++_independent_split
glm_wrong,PPI++,150,0.25,plugin,TRUE,TRUE,FALSE,0.45652852912966235,0.36667592202924837,-1.0244729688874719,1.5854004562018305,17.234132501288283,0.11790977125316189,-1.1013084415540322,2000,PPI++_crossfit
glm_wrong,PPI++,200,0.25,plugin,FALSE,FALSE,FALSE,0.8790989311805762,0.11315977256051199,0.9086073783092667,1.5257076763067248,16.36865782187432,0.2547972777669294,0.9994681161401935,2000,PPI++_noncrossfit
glm_wrong,PPI++,200,0.25,plugin,FALSE,FALSE,TRUE,0.5999734193126601,0.39033525595644564,1.679105664168263,1.877533637425832,17.418796055537488,0.1938317683593904,1.8470162305850892,2000,PPI++_independent_split
glm_wrong,PPI++,200,0.25,plugin,FALSE,TRUE,FALSE,0.49947260774061625,0.36603364654925324,-0.24725149306492833,1.558520658691212,17.31778825764133,0.1390226974626022,-0.27197664237142116,2000,PPI++_crossfit
glm_wrong,PPI++,200,0.25,plugin,TRUE,FALSE,FALSE,0.8790989311805762,0.11315977256051199,0.9086073783092667,1.5257076763067248,16.36865782187432,0.2547972777669294,0.9994681161401935,2000,PPI++_noncrossfit
glm_wrong,PPI++,200,0.25,plugin,TRUE,FALSE,TRUE,0.5999734193126601,0.39033525595644564,1.679105664168263,1.877533637425832,17.418796055537488,0.1938317683593904,1.8470162305850892,2000,PPI++_independent_split
glm_wrong,PPI++,200,0.25,plugin,TRUE,TRUE,FALSE,0.49947260774061625,0.36603364654925324,-0.24725149306492833,1.558520658691212,17.31778825764133,0.1390226974626022,-0.27197664237142116,2000,PPI++_crossfit
glm_wrong,PPI++,300,0.25,plugin,FALSE,FALSE,FALSE,0.8641005412695124,0.11144685825973388,0.8742584710030051,1.2719538446756675,16.98066157209321,0.23918374767086173,1.0053972416534558,2000,PPI++_noncrossfit
glm_wrong,PPI++,300,0.25,plugin,FALSE,FALSE,TRUE,0.610430191674531,0.367401962502341,1.288706784286163,1.86532785155277,16.97564229101663,0.2005565881646785,1.4820128019290875,2000,PPI++_independent_split
glm_wrong,PPI++,300,0.25,plugin,FALSE,TRUE,FALSE,0.5168501378593445,0.32913133355853935,-0.5998333374224392,1.3238043361355378,17.246620450761423,0.14862546651250297,-0.689808338035805,2000,PPI++_crossfit
glm_wrong,PPI++,300,0.25,plugin,TRUE,FALSE,FALSE,0.8641005412695124,0.11144685825973388,0.8742584710030051,1.2719538446756675,16.98066157209321,0.23918374767086173,1.0053972416534558,2000,PPI++_noncrossfit
glm_wrong,PPI++,300,0.25,plugin,TRUE,FALSE,TRUE,0.610430191674531,0.367401962502341,1.288706784286163,1.86532785155277,16.97564229101663,0.2005565881646785,1.4820128019290875,2000,PPI++_independent_split
glm_wrong,PPI++,300,0.25,plugin,TRUE,TRUE,FALSE,0.5168501378593445,0.32913133355853935,-0.5998333374224392,1.3238043361355378,17.246620450761423,0.14862546651250297,-0.689808338035805,2000,PPI++_crossfit
rf,PPI,50,0.25,plugin,FALSE,FALSE,FALSE,1,0,1.393837943019836,3.4346514118856715,11.502886598053085,0.6770690093476815,1.4286838915953317,2000,PPI_noncrossfit
rf,PPI,50,0.25,plugin,FALSE,FALSE,TRUE,1,0,1.393837943019836,3.4346514118856715,11.502886598053085,0.6770690093476815,1.4286838915953317,2000,PPI_noncrossfit
rf,PPI,50,0.25,plugin,FALSE,TRUE,FALSE,1,0,1.393837943019836,3.4346514118856715,11.502886598053085,0.6770690093476815,1.4286838915953317,2000,PPI_noncrossfit
rf,PPI,50,0.25,plugin,TRUE,FALSE,FALSE,1,0,1.2512542527909447,2.7481640567152574,12.341594290579799,0.6051433169334939,1.2825356091107183,2000,PPI_crossfit
rf,PPI,50,0.25,plugin,TRUE,FALSE,TRUE,1,0,1.2512542527909447,2.7481640567152574,12.341594290579799,0.6051433169334939,1.2825356091107183,2000,PPI_crossfit
rf,PPI,50,0.25,plugin,TRUE,TRUE,FALSE,1,0,1.2512542527909447,2.7481640567152574,12.341594290579799,0.6051433169334939,1.2825356091107183,2000,PPI_crossfit
rf,PPI,100,0.25,plugin,FALSE,FALSE,FALSE,1,0,1.234940976199547,4.8522787684930035,8.817602115940273,0.7700195777063111,1.2966880250095243,2000,PPI_noncrossfit
rf,PPI,100,0.25,plugin,FALSE,FALSE,TRUE,1,0,1.234940976199547,4.8522787684930035,8.817602115940273,0.7700195777063111,1.2966880250095243,2000,PPI_noncrossfit
rf,PPI,100,0.25,plugin,FALSE,TRUE,FALSE,1,0,1.234940976199547,4.8522787684930035,8.817602115940273,0.7700195777063111,1.2966880250095243,2000,PPI_noncrossfit
rf,PPI,100,0.25,plugin,TRUE,FALSE,FALSE,1,0,1.213839010745785,4.0608517295174975,9.370006509809686,0.7411223028680718,1.2745309612830744,2000,PPI_crossfit
rf,PPI,100,0.25,plugin,TRUE,FALSE,TRUE,1,0,1.213839010745785,4.0608517295174975,9.370006509809686,0.7411223028680718,1.2745309612830744,2000,PPI_crossfit
rf,PPI,100,0.25,plugin,TRUE,TRUE,FALSE,1,0,1.213839010745785,4.0608517295174975,9.370006509809686,0.7411223028680718,1.2745309612830744,2000,PPI_crossfit
rf,PPI,150,0.25,plugin,FALSE,FALSE,FALSE,1,0,1.1536389923466672,5.6880652985011935,7.8073109512556105,0.8086902096172435,1.2401619167726672,2000,PPI_noncrossfit
rf,PPI,150,0.25,plugin,FALSE,FALSE,TRUE,1,0,1.1536389923466672,5.6880652985011935,7.8073109512556105,0.8086902096172435,1.2401619167726672,2000,PPI_noncrossfit
rf,PPI,150,0.25,plugin,FALSE,TRUE,FALSE,1,0,1.1536389923466672,5.6880652985011935,7.8073109512556105,0.8086902096172435,1.2401619167726672,2000,PPI_noncrossfit
rf,PPI,150,0.25,plugin,TRUE,FALSE,FALSE,1,0,1.1398105652503359,4.997570334622604,7.725611906977772,0.792587543041049,1.2252963576441112,2000,PPI_crossfit
rf,PPI,150,0.25,plugin,TRUE,FALSE,TRUE,1,0,1.1398105652503359,4.997570334622604,7.725611906977772,0.792587543041049,1.2252963576441112,2000,PPI_crossfit
rf,PPI,150,0.25,plugin,TRUE,TRUE,FALSE,1,0,1.1398105652503359,4.997570334622604,7.725611906977772,0.792587543041049,1.2252963576441112,2000,PPI_crossfit
rf,PPI,200,0.25,plugin,FALSE,FALSE,FALSE,1,0,1.0985692200744313,6.220336700468201,7.2709891031864755,0.8273193793327066,1.2084261420818745,2000,PPI_noncrossfit
rf,PPI,200,0.25,plugin,FALSE,FALSE,TRUE,1,0,1.0985692200744313,6.220336700468201,7.2709891031864755,0.8273193793327066,1.2084261420818745,2000,PPI_noncrossfit
rf,PPI,200,0.25,plugin,FALSE,TRUE,FALSE,1,0,1.0985692200744313,6.220336700468201,7.2709891031864755,0.8273193793327066,1.2084261420818745,2000,PPI_noncrossfit
rf,PPI,200,0.25,plugin,TRUE,FALSE,FALSE,1,0,1.0791767389359075,5.7473655632732035,6.875760182073053,0.8188243425334224,1.1870944128294982,2000,PPI_crossfit
rf,PPI,200,0.25,plugin,TRUE,FALSE,TRUE,1,0,1.0791767389359075,5.7473655632732035,6.875760182073053,0.8188243425334224,1.1870944128294982,2000,PPI_crossfit
rf,PPI,200,0.25,plugin,TRUE,TRUE,FALSE,1,0,1.0791767389359075,5.7473655632732035,6.875760182073053,0.8188243425334224,1.1870944128294982,2000,PPI_crossfit
rf,PPI,300,0.25,plugin,FALSE,FALSE,FALSE,1,0,1.0052953917181426,7.266002149558178,6.070504842566357,0.8564892250430831,1.156089700475864,2000,PPI_noncrossfit
rf,PPI,300,0.25,plugin,FALSE,FALSE,TRUE,1,0,1.0052953917181426,7.266002149558178,6.070504842566357,0.8564892250430831,1.156089700475864,2000,PPI_noncrossfit
rf,PPI,300,0.25,plugin,FALSE,TRUE,FALSE,1,0,1.0052953917181426,7.266002149558178,6.070504842566357,0.8564892250430831,1.156089700475864,2000,PPI_noncrossfit
rf,PPI,300,0.25,plugin,TRUE,FALSE,FALSE,1,0,0.9986505708160759,6.876177764128055,5.860244439323317,0.8531774770242612,1.1484481564384872,2000,PPI_crossfit
rf,PPI,300,0.25,plugin,TRUE,FALSE,TRUE,1,0,0.9986505708160759,6.876177764128055,5.860244439323317,0.8531774770242612,1.1484481564384872,2000,PPI_crossfit
rf,PPI,300,0.25,plugin,TRUE,TRUE,FALSE,1,0,0.9986505708160759,6.876177764128055,5.860244439323317,0.8531774770242612,1.1484481564384872,2000,PPI_crossfit
rf,PPI++,50,0.25,plugin,FALSE,FALSE,FALSE,1,0,1.1142733085434098,4.777077988014123,1.9953547565202017,0.9718057076060602,1.1421301412569949,2000,PPI++_noncrossfit
rf,PPI++,50,0.25,plugin,FALSE,FALSE,TRUE,0.9247550221518794,0.1643144361779588,1.395830121463752,3.4346514118856715,11.51423596910925,0.6770690093476815,1.4307258745003457,2000,PPI++_independent_split
rf,PPI++,50,0.25,plugin,FALSE,TRUE,FALSE,0.9495508537883688,0.14754145875353197,1.2513959208024206,2.7481640567152574,12.263715255650338,0.6051433169334939,1.282680818822481,2000,PPI++_crossfit
rf,PPI++,50,0.25,plugin,TRUE,FALSE,FALSE,1,0,1.1142733085434098,4.777077988014123,1.9953547565202017,0.9718057076060602,1.1421301412569949,2000,PPI++_noncrossfit
rf,PPI++,50,0.25,plugin,TRUE,FALSE,TRUE,0.9247550221518794,0.1643144361779588,1.395830121463752,3.4346514118856715,11.51423596910925,0.6770690093476815,1.4307258745003457,2000,PPI++_independent_split
rf,PPI++,50,0.25,plugin,TRUE,TRUE,FALSE,0.9495508537883688,0.14754145875353197,1.2513959208024206,2.7481640567152574,12.263715255650338,0.6051433169334939,1.282680818822481,2000,PPI++_crossfit
rf,PPI++,100,0.25,plugin,FALSE,FALSE,FALSE,0.999945892039247,0.0012098907836764826,1.0299989479017186,6.2402678896813955,1.4545558247332442,0.9771078881625996,1.0814988952968045,2000,PPI++_noncrossfit
rf,PPI++,100,0.25,plugin,FALSE,FALSE,TRUE,0.951778844533409,0.11157964360852342,1.2384740478569287,4.8522787684930035,8.885735302893007,0.7700195777063111,1.3003977502497752,2000,PPI++_independent_split
rf,PPI++,100,0.25,plugin,FALSE,TRUE,FALSE,0.9857431259473239,0.05908541132758358,1.2145754831399513,4.0608517295174975,9.376535257752488,0.7411223028680718,1.275304257296949,2000,PPI++_crossfit
rf,PPI++,100,0.25,plugin,TRUE,FALSE,FALSE,0.999945892039247,0.0012098907836764826,1.0299989479017186,6.2402678896813955,1.4545558247332442,0.9771078881625996,1.0814988952968045,2000,PPI++_noncrossfit
rf,PPI++,100,0.25,plugin,TRUE,FALSE,TRUE,0.951778844533409,0.11157964360852342,1.2384740478569287,4.8522787684930035,8.885735302893007,0.7700195777063111,1.3003977502497752,2000,PPI++_independent_split
rf,PPI++,100,0.25,plugin,TRUE,TRUE,FALSE,0.9857431259473239,0.05908541132758358,1.2145754831399513,4.0608517295174975,9.376535257752488,0.7411223028680718,1.275304257296949,2000,PPI++_crossfit
rf,PPI++,150,0.25,plugin,FALSE,FALSE,FALSE,0.9998654832029891,0.0018699302857700076,0.9863540010801927,7.320886752796548,1.3224840935535922,0.9784003817346008,1.0603305511612071,2000,PPI++_noncrossfit
rf,PPI++,150,0.25,plugin,FALSE,FALSE,TRUE,0.9682522481703945,0.09166993216122549,1.1564561777505422,5.6880652985011935,7.868749378379932,0.8086902096172435,1.243190391081833,2000,PPI++_independent_split
rf,PPI++,150,0.25,plugin,FALSE,TRUE,FALSE,0.9934660582824013,0.02867916557657542,1.1405044193011757,4.997570334622604,7.738804543734541,0.792587543041049,1.2260422507487638,2000,PPI++_crossfit
rf,PPI++,150,0.25,plugin,TRUE,FALSE,FALSE,0.9998654832029891,0.0018699302857700076,0.9863540010801927,7.320886752796548,1.3224840935535922,0.9784003817346008,1.0603305511612071,2000,PPI++_noncrossfit
rf,PPI++,150,0.25,plugin,TRUE,FALSE,TRUE,0.9682522481703945,0.09166993216122549,1.1564561777505422,5.6880652985011935,7.868749378379932,0.8086902096172435,1.243190391081833,2000,PPI++_independent_split
rf,PPI++,150,0.25,plugin,TRUE,TRUE,FALSE,0.9934660582824013,0.02867916557657542,1.1405044193011757,4.997570334622604,7.738804543734541,0.792587543041049,1.2260422507487638,2000,PPI++_crossfit
rf,PPI++,200,0.25,plugin,FALSE,FALSE,FALSE,0.9990466678643745,0.00890377502447665,0.9544729082063282,8.100274924428339,1.2186908474226905,0.9802838843172741,1.049920199026961,2000,PPI++_noncrossfit
rf,PPI++,200,0.25,plugin,FALSE,FALSE,TRUE,0.9713646988249438,0.07650949481550297,1.1019051490884515,6.220336700468201,7.355236454667585,0.8273193793327066,1.2120956639972966,2000,PPI++_independent_split
rf,PPI++,200,0.25,plugin,FALSE,TRUE,FALSE,0.9946335867604243,0.022574350966164995,1.0798158693541606,5.7473655632732035,6.888568275749022,0.8188243425334224,1.1877974562895768,2000,PPI++_crossfit
rf,PPI++,200,0.25,plugin,TRUE,FALSE,FALSE,0.9990466678643745,0.00890377502447665,0.9544729082063282,8.100274924428339,1.2186908474226905,0.9802838843172741,1.049920199026961,2000,PPI++_noncrossfit
rf,PPI++,200,0.25,plugin,TRUE,FALSE,TRUE,0.9713646988249438,0.07650949481550297,1.1019051490884515,6.220336700468201,7.355236454667585,0.8273193793327066,1.2120956639972966,2000,PPI++_independent_split
rf,PPI++,200,0.25,plugin,TRUE,TRUE,FALSE,0.9946335867604243,0.022574350966164995,1.0798158693541606,5.7473655632732035,6.888568275749022,0.8188243425334224,1.1877974562895768,2000,PPI++_crossfit
rf,PPI++,300,0.25,plugin,FALSE,FALSE,FALSE,0.9979976326756446,0.013913053375020547,0.8991857853152119,9.202939294229443,1.0020098145234104,0.9826009986379812,1.0340636531124936,2000,PPI++_noncrossfit
rf,PPI++,300,0.25,plugin,FALSE,FALSE,TRUE,0.973120976701717,0.06814859112428406,1.0085766247048142,7.266002149558178,6.15512494009829,0.8564892250430831,1.1598631184105364,2000,PPI++_independent_split
rf,PPI++,300,0.25,plugin,FALSE,TRUE,FALSE,0.9906358040383708,0.029762236078088415,0.9999444803419149,6.876177764128055,5.8896101568963095,0.8531774770242612,1.149936152393202,2000,PPI++_crossfit
rf,PPI++,300,0.25,plugin,TRUE,FALSE,FALSE,0.9979976326756446,0.013913053375020547,0.8991857853152119,9.202939294229443,1.0020098145234104,0.9826009986379812,1.0340636531124936,2000,PPI++_noncrossfit
rf,PPI++,300,0.25,plugin,TRUE,FALSE,TRUE,0.973120976701717,0.06814859112428406,1.0085766247048142,7.266002149558178,6.15512494009829,0.8564892250430831,1.1598631184105364,2000,PPI++_independent_split
rf,PPI++,300,0.25,plugin,TRUE,TRUE,FALSE,0.9906358040383708,0.029762236078088415,0.9999444803419149,6.876177764128055,5.8896101568963095,0.8531774770242612,1.149936152393202,2000,PPI++_crossfit
glm_correct,PPI,50,0.30000000000000004,plugin,FALSE,FALSE,FALSE,1,0,0.9615152477348147,17.43043668003169,1.276781381842545,0.9490148197120085,0.9855531289281849,2000,PPI_noncrossfit
glm_correct,PPI,50,0.30000000000000004,plugin,FALSE,FALSE,TRUE,1,0,0.9615152477348147,17.43043668003169,1.276781381842545,0.9490148197120085,0.9855531289281849,2000,PPI_noncrossfit
glm_correct,PPI,50,0.30000000000000004,plugin,FALSE,TRUE,FALSE,1,0,0.9615152477348147,17.43043668003169,1.276781381842545,0.9490148197120085,0.9855531289281849,2000,PPI_noncrossfit
glm_correct,PPI,50,0.30000000000000004,plugin,TRUE,FALSE,FALSE,1,0,0.9596470211632628,17.368486294025903,1.3961166606428488,0.9453169012438382,0.9836381966923443,2000,PPI_crossfit
glm_correct,PPI,50,0.30000000000000004,plugin,TRUE,FALSE,TRUE,1,0,0.9596470211632628,17.368486294025903,1.3961166606428488,0.9453169012438382,0.9836381966923443,2000,PPI_crossfit
glm_correct,PPI,50,0.30000000000000004,plugin,TRUE,TRUE,FALSE,1,0,0.9596470211632628,17.368486294025903,1.3961166606428488,0.9453169012438382,0.9836381966923443,2000,PPI_crossfit
glm_correct,PPI,100,0.30000000000000004,plugin,FALSE,FALSE,FALSE,1,0,0.9479602388008264,17.08719441173925,1.0666643465646402,0.9649700402818863,0.9953582507408677,2000,PPI_noncrossfit
glm_correct,PPI,100,0.30000000000000004,plugin,FALSE,FALSE,TRUE,1,0,0.9479602388008264,17.08719441173925,1.0666643465646402,0.9649700402818863,0.9953582507408677,2000,PPI_noncrossfit
glm_correct,PPI,100,0.30000000000000004,plugin,FALSE,TRUE,FALSE,1,0,0.9479602388008264,17.08719441173925,1.0666643465646402,0.9649700402818863,0.9953582507408677,2000,PPI_noncrossfit
glm_correct,PPI,100,0.30000000000000004,plugin,TRUE,FALSE,FALSE,1,0,0.9460268176940897,17.012824821430815,1.1214236744999966,0.9615069902323784,0.9933281585787942,2000,PPI_crossfit
glm_correct,PPI,100,0.30000000000000004,plugin,TRUE,FALSE,TRUE,1,0,0.9460268176940897,17.012824821430815,1.1214236744999966,0.9615069902323784,0.9933281585787942,2000,PPI_crossfit
glm_correct,PPI,100,0.30000000000000004,plugin,TRUE,TRUE,FALSE,1,0,0.9460268176940897,17.012824821430815,1.1214236744999966,0.9615069902323784,0.9933281585787942,2000,PPI_crossfit
glm_correct,PPI,150,0.30000000000000004,plugin,FALSE,FALSE,FALSE,1,0,0.9267832431374059,16.897757578676213,1.0579157160209485,0.96585248162913,0.9962919863727113,2000,PPI_noncrossfit
glm_correct,PPI,150,0.30000000000000004,plugin,FALSE,FALSE,TRUE,1,0,0.9267832431374059,16.897757578676213,1.0579157160209485,0.96585248162913,0.9962919863727113,2000,PPI_noncrossfit
glm_correct,PPI,150,0.30000000000000004,plugin,FALSE,TRUE,FALSE,1,0,0.9267832431374059,16.897757578676213,1.0579157160209485,0.96585248162913,0.9962919863727113,2000,PPI_noncrossfit
glm_correct,PPI,150,0.30000000000000004,plugin,TRUE,FALSE,FALSE,1,0,0.9257039581397399,17.086765940553825,1.0735184481054765,0.9646678840924694,0.9951317550002204,2000,PPI_crossfit
glm_correct,PPI,150,0.30000000000000004,plugin,TRUE,FALSE,TRUE,1,0,0.9257039581397399,17.086765940553825,1.0735184481054765,0.9646678840924694,0.9951317550002204,2000,PPI_crossfit
glm_correct,PPI,150,0.30000000000000004,plugin,TRUE,TRUE,FALSE,1,0,0.9257039581397399,17.086765940553825,1.0735184481054765,0.9646678840924694,0.9951317550002204,2000,PPI_crossfit
glm_correct,PPI,200,0.30000000000000004,plugin,FALSE,FALSE,FALSE,1,0,0.9068105205123267,16.919910521992787,1.0345031122674606,0.9677453212929374,0.9974915725635594,2000,PPI_noncrossfit
glm_correct,PPI,200,0.30000000000000004,plugin,FALSE,FALSE,TRUE,1,0,0.9068105205123267,16.919910521992787,1.0345031122674606,0.9677453212929374,0.9974915725635594,2000,PPI_noncrossfit
glm_correct,PPI,200,0.30000000000000004,plugin,FALSE,TRUE,FALSE,1,0,0.9068105205123267,16.919910521992787,1.0345031122674606,0.9677453212929374,0.9974915725635594,2000,PPI_noncrossfit
glm_correct,PPI,200,0.30000000000000004,plugin,TRUE,FALSE,FALSE,1,0,0.9060163469090141,16.984630587744977,1.0532612561360828,0.9666596494498496,0.9966179815999155,2000,PPI_crossfit
glm_correct,PPI,200,0.30000000000000004,plugin,TRUE,FALSE,TRUE,1,0,0.9060163469090141,16.984630587744977,1.0532612561360828,0.9666596494498496,0.9966179815999155,2000,PPI_crossfit
glm_correct,PPI,200,0.30000000000000004,plugin,TRUE,TRUE,FALSE,1,0,0.9060163469090141,16.984630587744977,1.0532612561360828,0.9666596494498496,0.9966179815999155,2000,PPI_crossfit
glm_correct,PPI,300,0.30000000000000004,plugin,FALSE,FALSE,FALSE,1,0,0.8676188066462989,17.075041451500223,1.0223479041589634,0.9685799641022974,0.9977616276432436,2000,PPI_noncrossfit
glm_correct,PPI,300,0.30000000000000004,plugin,FALSE,FALSE,TRUE,1,0,0.8676188066462989,17.075041451500223,1.0223479041589634,0.9685799641022974,0.9977616276432436,2000,PPI_noncrossfit
glm_correct,PPI,300,0.30000000000000004,plugin,FALSE,TRUE,FALSE,1,0,0.8676188066462989,17.075041451500223,1.0223479041589634,0.9685799641022974,0.9977616276432436,2000,PPI_noncrossfit
glm_correct,PPI,300,0.30000000000000004,plugin,TRUE,FALSE,FALSE,1,0,0.8672933108206086,17.032780574279585,1.039183003911575,0.9677857598002145,0.9973873074436997,2000,PPI_crossfit
glm_correct,PPI,300,0.30000000000000004,plugin,TRUE,FALSE,TRUE,1,0,0.8672933108206086,17.032780574279585,1.039183003911575,0.9677857598002145,0.9973873074436997,2000,PPI_crossfit
glm_correct,PPI,300,0.30000000000000004,plugin,TRUE,TRUE,FALSE,1,0,0.8672933108206086,17.032780574279585,1.039183003911575,0.9677857598002145,0.9973873074436997,2000,PPI_crossfit
glm_correct,PPI++,50,0.30000000000000004,plugin,FALSE,FALSE,FALSE,0.7261623617046269,0.2706462923097799,0.9886951639681655,16.984770458208136,1.9785143715317277,0.9600541545725166,1.0134125430673695,2000,PPI++_noncrossfit
glm_correct,PPI++,50,0.30000000000000004,plugin,FALSE,FALSE,TRUE,0.6839734902216453,0.275929182753045,0.9874939675496025,17.43043668003169,2.3250751624375763,0.9490148197120085,1.0121813167383424,2000,PPI++_independent_split
glm_correct,PPI++,50,0.30000000000000004,plugin,FALSE,TRUE,FALSE,0.6965215954080625,0.2613171722842752,0.9851561574257589,17.368486294025903,2.4402369750888484,0.9453169012438382,1.0097850613614028,2000,PPI++_crossfit
glm_correct,PPI++,50,0.30000000000000004,plugin,TRUE,FALSE,FALSE,0.7261623617046269,0.2706462923097799,0.9886951639681655,16.984770458208136,1.9785143715317277,0.9600541545725166,1.0134125430673695,2000,PPI++_noncrossfit
glm_correct,PPI++,50,0.30000000000000004,plugin,TRUE,FALSE,TRUE,0.6839734902216453,0.275929182753045,0.9874939675496025,17.43043668003169,2.3250751624375763,0.9490148197120085,1.0121813167383424,2000,PPI++_independent_split
glm_correct,PPI++,50,0.30000000000000004,plugin,TRUE,TRUE,FALSE,0.6965215954080625,0.2613171722842752,0.9851561574257589,17.368486294025903,2.4402369750888484,0.9453169012438382,1.0097850613614028,2000,PPI++_crossfit
glm_correct,PPI++,100,0.30000000000000004,plugin,FALSE,FALSE,FALSE,0.7806060906555916,0.22357513879766347,0.9671187463548981,17.057086100131947,1.8300883384915545,0.9659520331594825,1.0154746836726432,2000,PPI++_noncrossfit
glm_correct,PPI++,100,0.30000000000000004,plugin,FALSE,FALSE,TRUE,0.7854537300317058,0.22163306892306595,0.968052863659294,17.08719441173925,1.8829279261718297,0.9649700402818863,1.0164555068422587,2000,PPI++_independent_split
glm_correct,PPI++,100,0.30000000000000004,plugin,FALSE,TRUE,FALSE,0.7861659816874043,0.2265477264292535,0.9660527086927642,17.012824821430815,1.9396825015174033,0.9615069902323784,1.0143553441274025,2000,PPI++_crossfit
glm_correct,PPI++,100,0.30000000000000004,plugin,TRUE,FALSE,FALSE,0.7806060906555916,0.22357513879766347,0.9671187463548981,17.057086100131947,1.8300883384915545,0.9659520331594825,1.0154746836726432,2000,PPI++_noncrossfit
glm_correct,PPI++,100,0.30000000000000004,plugin,TRUE,FALSE,TRUE,0.7854537300317058,0.22163306892306595,0.968052863659294,17.08719441173925,1.8829279261718297,0.9649700402818863,1.0164555068422587,2000,PPI++_independent_split
glm_correct,PPI++,100,0.30000000000000004,plugin,TRUE,TRUE,FALSE,0.7861659816874043,0.2265477264292535,0.9660527086927642,17.012824821430815,1.9396825015174033,0.9615069902323784,1.0143553441274025,2000,PPI++_crossfit
glm_correct,PPI++,150,0.30000000000000004,plugin,FALSE,FALSE,FALSE,0.810353517897356,0.20024855509376288,0.9443354651935828,17.032209106555637,1.7303968659379463,0.968052297935601,1.0151606250831016,2000,PPI++_noncrossfit
glm_correct,PPI++,150,0.30000000000000004,plugin,FALSE,FALSE,TRUE,0.8035319804191473,0.19802420302404047,0.9453083162161673,16.897757578676213,1.8305192610611094,0.96585248162913,1.0162064399323798,2000,PPI++_independent_split
glm_correct,PPI++,150,0.30000000000000004,plugin,FALSE,TRUE,FALSE,0.8012531604378856,0.2047019959501982,0.9442301010209269,17.086765940553825,1.8714612468362846,0.9646678840924694,1.0150473585974964,2000,PPI++_crossfit
glm_correct,PPI++,150,0.30000000000000004,plugin,TRUE,FALSE,FALSE,0.810353517897356,0.20024855509376288,0.9443354651935828,17.032209106555637,1.7303968659379463,0.968052297935601,1.0151606250831016,2000,PPI++_noncrossfit
glm_correct,PPI++,150,0.30000000000000004,plugin,TRUE,FALSE,TRUE,0.8035319804191473,0.19802420302404047,0.9453083162161673,16.897757578676213,1.8305192610611094,0.96585248162913,1.0162064399323798,2000,PPI++_independent_split
glm_correct,PPI++,150,0.30000000000000004,plugin,TRUE,TRUE,FALSE,0.8012531604378856,0.2047019959501982,0.9442301010209269,17.086765940553825,1.8714612468362846,0.9646678840924694,1.0150473585974964,2000,PPI++_crossfit
glm_correct,PPI++,200,0.30000000000000004,plugin,FALSE,FALSE,FALSE,0.806999749776501,0.18676012551120658,0.9235037099796111,17.081440219421673,1.7606294412249832,0.9680065715868643,1.0158540809775722,2000,PPI++_noncrossfit
glm_correct,PPI++,200,0.30000000000000004,plugin,FALSE,FALSE,TRUE,0.8174194347713876,0.18803328434028105,0.9234979902283623,16.919910521992787,1.7545918908059635,0.9677453212929374,1.0158477892511986,2000,PPI++_independent_split
glm_correct,PPI++,200,0.30000000000000004,plugin,FALSE,TRUE,FALSE,0.818904270848704,0.1861806106736234,0.922223796494278,16.984630587744977,1.7434334571147996,0.9666596494498496,1.0144461761437058,2000,PPI++_crossfit
glm_correct,PPI++,200,0.30000000000000004,plugin,TRUE,FALSE,FALSE,0.806999749776501,0.18676012551120658,0.9235037099796111,17.081440219421673,1.7606294412249832,0.9680065715868643,1.0158540809775722,2000,PPI++_noncrossfit
glm_correct,PPI++,200,0.30000000000000004,plugin,TRUE,FALSE,TRUE,0.8174194347713876,0.18803328434028105,0.9234979902283623,16.919910521992787,1.7545918908059635,0.9677453212929374,1.0158477892511986,2000,PPI++_independent_split
glm_correct,PPI++,200,0.30000000000000004,plugin,TRUE,TRUE,FALSE,0.818904270848704,0.1861806106736234,0.922223796494278,16.984630587744977,1.7434334571147996,0.9666596494498496,1.0144461761437058,2000,PPI++_crossfit
glm_correct,PPI++,300,0.30000000000000004,plugin,FALSE,FALSE,FALSE,0.816366502213733,0.16761298321091647,0.8845518272534736,16.92028705774451,1.7368370919575467,0.9696097578446224,1.0172346013414946,2000,PPI++_noncrossfit
glm_correct,PPI++,300,0.30000000000000004,plugin,FALSE,FALSE,TRUE,0.8105382238379254,0.16968319833865797,0.8845737707039035,17.075041451500223,1.7812420311321515,0.9685799641022974,1.017259836309489,2000,PPI++_independent_split
glm_correct,PPI++,300,0.30000000000000004,plugin,FALSE,TRUE,FALSE,0.8055621637559176,0.1737292928818494,0.8849561655464278,17.032780574279585,1.8367471594188713,0.9677857598002145,1.0176995903783919,2000,PPI++_crossfit
glm_correct,PPI++,300,0.30000000000000004,plugin,TRUE,FALSE,FALSE,0.816366502213733,0.16761298321091647,0.8845518272534736,16.92028705774451,1.7368370919575467,0.9696097578446224,1.0172346013414946,2000,PPI++_noncrossfit
glm_correct,PPI++,300,0.30000000000000004,plugin,TRUE,FALSE,TRUE,0.8105382238379254,0.16968319833865797,0.8845737707039035,17.075041451500223,1.7812420311321515,0.9685799641022974,1.017259836309489,2000,PPI++_independent_split
glm_correct,PPI++,300,0.30000000000000004,plugin,TRUE,TRUE,FALSE,0.8055621637559176,0.1737292928818494,0.8849561655464278,17.032780574279585,1.8367471594188713,0.9677857598002145,1.0176995903783919,2000,PPI++_crossfit
glm_mis,PPI,50,0.30000000000000004,plugin,FALSE,FALSE,FALSE,1,0,1.0608301851420936,10.95060421049428,9.33014872643282,0.7463313489850375,1.0873509397706458,2000,PPI_noncrossfit
glm_mis,PPI,50,0.30000000000000004,plugin,FALSE,FALSE,TRUE,1,0,1.0608301851420936,10.95060421049428,9.33014872643282,0.7463313489850375,1.0873509397706458,2000,PPI_noncrossfit
glm_mis,PPI,50,0.30000000000000004,plugin,FALSE,TRUE,FALSE,1,0,1.0608301851420936,10.95060421049428,9.33014872643282,0.7463313489850375,1.0873509397706458,2000,PPI_noncrossfit
glm_mis,PPI,50,0.30000000000000004,plugin,TRUE,FALSE,FALSE,1,0,0.9200807205999597,9.30785165447589,9.30305219974046,0.6926600890290265,0.9430827386149586,2000,PPI_crossfit
glm_mis,PPI,50,0.30000000000000004,plugin,TRUE,FALSE,TRUE,1,0,0.9200807205999597,9.30785165447589,9.30305219974046,0.6926600890290265,0.9430827386149586,2000,PPI_crossfit
glm_mis,PPI,50,0.30000000000000004,plugin,TRUE,TRUE,FALSE,1,0,0.9200807205999597,9.30785165447589,9.30305219974046,0.6926600890290265,0.9430827386149586,2000,PPI_crossfit
glm_mis,PPI,100,0.30000000000000004,plugin,FALSE,FALSE,FALSE,1,0,1.0350795202775478,10.177452776173043,9.284794534731224,0.7532908951812136,1.0868334962914252,2000,PPI_noncrossfit
glm_mis,PPI,100,0.30000000000000004,plugin,FALSE,FALSE,TRUE,1,0,1.0350795202775478,10.177452776173043,9.284794534731224,0.7532908951812136,1.0868334962914252,2000,PPI_noncrossfit
glm_mis,PPI,100,0.30000000000000004,plugin,FALSE,TRUE,FALSE,1,0,1.0350795202775478,10.177452776173043,9.284794534731224,0.7532908951812136,1.0868334962914252,2000,PPI_noncrossfit
glm_mis,PPI,100,0.30000000000000004,plugin,TRUE,FALSE,FALSE,1,0,0.9185219905166081,10.015987111818617,9.616396779074945,0.7058003766413335,0.9644480900424386,2000,PPI_crossfit
glm_mis,PPI,100,0.30000000000000004,plugin,TRUE,FALSE,TRUE,1,0,0.9185219905166081,10.015987111818617,9.616396779074945,0.7058003766413335,0.9644480900424386,2000,PPI_crossfit
glm_mis,PPI,100,0.30000000000000004,plugin,TRUE,TRUE,FALSE,1,0,0.9185219905166081,10.015987111818617,9.616396779074945,0.7058003766413335,0.9644480900424386,2000,PPI_crossfit
glm_mis,PPI,150,0.30000000000000004,plugin,FALSE,FALSE,FALSE,1,0,0.9772192052344061,10.314694552323946,8.791159780953311,0.7517249303590751,1.0505106456269866,2000,PPI_noncrossfit
glm_mis,PPI,150,0.30000000000000004,plugin,FALSE,FALSE,TRUE,1,0,0.9772192052344061,10.314694552323946,8.791159780953311,0.7517249303590751,1.0505106456269866,2000,PPI_noncrossfit
glm_mis,PPI,150,0.30000000000000004,plugin,FALSE,TRUE,FALSE,1,0,0.9772192052344061,10.314694552323946,8.791159780953311,0.7517249303590751,1.0505106456269866,2000,PPI_noncrossfit
glm_mis,PPI,150,0.30000000000000004,plugin,TRUE,FALSE,FALSE,1,0,0.9090405106383674,9.934372447605242,8.905466220066447,0.7209874222024113,0.977218548936245,2000,PPI_crossfit
glm_mis,PPI,150,0.30000000000000004,plugin,TRUE,FALSE,TRUE,1,0,0.9090405106383674,9.934372447605242,8.905466220066447,0.7209874222024113,0.977218548936245,2000,PPI_crossfit
glm_mis,PPI,150,0.30000000000000004,plugin,TRUE,TRUE,FALSE,1,0,0.9090405106383674,9.934372447605242,8.905466220066447,0.7209874222024113,0.977218548936245,2000,PPI_crossfit
glm_mis,PPI,200,0.30000000000000004,plugin,FALSE,FALSE,FALSE,1,0,0.9488748882051056,10.17826812183268,8.870314995751736,0.7486061508357796,1.0437623770256161,2000,PPI_noncrossfit
glm_mis,PPI,200,0.30000000000000004,plugin,FALSE,FALSE,TRUE,1,0,0.9488748882051056,10.17826812183268,8.870314995751736,0.7486061508357796,1.0437623770256161,2000,PPI_noncrossfit
glm_mis,PPI,200,0.30000000000000004,plugin,FALSE,TRUE,FALSE,1,0,0.9488748882051056,10.17826812183268,8.870314995751736,0.7486061508357796,1.0437623770256161,2000,PPI_noncrossfit
glm_mis,PPI,200,0.30000000000000004,plugin,TRUE,FALSE,FALSE,1,0,0.892351632619633,10.02057896051697,8.863465706700492,0.7249935637558934,0.9815867958815964,2000,PPI_crossfit
glm_mis,PPI,200,0.30000000000000004,plugin,TRUE,FALSE,TRUE,1,0,0.892351632619633,10.02057896051697,8.863465706700492,0.7249935637558934,0.9815867958815964,2000,PPI_crossfit
glm_mis,PPI,200,0.30000000000000004,plugin,TRUE,TRUE,FALSE,1,0,0.892351632619633,10.02057896051697,8.863465706700492,0.7249935637558934,0.9815867958815964,2000,PPI_crossfit
glm_mis,PPI,300,0.30000000000000004,plugin,FALSE,FALSE,FALSE,1,0,0.8927897157583149,10.33500780852401,8.367328785897534,0.7506892510289755,1.026708173122062,2000,PPI_noncrossfit
glm_mis,PPI,300,0.30000000000000004,plugin,FALSE,FALSE,TRUE,1,0,0.8927897157583149,10.33500780852401,8.367328785897534,0.7506892510289755,1.026708173122062,2000,PPI_noncrossfit
glm_mis,PPI,300,0.30000000000000004,plugin,FALSE,TRUE,FALSE,1,0,0.8927897157583149,10.33500780852401,8.367328785897534,0.7506892510289755,1.026708173122062,2000,PPI_noncrossfit
glm_mis,PPI,300,0.30000000000000004,plugin,TRUE,FALSE,FALSE,1,0,0.8584148208866758,9.920563382609116,8.544188195513868,0.7305949729344714,0.987177044019677,2000,PPI_crossfit
glm_mis,PPI,300,0.30000000000000004,plugin,TRUE,FALSE,TRUE,1,0,0.8584148208866758,9.920563382609116,8.544188195513868,0.7305949729344714,0.987177044019677,2000,PPI_crossfit
glm_mis,PPI,300,0.30000000000000004,plugin,TRUE,TRUE,FALSE,1,0,0.8584148208866758,9.920563382609116,8.544188195513868,0.7305949729344714,0.987177044019677,2000,PPI_crossfit
glm_mis,PPI++,50,0.30000000000000004,plugin,FALSE,FALSE,FALSE,0.9135420813896379,0.11043714709452548,0.9786371048070943,10.674146078605297,7.348220233686617,0.7817471157552551,1.0031030324272716,2000,PPI++_noncrossfit
glm_mis,PPI++,50,0.30000000000000004,plugin,FALSE,FALSE,TRUE,0.8034445095710799,0.23860347336761784,1.0468137404469968,10.95060421049428,8.165501216133535,0.7463313489850375,1.0729840839581717,2000,PPI++_independent_split
glm_mis,PPI++,50,0.30000000000000004,plugin,FALSE,TRUE,FALSE,0.8588564827099322,0.1444919718989845,0.9187243716974226,9.30785165447589,9.148130848238004,0.6926600890290265,0.9416924809898581,2000,PPI++_crossfit
glm_mis,PPI++,50,0.30000000000000004,plugin,TRUE,FALSE,FALSE,0.9135420813896379,0.11043714709452548,0.9786371048070943,10.674146078605297,7.348220233686617,0.7817471157552551,1.0031030324272716,2000,PPI++_noncrossfit
glm_mis,PPI++,50,0.30000000000000004,plugin,TRUE,FALSE,TRUE,0.8034445095710799,0.23860347336761784,1.0468137404469968,10.95060421049428,8.165501216133535,0.7463313489850375,1.0729840839581717,2000,PPI++_independent_split
glm_mis,PPI++,50,0.30000000000000004,plugin,TRUE,TRUE,FALSE,0.8588564827099322,0.1444919718989845,0.9187243716974226,9.30785165447589,9.148130848238004,0.6926600890290265,0.9416924809898581,2000,PPI++_crossfit
glm_mis,PPI++,100,0.30000000000000004,plugin,FALSE,FALSE,FALSE,0.9260003319812257,0.08057076505735299,0.956312234834579,10.213568879433732,7.45112716915437,0.7703508027142775,1.004127846576308,2000,PPI++_noncrossfit
glm_mis,PPI++,100,0.30000000000000004,plugin,FALSE,FALSE,TRUE,0.8669823280481164,0.17448786781166786,1.028048892953238,10.177452776173043,8.763625262561181,0.7532908951812136,1.0794513376009,2000,PPI++_independent_split
glm_mis,PPI++,100,0.30000000000000004,plugin,FALSE,TRUE,FALSE,0.8806361904081624,0.11353964343023633,0.9190730176374564,10.015987111818617,9.574022553031474,0.7058003766413335,0.9650266685193293,2000,PPI++_crossfit
glm_mis,PPI++,100,0.30000000000000004,plugin,TRUE,FALSE,FALSE,0.9260003319812257,0.08057076505735299,0.956312234834579,10.213568879433732,7.45112716915437,0.7703508027142775,1.004127846576308,2000,PPI++_noncrossfit
glm_mis,PPI++,100,0.30000000000000004,plugin,TRUE,FALSE,TRUE,0.8669823280481164,0.17448786781166786,1.028048892953238,10.177452776173043,8.763625262561181,0.7532908951812136,1.0794513376009,2000,PPI++_independent_split
glm_mis,PPI++,100,0.30000000000000004,plugin,TRUE,TRUE,FALSE,0.8806361904081624,0.11353964343023633,0.9190730176374564,10.015987111818617,9.574022553031474,0.7058003766413335,0.9650266685193293,2000,PPI++_crossfit
glm_mis,PPI++,150,0.30000000000000004,plugin,FALSE,FALSE,FALSE,0.9228926200896914,0.07549121372195332,0.9347771126244827,10.286999928940123,7.931804348136333,0.7633448424535888,1.0048853960713189,2000,PPI++_noncrossfit
glm_mis,PPI++,150,0.30000000000000004,plugin,FALSE,FALSE,TRUE,0.8642714539195373,0.15877496502664293,0.9725252020098659,10.314694552323946,8.43561836417465,0.7517249303590751,1.0454645921606058,2000,PPI++_independent_split
glm_mis,PPI++,150,0.30000000000000004,plugin,FALSE,TRUE,FALSE,0.8856909814305847,0.0900113546170211,0.9107393681733278,9.934372447605242,8.944838033500561,0.7209874222024113,0.9790448207863274,2000,PPI++_crossfit
glm_mis,PPI++,150,0.30000000000000004,plugin,TRUE,FALSE,FALSE,0.9228926200896914,0.07549121372195332,0.9347771126244827,10.286999928940123,7.931804348136333,0.7633448424535888,1.0048853960713189,2000,PPI++_noncrossfit
glm_mis,PPI++,150,0.30000000000000004,plugin,TRUE,FALSE,TRUE,0.8642714539195373,0.15877496502664293,0.9725252020098659,10.314694552323946,8.43561836417465,0.7517249303590751,1.0454645921606058,2000,PPI++_independent_split
glm_mis,PPI++,150,0.30000000000000004,plugin,TRUE,TRUE,FALSE,0.8856909814305847,0.0900113546170211,0.9107393681733278,9.934372447605242,8.944838033500561,0.7209874222024113,0.9790448207863274,2000,PPI++_crossfit
glm_mis,PPI++,200,0.30000000000000004,plugin,FALSE,FALSE,FALSE,0.9007816436268994,0.07072536208864925,0.9115500267136732,10.036803693791994,7.860346969153956,0.7570152507347321,1.0027050293850406,2000,PPI++_noncrossfit
glm_mis,PPI++,200,0.30000000000000004,plugin,FALSE,FALSE,TRUE,0.8648860909082872,0.15510375338495153,0.9455045255557846,10.17826812183268,8.636420561558207,0.7486061508357796,1.040054978111363,2000,PPI++_independent_split
glm_mis,PPI++,200,0.30000000000000004,plugin,FALSE,TRUE,FALSE,0.8778083202337796,0.08081391289739495,0.894418453741821,10.02057896051697,8.920815669391398,0.7249935637558934,0.9838602991160031,2000,PPI++_crossfit
glm_mis,PPI++,200,0.30000000000000004,plugin,TRUE,FALSE,FALSE,0.9007816436268994,0.07072536208864925,0.9115500267136732,10.036803693791994,7.860346969153956,0.7570152507347321,1.0027050293850406,2000,PPI++_noncrossfit
glm_mis,PPI++,200,0.30000000000000004,plugin,TRUE,FALSE,TRUE,0.8648860909082872,0.15510375338495153,0.9455045255557846,10.17826812183268,8.636420561558207,0.7486061508357796,1.040054978111363,2000,PPI++_independent_split
glm_mis,PPI++,200,0.30000000000000004,plugin,TRUE,TRUE,FALSE,0.8778083202337796,0.08081391289739495,0.894418453741821,10.02057896051697,8.920815669391398,0.7249935637558934,0.9838602991160031,2000,PPI++_crossfit
glm_mis,PPI++,300,0.30000000000000004,plugin,FALSE,FALSE,FALSE,0.8732679488581395,0.06347973682219918,0.8751287131093316,10.127056582663553,8.127958063122882,0.7548088451927707,1.0063980200757312,2000,PPI++_noncrossfit
glm_mis,PPI++,300,0.30000000000000004,plugin,FALSE,FALSE,TRUE,0.8470863580947836,0.14735735544489045,0.8914948828778654,10.33500780852401,8.222052900942833,0.7506892510289755,1.0252191153095451,2000,PPI++_independent_split
glm_mis,PPI++,300,0.30000000000000004,plugin,FALSE,TRUE,FALSE,0.8503992802908061,0.06756940180306299,0.8621278588782705,9.920563382609116,8.677644549900963,0.7305949729344714,0.991447037710011,2000,PPI++_crossfit
glm_mis,PPI++,300,0.30000000000000004,plugin,TRUE,FALSE,FALSE,0.8732679488581395,0.06347973682219918,0.8751287131093316,10.127056582663553,8.127958063122882,0.7548088451927707,1.0063980200757312,2000,PPI++_noncrossfit
glm_mis,PPI++,300,0.30000000000000004,plugin,TRUE,FALSE,TRUE,0.8470863580947836,0.14735735544489045,0.8914948828778654,10.33500780852401,8.222052900942833,0.7506892510289755,1.0252191153095451,2000,PPI++_independent_split
glm_mis,PPI++,300,0.30000000000000004,plugin,TRUE,TRUE,FALSE,0.8503992802908061,0.06756940180306299,0.8621278588782705,9.920563382609116,8.677644549900963,0.7305949729344714,0.991447037710011,2000,PPI++_crossfit
glm_wrong,PPI,50,0.30000000000000004,plugin,FALSE,FALSE,FALSE,1,0,-0.11502134791564199,3.9766533701938345,19.18886008203925,0.10975625364074694,-0.11789688161353302,2000,PPI_noncrossfit
glm_wrong,PPI,50,0.30000000000000004,plugin,FALSE,FALSE,TRUE,1,0,-0.11502134791564199,3.9766533701938345,19.18886008203925,0.10975625364074694,-0.11789688161353302,2000,PPI_noncrossfit
glm_wrong,PPI,50,0.30000000000000004,plugin,FALSE,TRUE,FALSE,1,0,-0.11502134791564199,3.9766533701938345,19.18886008203925,0.10975625364074694,-0.11789688161353302,2000,PPI_noncrossfit
glm_wrong,PPI,50,0.30000000000000004,plugin,TRUE,FALSE,FALSE,1,0,-3.3166236467675283,2.224195111071368,19.54783694117615,0.04509987484047557,-3.399539237936716,2000,PPI_crossfit
glm_wrong,PPI,50,0.30000000000000004,plugin,TRUE,FALSE,TRUE,1,0,-3.3166236467675283,2.224195111071368,19.54783694117615,0.04509987484047557,-3.399539237936716,2000,PPI_crossfit
glm_wrong,PPI,50,0.30000000000000004,plugin,TRUE,TRUE,FALSE,1,0,-3.3166236467675283,2.224195111071368,19.54783694117615,0.04509987484047557,-3.399539237936716,2000,PPI_crossfit
glm_wrong,PPI,100,0.30000000000000004,plugin,FALSE,FALSE,FALSE,1,0,-0.9221089946233625,2.451431204174425,19.070390885898483,0.1460423151502902,-0.9682144443545306,2000,PPI_noncrossfit
glm_wrong,PPI,100,0.30000000000000004,plugin,FALSE,FALSE,TRUE,1,0,-0.9221089946233625,2.451431204174425,19.070390885898483,0.1460423151502902,-0.9682144443545306,2000,PPI_noncrossfit
glm_wrong,PPI,100,0.30000000000000004,plugin,FALSE,TRUE,FALSE,1,0,-0.9221089946233625,2.451431204174425,19.070390885898483,0.1460423151502902,-0.9682144443545306,2000,PPI_noncrossfit
glm_wrong,PPI,100,0.30000000000000004,plugin,TRUE,FALSE,FALSE,1,0,-1.1383588415356372,1.7248281787765,19.62469135128211,0.08995317917038036,-1.1952767836124192,2000,PPI_crossfit
glm_wrong,PPI,100,0.30000000000000004,plugin,TRUE,FALSE,TRUE,1,0,-1.1383588415356372,1.7248281787765,19.62469135128211,0.08995317917038036,-1.1952767836124192,2000,PPI_crossfit
glm_wrong,PPI,100,0.30000000000000004,plugin,TRUE,TRUE,FALSE,1,0,-1.1383588415356372,1.7248281787765,19.62469135128211,0.08995317917038036,-1.1952767836124192,2000,PPI_crossfit
glm_wrong,PPI,150,0.30000000000000004,plugin,FALSE,FALSE,FALSE,1,0,-0.16179087738612885,2.1678868932785846,18.39970295822242,0.1449831584021033,-0.1739251931900885,2000,PPI_noncrossfit
glm_wrong,PPI,150,0.30000000000000004,plugin,FALSE,FALSE,TRUE,1,0,-0.16179087738612885,2.1678868932785846,18.39970295822242,0.1449831584021033,-0.1739251931900885,2000,PPI_noncrossfit
glm_wrong,PPI,150,0.30000000000000004,plugin,FALSE,TRUE,FALSE,1,0,-0.16179087738612885,2.1678868932785846,18.39970295822242,0.1449831584021033,-0.1739251931900885,2000,PPI_noncrossfit
glm_wrong,PPI,150,0.30000000000000004,plugin,TRUE,FALSE,FALSE,1,0,-1.1426563107524894,1.5854004562018305,18.45895107026343,0.11790977125316189,-1.228355534058926,2000,PPI_crossfit
glm_wrong,PPI,150,0.30000000000000004,plugin,TRUE,FALSE,TRUE,1,0,-1.1426563107524894,1.5854004562018305,18.45895107026343,0.11790977125316189,-1.228355534058926,2000,PPI_crossfit
glm_wrong,PPI,150,0.30000000000000004,plugin,TRUE,TRUE,FALSE,1,0,-1.1426563107524894,1.5854004562018305,18.45895107026343,0.11790977125316189,-1.228355534058926,2000,PPI_crossfit
glm_wrong,PPI,200,0.30000000000000004,plugin,FALSE,FALSE,FALSE,1,0,1.6745460836188373,1.877533637425832,18.233843319237018,0.1938317683593904,1.842000691980721,2000,PPI_noncrossfit
glm_wrong,PPI,200,0.30000000000000004,plugin,FALSE,FALSE,TRUE,1,0,1.6745460836188373,1.877533637425832,18.233843319237018,0.1938317683593904,1.842000691980721,2000,PPI_noncrossfit
glm_wrong,PPI,200,0.30000000000000004,plugin,FALSE,TRUE,FALSE,1,0,1.6745460836188373,1.877533637425832,18.233843319237018,0.1938317683593904,1.842000691980721,2000,PPI_noncrossfit
glm_wrong,PPI,200,0.30000000000000004,plugin,TRUE,FALSE,FALSE,1,0,-0.30332836103082994,1.558520658691212,18.372817432274765,0.1390226974626022,-0.33366119713391296,2000,PPI_crossfit
glm_wrong,PPI,200,0.30000000000000004,plugin,TRUE,FALSE,TRUE,1,0,-0.30332836103082994,1.558520658691212,18.372817432274765,0.1390226974626022,-0.33366119713391296,2000,PPI_crossfit
glm_wrong,PPI,200,0.30000000000000004,plugin,TRUE,TRUE,FALSE,1,0,-0.30332836103082994,1.558520658691212,18.372817432274765,0.1390226974626022,-0.33366119713391296,2000,PPI_crossfit
glm_wrong,PPI,300,0.30000000000000004,plugin,FALSE,FALSE,FALSE,1,0,1.2869090367707852,1.86532785155277,17.68939368646203,0.2005565881646785,1.4799453922864028,2000,PPI_noncrossfit
glm_wrong,PPI,300,0.30000000000000004,plugin,FALSE,FALSE,TRUE,1,0,1.2869090367707852,1.86532785155277,17.68939368646203,0.2005565881646785,1.4799453922864028,2000,PPI_noncrossfit
glm_wrong,PPI,300,0.30000000000000004,plugin,FALSE,TRUE,FALSE,1,0,1.2869090367707852,1.86532785155277,17.68939368646203,0.2005565881646785,1.4799453922864028,2000,PPI_noncrossfit
glm_wrong,PPI,300,0.30000000000000004,plugin,TRUE,FALSE,FALSE,1,0,-0.6395509128637714,1.3238043361355378,17.89082150311964,0.14862546651250297,-0.7354835497933371,2000,PPI_crossfit
glm_wrong,PPI,300,0.30000000000000004,plugin,TRUE,FALSE,TRUE,1,0,-0.6395509128637714,1.3238043361355378,17.89082150311964,0.14862546651250297,-0.7354835497933371,2000,PPI_crossfit
glm_wrong,PPI,300,0.30000000000000004,plugin,TRUE,TRUE,FALSE,1,0,-0.6395509128637714,1.3238043361355378,17.89082150311964,0.14862546651250297,-0.7354835497933371,2000,PPI_crossfit
glm_wrong,PPI++,50,0.30000000000000004,plugin,FALSE,FALSE,FALSE,0.8372484946329877,0.1895058504271767,0.9610822053847903,2.8453818050944086,15.907760990621401,0.3217273536800976,0.98510926051941,2000,PPI++_noncrossfit
glm_wrong,PPI++,50,0.30000000000000004,plugin,FALSE,FALSE,TRUE,0.4091717704574677,0.41782346779964485,-0.08040515864693185,3.9766533701938345,15.805136399441924,0.10975625364074694,-0.08241528761310514,2000,PPI++_independent_split
glm_wrong,PPI++,50,0.30000000000000004,plugin,FALSE,TRUE,FALSE,0.31985327316757084,0.37034786640906986,-2.63130108013816,2.224195111071368,16.027711537525033,0.04509987484047557,-2.697083607141614,2000,PPI++_crossfit
glm_wrong,PPI++,50,0.30000000000000004,plugin,TRUE,FALSE,FALSE,0.8372484946329877,0.1895058504271767,0.9610822053847903,2.8453818050944086,15.907760990621401,0.3217273536800976,0.98510926051941,2000,PPI++_noncrossfit
glm_wrong,PPI++,50,0.30000000000000004,plugin,TRUE,FALSE,TRUE,0.4091717704574677,0.41782346779964485,-0.08040515864693185,3.9766533701938345,15.805136399441924,0.10975625364074694,-0.08241528761310514,2000,PPI++_independent_split
glm_wrong,PPI++,50,0.30000000000000004,plugin,TRUE,TRUE,FALSE,0.31985327316757084,0.37034786640906986,-2.63130108013816,2.224195111071368,16.027711537525033,0.04509987484047557,-2.697083607141614,2000,PPI++_crossfit
glm_wrong,PPI++,100,0.30000000000000004,plugin,FALSE,FALSE,FALSE,0.8813727178442186,0.14348623558845738,0.9597440891553882,1.865997888414792,16.14947312179691,0.27210067685466705,1.0077312936131577,2000,PPI++_noncrossfit
glm_wrong,PPI++,100,0.30000000000000004,plugin,FALSE,FALSE,TRUE,0.49208559983513367,0.418124773207987,-0.9056908708282699,2.451431204174425,17.50224467337231,0.1460423151502902,-0.9509754143696835,2000,PPI++_independent_split
glm_wrong,PPI++,100,0.30000000000000004,plugin,FALSE,TRUE,FALSE,0.3996341975497102,0.39407452019327344,-0.9962401011050153,1.7248281787765,17.689863657245958,0.08995317917038036,-1.0460521061602661,2000,PPI++_crossfit
glm_wrong,PPI++,100,0.30000000000000004,plugin,TRUE,FALSE,FALSE,0.8813727178442186,0.14348623558845738,0.9597440891553882,1.865997888414792,16.14947312179691,0.27210067685466705,1.0077312936131577,2000,PPI++_noncrossfit
glm_wrong,PPI++,100,0.30000000000000004,plugin,TRUE,FALSE,TRUE,0.49208559983513367,0.418124773207987,-0.9056908708282699,2.451431204174425,17.50224467337231,0.1460423151502902,-0.9509754143696835,2000,PPI++_independent_split
glm_wrong,PPI++,100,0.30000000000000004,plugin,TRUE,TRUE,FALSE,0.3996341975497102,0.39407452019327344,-0.9962401011050153,1.7248281787765,17.689863657245958,0.08995317917038036,-1.0460521061602661,2000,PPI++_crossfit
glm_wrong,PPI++,150,0.30000000000000004,plugin,FALSE,FALSE,FALSE,0.8832779108648532,0.1267587513587319,0.9329644215976964,1.7203744250385824,16.804832544106066,0.2614422065791154,1.0029367532175237,2000,PPI++_noncrossfit
glm_wrong,PPI++,150,0.30000000000000004,plugin,FALSE,FALSE,TRUE,0.5359786296676898,0.408375209561262,-0.14192851938073048,2.1678868932785846,17.153831621840574,0.1449831584021033,-0.15257315833428528,2000,PPI++_independent_split
glm_wrong,PPI++,150,0.30000000000000004,plugin,FALSE,TRUE,FALSE,0.45652852912966235,0.36667592202924837,-1.024472968887471,1.5854004562018305,17.234132501288283,0.11790977125316189,-1.1013084415540313,2000,PPI++_crossfit
glm_wrong,PPI++,150,0.30000000000000004,plugin,TRUE,FALSE,FALSE,0.8832779108648532,0.1267587513587319,0.9329644215976964,1.7203744250385824,16.804832544106066,0.2614422065791154,1.0029367532175237,2000,PPI++_noncrossfit
glm_wrong,PPI++,150,0.30000000000000004,plugin,TRUE,FALSE,TRUE,0.5359786296676898,0.408375209561262,-0.14192851938073048,2.1678868932785846,17.153831621840574,0.1449831584021033,-0.15257315833428528,2000,PPI++_independent_split
glm_wrong,PPI++,150,0.30000000000000004,plugin,TRUE,TRUE,FALSE,0.45652852912966235,0.36667592202924837,-1.024472968887471,1.5854004562018305,17.234132501288283,0.11790977125316189,-1.1013084415540313,2000,PPI++_crossfit
glm_wrong,PPI++,200,0.30000000000000004,plugin,FALSE,FALSE,FALSE,0.8790989311805762,0.11315977256051203,0.9086073783092667,1.5257076763067248,16.36865782187432,0.2547972777669294,0.9994681161401935,2000,PPI++_noncrossfit
glm_wrong,PPI++,200,0.30000000000000004,plugin,FALSE,FALSE,TRUE,0.5999734193126601,0.39033525595644564,1.6791056641683082,1.877533637425832,17.418796055537488,0.1938317683593904,1.847016230585139,2000,PPI++_independent_split
glm_wrong,PPI++,200,0.30000000000000004,plugin,FALSE,TRUE,FALSE,0.49947260774061625,0.3660336465492533,-0.2472514930649311,1.558520658691212,17.31778825764133,0.1390226974626022,-0.2719766423714242,2000,PPI++_crossfit
glm_wrong,PPI++,200,0.30000000000000004,plugin,TRUE,FALSE,FALSE,0.8790989311805762,0.11315977256051203,0.9086073783092667,1.5257076763067248,16.36865782187432,0.2547972777669294,0.9994681161401935,2000,PPI++_noncrossfit
glm_wrong,PPI++,200,0.30000000000000004,plugin,TRUE,FALSE,TRUE,0.5999734193126601,0.39033525595644564,1.6791056641683082,1.877533637425832,17.418796055537488,0.1938317683593904,1.847016230585139,2000,PPI++_independent_split
glm_wrong,PPI++,200,0.30000000000000004,plugin,TRUE,TRUE,FALSE,0.49947260774061625,0.3660336465492533,-0.2472514930649311,1.558520658691212,17.31778825764133,0.1390226974626022,-0.2719766423714242,2000,PPI++_crossfit
glm_wrong,PPI++,300,0.30000000000000004,plugin,FALSE,FALSE,FALSE,0.8641005412695121,0.11144685825973383,0.8742584710030049,1.2719538446756677,16.98066157209321,0.23918374767086176,1.0053972416534556,2000,PPI++_noncrossfit
glm_wrong,PPI++,300,0.30000000000000004,plugin,FALSE,FALSE,TRUE,0.610430191674531,0.367401962502341,1.2887067842861661,1.86532785155277,16.97564229101663,0.2005565881646785,1.4820128019290908,2000,PPI++_independent_split
glm_wrong,PPI++,300,0.30000000000000004,plugin,FALSE,TRUE,FALSE,0.5168501378593445,0.32913133355853935,-0.5998333374224194,1.3238043361355378,17.246620450761423,0.14862546651250297,-0.6898083380357822,2000,PPI++_crossfit
glm_wrong,PPI++,300,0.30000000000000004,plugin,TRUE,FALSE,FALSE,0.8641005412695121,0.11144685825973383,0.8742584710030049,1.2719538446756677,16.98066157209321,0.23918374767086176,1.0053972416534556,2000,PPI++_noncrossfit
glm_wrong,PPI++,300,0.30000000000000004,plugin,TRUE,FALSE,TRUE,0.610430191674531,0.367401962502341,1.2887067842861661,1.86532785155277,16.97564229101663,0.2005565881646785,1.4820128019290908,2000,PPI++_independent_split
glm_wrong,PPI++,300,0.30000000000000004,plugin,TRUE,TRUE,FALSE,0.5168501378593445,0.32913133355853935,-0.5998333374224194,1.3238043361355378,17.246620450761423,0.14862546651250297,-0.6898083380357822,2000,PPI++_crossfit
rf,PPI,50,0.30000000000000004,plugin,FALSE,FALSE,FALSE,1,0,1.393837943019836,3.434651411885672,11.502886598053085,0.6770690093476815,1.4286838915953317,2000,PPI_noncrossfit
rf,PPI,50,0.30000000000000004,plugin,FALSE,FALSE,TRUE,1,0,1.393837943019836,3.434651411885672,11.502886598053085,0.6770690093476815,1.4286838915953317,2000,PPI_noncrossfit
rf,PPI,50,0.30000000000000004,plugin,FALSE,TRUE,FALSE,1,0,1.393837943019836,3.434651411885672,11.502886598053085,0.6770690093476815,1.4286838915953317,2000,PPI_noncrossfit
rf,PPI,50,0.30000000000000004,plugin,TRUE,FALSE,FALSE,1,0,1.2512542527909447,2.7481640567152574,12.341594290579799,0.6051433169334939,1.2825356091107183,2000,PPI_crossfit
rf,PPI,50,0.30000000000000004,plugin,TRUE,FALSE,TRUE,1,0,1.2512542527909447,2.7481640567152574,12.341594290579799,0.6051433169334939,1.2825356091107183,2000,PPI_crossfit
rf,PPI,50,0.30000000000000004,plugin,TRUE,TRUE,FALSE,1,0,1.2512542527909447,2.7481640567152574,12.341594290579799,0.6051433169334939,1.2825356091107183,2000,PPI_crossfit
rf,PPI,100,0.30000000000000004,plugin,FALSE,FALSE,FALSE,1,0,1.234940976199547,4.8522787684930035,8.817602115940273,0.7700195777063111,1.2966880250095243,2000,PPI_noncrossfit
rf,PPI,100,0.30000000000000004,plugin,FALSE,FALSE,TRUE,1,0,1.234940976199547,4.8522787684930035,8.817602115940273,0.7700195777063111,1.2966880250095243,2000,PPI_noncrossfit
rf,PPI,100,0.30000000000000004,plugin,FALSE,TRUE,FALSE,1,0,1.234940976199547,4.8522787684930035,8.817602115940273,0.7700195777063111,1.2966880250095243,2000,PPI_noncrossfit
rf,PPI,100,0.30000000000000004,plugin,TRUE,FALSE,FALSE,1,0,1.213839010745785,4.0608517295174975,9.370006509809686,0.7411223028680718,1.2745309612830744,2000,PPI_crossfit
rf,PPI,100,0.30000000000000004,plugin,TRUE,FALSE,TRUE,1,0,1.213839010745785,4.0608517295174975,9.370006509809686,0.7411223028680718,1.2745309612830744,2000,PPI_crossfit
rf,PPI,100,0.30000000000000004,plugin,TRUE,TRUE,FALSE,1,0,1.213839010745785,4.0608517295174975,9.370006509809686,0.7411223028680718,1.2745309612830744,2000,PPI_crossfit
rf,PPI,150,0.30000000000000004,plugin,FALSE,FALSE,FALSE,1,0,1.1536389923466672,5.6880652985011935,7.8073109512556105,0.8086902096172435,1.2401619167726672,2000,PPI_noncrossfit
rf,PPI,150,0.30000000000000004,plugin,FALSE,FALSE,TRUE,1,0,1.1536389923466672,5.6880652985011935,7.8073109512556105,0.8086902096172435,1.2401619167726672,2000,PPI_noncrossfit
rf,PPI,150,0.30000000000000004,plugin,FALSE,TRUE,FALSE,1,0,1.1536389923466672,5.6880652985011935,7.8073109512556105,0.8086902096172435,1.2401619167726672,2000,PPI_noncrossfit
rf,PPI,150,0.30000000000000004,plugin,TRUE,FALSE,FALSE,1,0,1.1398105652503359,4.997570334622604,7.725611906977772,0.792587543041049,1.2252963576441112,2000,PPI_crossfit
rf,PPI,150,0.30000000000000004,plugin,TRUE,FALSE,TRUE,1,0,1.1398105652503359,4.997570334622604,7.725611906977772,0.792587543041049,1.2252963576441112,2000,PPI_crossfit
rf,PPI,150,0.30000000000000004,plugin,TRUE,TRUE,FALSE,1,0,1.1398105652503359,4.997570334622604,7.725611906977772,0.792587543041049,1.2252963576441112,2000,PPI_crossfit
rf,PPI,200,0.30000000000000004,plugin,FALSE,FALSE,FALSE,1,0,1.0985692200744313,6.220336700468201,7.2709891031864755,0.8273193793327066,1.2084261420818745,2000,PPI_noncrossfit
rf,PPI,200,0.30000000000000004,plugin,FALSE,FALSE,TRUE,1,0,1.0985692200744313,6.220336700468201,7.2709891031864755,0.8273193793327066,1.2084261420818745,2000,PPI_noncrossfit
rf,PPI,200,0.30000000000000004,plugin,FALSE,TRUE,FALSE,1,0,1.0985692200744313,6.220336700468201,7.2709891031864755,0.8273193793327066,1.2084261420818745,2000,PPI_noncrossfit
rf,PPI,200,0.30000000000000004,plugin,TRUE,FALSE,FALSE,1,0,1.0791767389359075,5.7473655632732035,6.875760182073053,0.8188243425334225,1.1870944128294982,2000,PPI_crossfit
rf,PPI,200,0.30000000000000004,plugin,TRUE,FALSE,TRUE,1,0,1.0791767389359075,5.7473655632732035,6.875760182073053,0.8188243425334225,1.1870944128294982,2000,PPI_crossfit
rf,PPI,200,0.30000000000000004,plugin,TRUE,TRUE,FALSE,1,0,1.0791767389359075,5.7473655632732035,6.875760182073053,0.8188243425334225,1.1870944128294982,2000,PPI_crossfit
rf,PPI,300,0.30000000000000004,plugin,FALSE,FALSE,FALSE,1,0,1.0052953917181426,7.266002149558178,6.070504842566357,0.8564892250430831,1.156089700475864,2000,PPI_noncrossfit
rf,PPI,300,0.30000000000000004,plugin,FALSE,FALSE,TRUE,1,0,1.0052953917181426,7.266002149558178,6.070504842566357,0.8564892250430831,1.156089700475864,2000,PPI_noncrossfit
rf,PPI,300,0.30000000000000004,plugin,FALSE,TRUE,FALSE,1,0,1.0052953917181426,7.266002149558178,6.070504842566357,0.8564892250430831,1.156089700475864,2000,PPI_noncrossfit
rf,PPI,300,0.30000000000000004,plugin,TRUE,FALSE,FALSE,1,0,0.9986505708160759,6.876177764128055,5.860244439323317,0.8531774770242612,1.1484481564384872,2000,PPI_crossfit
rf,PPI,300,0.30000000000000004,plugin,TRUE,FALSE,TRUE,1,0,0.9986505708160759,6.876177764128055,5.860244439323317,0.8531774770242612,1.1484481564384872,2000,PPI_crossfit
rf,PPI,300,0.30000000000000004,plugin,TRUE,TRUE,FALSE,1,0,0.9986505708160759,6.876177764128055,5.860244439323317,0.8531774770242612,1.1484481564384872,2000,PPI_crossfit
rf,PPI++,50,0.30000000000000004,plugin,FALSE,FALSE,FALSE,1,0,1.11427330854341,4.777077988014122,1.9953547565202026,0.9718057076060601,1.142130141256995,2000,PPI++_noncrossfit
rf,PPI++,50,0.30000000000000004,plugin,FALSE,FALSE,TRUE,0.9247550221518794,0.1643144361779588,1.395830121463752,3.434651411885672,11.51423596910925,0.6770690093476815,1.4307258745003457,2000,PPI++_independent_split
rf,PPI++,50,0.30000000000000004,plugin,FALSE,TRUE,FALSE,0.9495508537883687,0.14754145875353197,1.2513959208024206,2.7481640567152574,12.263715255650338,0.6051433169334939,1.282680818822481,2000,PPI++_crossfit
rf,PPI++,50,0.30000000000000004,plugin,TRUE,FALSE,FALSE,1,0,1.11427330854341,4.777077988014122,1.9953547565202026,0.9718057076060601,1.142130141256995,2000,PPI++_noncrossfit
rf,PPI++,50,0.30000000000000004,plugin,TRUE,FALSE,TRUE,0.9247550221518794,0.1643144361779588,1.395830121463752,3.434651411885672,11.51423596910925,0.6770690093476815,1.4307258745003457,2000,PPI++_independent_split
rf,PPI++,50,0.30000000000000004,plugin,TRUE,TRUE,FALSE,0.9495508537883687,0.14754145875353197,1.2513959208024206,2.7481640567152574,12.263715255650338,0.6051433169334939,1.282680818822481,2000,PPI++_crossfit
rf,PPI++,100,0.30000000000000004,plugin,FALSE,FALSE,FALSE,0.999945892039247,0.0012098907836764925,1.0299989479017186,6.2402678896813955,1.454555824733245,0.9771078881625996,1.0814988952968045,2000,PPI++_noncrossfit
rf,PPI++,100,0.30000000000000004,plugin,FALSE,FALSE,TRUE,0.951778844533409,0.11157964360852347,1.2384740478569287,4.8522787684930035,8.885735302893007,0.7700195777063111,1.3003977502497752,2000,PPI++_independent_split
rf,PPI++,100,0.30000000000000004,plugin,FALSE,TRUE,FALSE,0.9857431259473239,0.05908541132758358,1.2145754831399513,4.0608517295174975,9.376535257752488,0.7411223028680718,1.275304257296949,2000,PPI++_crossfit
rf,PPI++,100,0.30000000000000004,plugin,TRUE,FALSE,FALSE,0.999945892039247,0.0012098907836764925,1.0299989479017186,6.2402678896813955,1.454555824733245,0.9771078881625996,1.0814988952968045,2000,PPI++_noncrossfit
rf,PPI++,100,0.30000000000000004,plugin,TRUE,FALSE,TRUE,0.951778844533409,0.11157964360852347,1.2384740478569287,4.8522787684930035,8.885735302893007,0.7700195777063111,1.3003977502497752,2000,PPI++_independent_split
rf,PPI++,100,0.30000000000000004,plugin,TRUE,TRUE,FALSE,0.9857431259473239,0.05908541132758358,1.2145754831399513,4.0608517295174975,9.376535257752488,0.7411223028680718,1.275304257296949,2000,PPI++_crossfit
rf,PPI++,150,0.30000000000000004,plugin,FALSE,FALSE,FALSE,0.9998654832029891,0.001869930285770001,0.9863540010801927,7.320886752796548,1.322484093553592,0.9784003817346008,1.0603305511612071,2000,PPI++_noncrossfit
rf,PPI++,150,0.30000000000000004,plugin,FALSE,FALSE,TRUE,0.9682522481703945,0.09166993216122546,1.1564561777505422,5.6880652985011935,7.868749378379931,0.8086902096172435,1.243190391081833,2000,PPI++_independent_split
rf,PPI++,150,0.30000000000000004,plugin,FALSE,TRUE,FALSE,0.9934660582824013,0.02867916557657543,1.1405044193011757,4.997570334622604,7.738804543734542,0.792587543041049,1.2260422507487638,2000,PPI++_crossfit
rf,PPI++,150,0.30000000000000004,plugin,TRUE,FALSE,FALSE,0.9998654832029891,0.001869930285770001,0.9863540010801927,7.320886752796548,1.322484093553592,0.9784003817346008,1.0603305511612071,2000,PPI++_noncrossfit
rf,PPI++,150,0.30000000000000004,plugin,TRUE,FALSE,TRUE,0.9682522481703945,0.09166993216122546,1.1564561777505422,5.6880652985011935,7.868749378379931,0.8086902096172435,1.243190391081833,2000,PPI++_independent_split
rf,PPI++,150,0.30000000000000004,plugin,TRUE,TRUE,FALSE,0.9934660582824013,0.02867916557657543,1.1405044193011757,4.997570334622604,7.738804543734542,0.792587543041049,1.2260422507487638,2000,PPI++_crossfit
rf,PPI++,200,0.30000000000000004,plugin,FALSE,FALSE,FALSE,0.9990466678643745,0.008903775024476647,0.9544729082063282,8.100274924428337,1.2186908474226903,0.9802838843172741,1.049920199026961,2000,PPI++_noncrossfit
rf,PPI++,200,0.30000000000000004,plugin,FALSE,FALSE,TRUE,0.9713646988249438,0.07650949481550297,1.1019051490884515,6.220336700468201,7.355236454667584,0.8273193793327066,1.2120956639972966,2000,PPI++_independent_split
rf,PPI++,200,0.30000000000000004,plugin,FALSE,TRUE,FALSE,0.9946335867604243,0.02257435096616502,1.0798158693541606,5.7473655632732035,6.888568275749022,0.8188243425334225,1.1877974562895768,2000,PPI++_crossfit
rf,PPI++,200,0.30000000000000004,plugin,TRUE,FALSE,FALSE,0.9990466678643745,0.008903775024476647,0.9544729082063282,8.100274924428337,1.2186908474226903,0.9802838843172741,1.049920199026961,2000,PPI++_noncrossfit
rf,PPI++,200,0.30000000000000004,plugin,TRUE,FALSE,TRUE,0.9713646988249438,0.07650949481550297,1.1019051490884515,6.220336700468201,7.355236454667584,0.8273193793327066,1.2120956639972966,2000,PPI++_independent_split
rf,PPI++,200,0.30000000000000004,plugin,TRUE,TRUE,FALSE,0.9946335867604243,0.02257435096616502,1.0798158693541606,5.7473655632732035,6.888568275749022,0.8188243425334225,1.1877974562895768,2000,PPI++_crossfit
rf,PPI++,300,0.30000000000000004,plugin,FALSE,FALSE,FALSE,0.9979976326756446,0.013913053375020542,0.8991857853152119,9.202939294229443,1.002009814523411,0.9826009986379812,1.0340636531124936,2000,PPI++_noncrossfit
rf,PPI++,300,0.30000000000000004,plugin,FALSE,FALSE,TRUE,0.973120976701717,0.06814859112428408,1.0085766247048142,7.266002149558178,6.15512494009829,0.8564892250430831,1.1598631184105364,2000,PPI++_independent_split
rf,PPI++,300,0.30000000000000004,plugin,FALSE,TRUE,FALSE,0.9906358040383708,0.029762236078088426,0.9999444803419149,6.876177764128055,5.8896101568963095,0.8531774770242612,1.149936152393202,2000,PPI++_crossfit
rf,PPI++,300,0.30000000000000004,plugin,TRUE,FALSE,FALSE,0.9979976326756446,0.013913053375020542,0.8991857853152119,9.202939294229443,1.002009814523411,0.9826009986379812,1.0340636531124936,2000,PPI++_noncrossfit
rf,PPI++,300,0.30000000000000004,plugin,TRUE,FALSE,TRUE,0.973120976701717,0.06814859112428408,1.0085766247048142,7.266002149558178,6.15512494009829,0.8564892250430831,1.1598631184105364,2000,PPI++_independent_split
rf,PPI++,300,0.30000000000000004,plugin,TRUE,TRUE,FALSE,0.9906358040383708,0.029762236078088426,0.9999444803419149,6.876177764128055,5.8896101568963095,0.8531774770242612,1.149936152393202,2000,PPI++_crossfit
glm_correct,PPI,50,0.35000000000000003,plugin,FALSE,FALSE,FALSE,1,0,0.9615152477348147,17.430436680031686,1.276781381842545,0.9490148197120085,0.9855531289281849,2000,PPI_noncrossfit
glm_correct,PPI,50,0.35000000000000003,plugin,FALSE,FALSE,TRUE,1,0,0.9615152477348147,17.430436680031686,1.276781381842545,0.9490148197120085,0.9855531289281849,2000,PPI_noncrossfit
glm_correct,PPI,50,0.35000000000000003,plugin,FALSE,TRUE,FALSE,1,0,0.9615152477348147,17.430436680031686,1.276781381842545,0.9490148197120085,0.9855531289281849,2000,PPI_noncrossfit
glm_correct,PPI,50,0.35000000000000003,plugin,TRUE,FALSE,FALSE,1,0,0.9596470211632628,17.368486294025903,1.3961166606428488,0.9453169012438382,0.9836381966923443,2000,PPI_crossfit
glm_correct,PPI,50,0.35000000000000003,plugin,TRUE,FALSE,TRUE,1,0,0.9596470211632628,17.368486294025903,1.3961166606428488,0.9453169012438382,0.9836381966923443,2000,PPI_crossfit
glm_correct,PPI,50,0.35000000000000003,plugin,TRUE,TRUE,FALSE,1,0,0.9596470211632628,17.368486294025903,1.3961166606428488,0.9453169012438382,0.9836381966923443,2000,PPI_crossfit
glm_correct,PPI,100,0.35000000000000003,plugin,FALSE,FALSE,FALSE,1,0,0.9479602388008264,17.08719441173925,1.0666643465646402,0.9649700402818863,0.9953582507408677,2000,PPI_noncrossfit
glm_correct,PPI,100,0.35000000000000003,plugin,FALSE,FALSE,TRUE,1,0,0.9479602388008264,17.08719441173925,1.0666643465646402,0.9649700402818863,0.9953582507408677,2000,PPI_noncrossfit
glm_correct,PPI,100,0.35000000000000003,plugin,FALSE,TRUE,FALSE,1,0,0.9479602388008264,17.08719441173925,1.0666643465646402,0.9649700402818863,0.9953582507408677,2000,PPI_noncrossfit
glm_correct,PPI,100,0.35000000000000003,plugin,TRUE,FALSE,FALSE,1,0,0.9460268176940897,17.012824821430815,1.1214236744999968,0.9615069902323784,0.9933281585787942,2000,PPI_crossfit
glm_correct,PPI,100,0.35000000000000003,plugin,TRUE,FALSE,TRUE,1,0,0.9460268176940897,17.012824821430815,1.1214236744999968,0.9615069902323784,0.9933281585787942,2000,PPI_crossfit
glm_correct,PPI,100,0.35000000000000003,plugin,TRUE,TRUE,FALSE,1,0,0.9460268176940897,17.012824821430815,1.1214236744999968,0.9615069902323784,0.9933281585787942,2000,PPI_crossfit
glm_correct,PPI,150,0.35000000000000003,plugin,FALSE,FALSE,FALSE,1,0,0.9267832431374059,16.897757578676213,1.0579157160209485,0.96585248162913,0.9962919863727113,2000,PPI_noncrossfit
glm_correct,PPI,150,0.35000000000000003,plugin,FALSE,FALSE,TRUE,1,0,0.9267832431374059,16.897757578676213,1.0579157160209485,0.96585248162913,0.9962919863727113,2000,PPI_noncrossfit
glm_correct,PPI,150,0.35000000000000003,plugin,FALSE,TRUE,FALSE,1,0,0.9267832431374059,16.897757578676213,1.0579157160209485,0.96585248162913,0.9962919863727113,2000,PPI_noncrossfit
glm_correct,PPI,150,0.35000000000000003,plugin,TRUE,FALSE,FALSE,1,0,0.9257039581397399,17.086765940553825,1.0735184481054765,0.9646678840924694,0.9951317550002204,2000,PPI_crossfit
glm_correct,PPI,150,0.35000000000000003,plugin,TRUE,FALSE,TRUE,1,0,0.9257039581397399,17.086765940553825,1.0735184481054765,0.9646678840924694,0.9951317550002204,2000,PPI_crossfit
glm_correct,PPI,150,0.35000000000000003,plugin,TRUE,TRUE,FALSE,1,0,0.9257039581397399,17.086765940553825,1.0735184481054765,0.9646678840924694,0.9951317550002204,2000,PPI_crossfit
glm_correct,PPI,200,0.35000000000000003,plugin,FALSE,FALSE,FALSE,1,0,0.9068105205123267,16.919910521992787,1.0345031122674606,0.9677453212929374,0.9974915725635594,2000,PPI_noncrossfit
glm_correct,PPI,200,0.35000000000000003,plugin,FALSE,FALSE,TRUE,1,0,0.9068105205123267,16.919910521992787,1.0345031122674606,0.9677453212929374,0.9974915725635594,2000,PPI_noncrossfit
glm_correct,PPI,200,0.35000000000000003,plugin,FALSE,TRUE,FALSE,1,0,0.9068105205123267,16.919910521992787,1.0345031122674606,0.9677453212929374,0.9974915725635594,2000,PPI_noncrossfit
glm_correct,PPI,200,0.35000000000000003,plugin,TRUE,FALSE,FALSE,1,0,0.9060163469090142,16.984630587744977,1.0532612561360828,0.9666596494498496,0.9966179815999157,2000,PPI_crossfit
glm_correct,PPI,200,0.35000000000000003,plugin,TRUE,FALSE,TRUE,1,0,0.9060163469090142,16.984630587744977,1.0532612561360828,0.9666596494498496,0.9966179815999157,2000,PPI_crossfit
glm_correct,PPI,200,0.35000000000000003,plugin,TRUE,TRUE,FALSE,1,0,0.9060163469090142,16.984630587744977,1.0532612561360828,0.9666596494498496,0.9966179815999157,2000,PPI_crossfit
glm_correct,PPI,300,0.35000000000000003,plugin,FALSE,FALSE,FALSE,1,0,0.8676188066462989,17.075041451500223,1.0223479041589634,0.9685799641022974,0.9977616276432436,2000,PPI_noncrossfit
glm_correct,PPI,300,0.35000000000000003,plugin,FALSE,FALSE,TRUE,1,0,0.8676188066462989,17.075041451500223,1.0223479041589634,0.9685799641022974,0.9977616276432436,2000,PPI_noncrossfit
glm_correct,PPI,300,0.35000000000000003,plugin,FALSE,TRUE,FALSE,1,0,0.8676188066462989,17.075041451500223,1.0223479041589634,0.9685799641022974,0.9977616276432436,2000,PPI_noncrossfit
glm_correct,PPI,300,0.35000000000000003,plugin,TRUE,FALSE,FALSE,1,0,0.8672933108206086,17.032780574279585,1.039183003911575,0.9677857598002145,0.9973873074436997,2000,PPI_crossfit
glm_correct,PPI,300,0.35000000000000003,plugin,TRUE,FALSE,TRUE,1,0,0.8672933108206086,17.032780574279585,1.039183003911575,0.9677857598002145,0.9973873074436997,2000,PPI_crossfit
glm_correct,PPI,300,0.35000000000000003,plugin,TRUE,TRUE,FALSE,1,0,0.8672933108206086,17.032780574279585,1.039183003911575,0.9677857598002145,0.9973873074436997,2000,PPI_crossfit
glm_correct,PPI++,50,0.35000000000000003,plugin,FALSE,FALSE,FALSE,0.726162361704627,0.2706462923097799,0.9886951639681655,16.984770458208136,1.9785143715317277,0.9600541545725166,1.0134125430673695,2000,PPI++_noncrossfit
glm_correct,PPI++,50,0.35000000000000003,plugin,FALSE,FALSE,TRUE,0.6839734902216453,0.275929182753045,0.9874939675496025,17.430436680031686,2.3250751624375763,0.9490148197120085,1.0121813167383424,2000,PPI++_independent_split
glm_correct,PPI++,50,0.35000000000000003,plugin,FALSE,TRUE,FALSE,0.6965215954080625,0.2613171722842752,0.9851561574257589,17.368486294025903,2.440236975088848,0.9453169012438382,1.0097850613614028,2000,PPI++_crossfit
glm_correct,PPI++,50,0.35000000000000003,plugin,TRUE,FALSE,FALSE,0.726162361704627,0.2706462923097799,0.9886951639681655,16.984770458208136,1.9785143715317277,0.9600541545725166,1.0134125430673695,2000,PPI++_noncrossfit
glm_correct,PPI++,50,0.35000000000000003,plugin,TRUE,FALSE,TRUE,0.6839734902216453,0.275929182753045,0.9874939675496025,17.430436680031686,2.3250751624375763,0.9490148197120085,1.0121813167383424,2000,PPI++_independent_split
glm_correct,PPI++,50,0.35000000000000003,plugin,TRUE,TRUE,FALSE,0.6965215954080625,0.2613171722842752,0.9851561574257589,17.368486294025903,2.440236975088848,0.9453169012438382,1.0097850613614028,2000,PPI++_crossfit
glm_correct,PPI++,100,0.35000000000000003,plugin,FALSE,FALSE,FALSE,0.7806060906555916,0.22357513879766347,0.9671187463548981,17.057086100131947,1.8300883384915543,0.9659520331594825,1.0154746836726432,2000,PPI++_noncrossfit
glm_correct,PPI++,100,0.35000000000000003,plugin,FALSE,FALSE,TRUE,0.7854537300317059,0.22163306892306595,0.968052863659294,17.08719441173925,1.8829279261718297,0.9649700402818863,1.0164555068422587,2000,PPI++_independent_split
glm_correct,PPI++,100,0.35000000000000003,plugin,FALSE,TRUE,FALSE,0.7861659816874043,0.2265477264292535,0.9660527086927642,17.012824821430815,1.9396825015174033,0.9615069902323784,1.0143553441274025,2000,PPI++_crossfit
glm_correct,PPI++,100,0.35000000000000003,plugin,TRUE,FALSE,FALSE,0.7806060906555916,0.22357513879766347,0.9671187463548981,17.057086100131947,1.8300883384915543,0.9659520331594825,1.0154746836726432,2000,PPI++_noncrossfit
glm_correct,PPI++,100,0.35000000000000003,plugin,TRUE,FALSE,TRUE,0.7854537300317059,0.22163306892306595,0.968052863659294,17.08719441173925,1.8829279261718297,0.9649700402818863,1.0164555068422587,2000,PPI++_independent_split
glm_correct,PPI++,100,0.35000000000000003,plugin,TRUE,TRUE,FALSE,0.7861659816874043,0.2265477264292535,0.9660527086927642,17.012824821430815,1.9396825015174033,0.9615069902323784,1.0143553441274025,2000,PPI++_crossfit
glm_correct,PPI++,150,0.35000000000000003,plugin,FALSE,FALSE,FALSE,0.810353517897356,0.20024855509376288,0.9443354651935828,17.032209106555637,1.7303968659379463,0.968052297935601,1.0151606250831016,2000,PPI++_noncrossfit
glm_correct,PPI++,150,0.35000000000000003,plugin,FALSE,FALSE,TRUE,0.8035319804191473,0.19802420302404047,0.9453083162161673,16.897757578676213,1.8305192610611094,0.96585248162913,1.0162064399323798,2000,PPI++_independent_split
glm_correct,PPI++,150,0.35000000000000003,plugin,FALSE,TRUE,FALSE,0.8012531604378856,0.20470199595019822,0.9442301010209269,17.086765940553825,1.8714612468362846,0.9646678840924694,1.0150473585974964,2000,PPI++_crossfit
glm_correct,PPI++,150,0.35000000000000003,plugin,TRUE,FALSE,FALSE,0.810353517897356,0.20024855509376288,0.9443354651935828,17.032209106555637,1.7303968659379463,0.968052297935601,1.0151606250831016,2000,PPI++_noncrossfit
glm_correct,PPI++,150,0.35000000000000003,plugin,TRUE,FALSE,TRUE,0.8035319804191473,0.19802420302404047,0.9453083162161673,16.897757578676213,1.8305192610611094,0.96585248162913,1.0162064399323798,2000,PPI++_independent_split
glm_correct,PPI++,150,0.35000000000000003,plugin,TRUE,TRUE,FALSE,0.8012531604378856,0.20470199595019822,0.9442301010209269,17.086765940553825,1.8714612468362846,0.9646678840924694,1.0150473585974964,2000,PPI++_crossfit
glm_correct,PPI++,200,0.35000000000000003,plugin,FALSE,FALSE,FALSE,0.806999749776501,0.18676012551120658,0.9235037099796111,17.081440219421673,1.7606294412249832,0.9680065715868642,1.0158540809775722,2000,PPI++_noncrossfit
glm_correct,PPI++,200,0.35000000000000003,plugin,FALSE,FALSE,TRUE,0.8174194347713876,0.18803328434028105,0.9234979902283623,16.919910521992787,1.7545918908059635,0.9677453212929374,1.0158477892511986,2000,PPI++_independent_split
glm_correct,PPI++,200,0.35000000000000003,plugin,FALSE,TRUE,FALSE,0.818904270848704,0.1861806106736234,0.922223796494278,16.984630587744977,1.7434334571147996,0.9666596494498496,1.0144461761437058,2000,PPI++_crossfit
glm_correct,PPI++,200,0.35000000000000003,plugin,TRUE,FALSE,FALSE,0.806999749776501,0.18676012551120658,0.9235037099796111,17.081440219421673,1.7606294412249832,0.9680065715868642,1.0158540809775722,2000,PPI++_noncrossfit
glm_correct,PPI++,200,0.35000000000000003,plugin,TRUE,FALSE,TRUE,0.8174194347713876,0.18803328434028105,0.9234979902283623,16.919910521992787,1.7545918908059635,0.9677453212929374,1.0158477892511986,2000,PPI++_independent_split
glm_correct,PPI++,200,0.35000000000000003,plugin,TRUE,TRUE,FALSE,0.818904270848704,0.1861806106736234,0.922223796494278,16.984630587744977,1.7434334571147996,0.9666596494498496,1.0144461761437058,2000,PPI++_crossfit
glm_correct,PPI++,300,0.35000000000000003,plugin,FALSE,FALSE,FALSE,0.8163665022137329,0.16761298321091644,0.8845518272534736,16.92028705774451,1.7368370919575467,0.9696097578446224,1.0172346013414946,2000,PPI++_noncrossfit
glm_correct,PPI++,300,0.35000000000000003,plugin,FALSE,FALSE,TRUE,0.8105382238379254,0.16968319833865797,0.8845737707039035,17.075041451500223,1.7812420311321513,0.9685799641022974,1.017259836309489,2000,PPI++_independent_split
glm_correct,PPI++,300,0.35000000000000003,plugin,FALSE,TRUE,FALSE,0.8055621637559176,0.1737292928818494,0.8849561655464278,17.032780574279585,1.8367471594188713,0.9677857598002145,1.0176995903783919,2000,PPI++_crossfit
glm_correct,PPI++,300,0.35000000000000003,plugin,TRUE,FALSE,FALSE,0.8163665022137329,0.16761298321091644,0.8845518272534736,16.92028705774451,1.7368370919575467,0.9696097578446224,1.0172346013414946,2000,PPI++_noncrossfit
glm_correct,PPI++,300,0.35000000000000003,plugin,TRUE,FALSE,TRUE,0.8105382238379254,0.16968319833865797,0.8845737707039035,17.075041451500223,1.7812420311321513,0.9685799641022974,1.017259836309489,2000,PPI++_independent_split
glm_correct,PPI++,300,0.35000000000000003,plugin,TRUE,TRUE,FALSE,0.8055621637559176,0.1737292928818494,0.8849561655464278,17.032780574279585,1.8367471594188713,0.9677857598002145,1.0176995903783919,2000,PPI++_crossfit
glm_mis,PPI,50,0.35000000000000003,plugin,FALSE,FALSE,FALSE,1,0,1.0608301851420936,10.95060421049428,9.330148726432821,0.7463313489850375,1.0873509397706458,2000,PPI_noncrossfit
glm_mis,PPI,50,0.35000000000000003,plugin,FALSE,FALSE,TRUE,1,0,1.0608301851420936,10.95060421049428,9.330148726432821,0.7463313489850375,1.0873509397706458,2000,PPI_noncrossfit
glm_mis,PPI,50,0.35000000000000003,plugin,FALSE,TRUE,FALSE,1,0,1.0608301851420936,10.95060421049428,9.330148726432821,0.7463313489850375,1.0873509397706458,2000,PPI_noncrossfit
glm_mis,PPI,50,0.35000000000000003,plugin,TRUE,FALSE,FALSE,1,0,0.9200807205999597,9.30785165447589,9.30305219974046,0.6926600890290265,0.9430827386149586,2000,PPI_crossfit
glm_mis,PPI,50,0.35000000000000003,plugin,TRUE,FALSE,TRUE,1,0,0.9200807205999597,9.30785165447589,9.30305219974046,0.6926600890290265,0.9430827386149586,2000,PPI_crossfit
glm_mis,PPI,50,0.35000000000000003,plugin,TRUE,TRUE,FALSE,1,0,0.9200807205999597,9.30785165447589,9.30305219974046,0.6926600890290265,0.9430827386149586,2000,PPI_crossfit
glm_mis,PPI,100,0.35000000000000003,plugin,FALSE,FALSE,FALSE,1,0,1.0350795202775478,10.177452776173043,9.284794534731224,0.7532908951812136,1.0868334962914252,2000,PPI_noncrossfit
glm_mis,PPI,100,0.35000000000000003,plugin,FALSE,FALSE,TRUE,1,0,1.0350795202775478,10.177452776173043,9.284794534731224,0.7532908951812136,1.0868334962914252,2000,PPI_noncrossfit
glm_mis,PPI,100,0.35000000000000003,plugin,FALSE,TRUE,FALSE,1,0,1.0350795202775478,10.177452776173043,9.284794534731224,0.7532908951812136,1.0868334962914252,2000,PPI_noncrossfit
glm_mis,PPI,100,0.35000000000000003,plugin,TRUE,FALSE,FALSE,1,0,0.9185219905166081,10.015987111818617,9.616396779074945,0.7058003766413335,0.9644480900424386,2000,PPI_crossfit
glm_mis,PPI,100,0.35000000000000003,plugin,TRUE,FALSE,TRUE,1,0,0.9185219905166081,10.015987111818617,9.616396779074945,0.7058003766413335,0.9644480900424386,2000,PPI_crossfit
glm_mis,PPI,100,0.35000000000000003,plugin,TRUE,TRUE,FALSE,1,0,0.9185219905166081,10.015987111818617,9.616396779074945,0.7058003766413335,0.9644480900424386,2000,PPI_crossfit
glm_mis,PPI,150,0.35000000000000003,plugin,FALSE,FALSE,FALSE,1,0,0.9772192052344061,10.314694552323946,8.791159780953311,0.7517249303590751,1.0505106456269866,2000,PPI_noncrossfit
glm_mis,PPI,150,0.35000000000000003,plugin,FALSE,FALSE,TRUE,1,0,0.9772192052344061,10.314694552323946,8.791159780953311,0.7517249303590751,1.0505106456269866,2000,PPI_noncrossfit
glm_mis,PPI,150,0.35000000000000003,plugin,FALSE,TRUE,FALSE,1,0,0.9772192052344061,10.314694552323946,8.791159780953311,0.7517249303590751,1.0505106456269866,2000,PPI_noncrossfit
glm_mis,PPI,150,0.35000000000000003,plugin,TRUE,FALSE,FALSE,1,0,0.9090405106383674,9.93437244760524,8.905466220066447,0.7209874222024113,0.977218548936245,2000,PPI_crossfit
glm_mis,PPI,150,0.35000000000000003,plugin,TRUE,FALSE,TRUE,1,0,0.9090405106383674,9.93437244760524,8.905466220066447,0.7209874222024113,0.977218548936245,2000,PPI_crossfit
glm_mis,PPI,150,0.35000000000000003,plugin,TRUE,TRUE,FALSE,1,0,0.9090405106383674,9.93437244760524,8.905466220066447,0.7209874222024113,0.977218548936245,2000,PPI_crossfit
glm_mis,PPI,200,0.35000000000000003,plugin,FALSE,FALSE,FALSE,1,0,0.9488748882051056,10.17826812183268,8.870314995751736,0.7486061508357796,1.0437623770256161,2000,PPI_noncrossfit
glm_mis,PPI,200,0.35000000000000003,plugin,FALSE,FALSE,TRUE,1,0,0.9488748882051056,10.17826812183268,8.870314995751736,0.7486061508357796,1.0437623770256161,2000,PPI_noncrossfit
glm_mis,PPI,200,0.35000000000000003,plugin,FALSE,TRUE,FALSE,1,0,0.9488748882051056,10.17826812183268,8.870314995751736,0.7486061508357796,1.0437623770256161,2000,PPI_noncrossfit
glm_mis,PPI,200,0.35000000000000003,plugin,TRUE,FALSE,FALSE,1,0,0.892351632619633,10.02057896051697,8.863465706700492,0.7249935637558934,0.9815867958815964,2000,PPI_crossfit
glm_mis,PPI,200,0.35000000000000003,plugin,TRUE,FALSE,TRUE,1,0,0.892351632619633,10.02057896051697,8.863465706700492,0.7249935637558934,0.9815867958815964,2000,PPI_crossfit
glm_mis,PPI,200,0.35000000000000003,plugin,TRUE,TRUE,FALSE,1,0,0.892351632619633,10.02057896051697,8.863465706700492,0.7249935637558934,0.9815867958815964,2000,PPI_crossfit
glm_mis,PPI,300,0.35000000000000003,plugin,FALSE,FALSE,FALSE,1,0,0.8927897157583149,10.335007808524008,8.367328785897534,0.7506892510289755,1.026708173122062,2000,PPI_noncrossfit
glm_mis,PPI,300,0.35000000000000003,plugin,FALSE,FALSE,TRUE,1,0,0.8927897157583149,10.335007808524008,8.367328785897534,0.7506892510289755,1.026708173122062,2000,PPI_noncrossfit
glm_mis,PPI,300,0.35000000000000003,plugin,FALSE,TRUE,FALSE,1,0,0.8927897157583149,10.335007808524008,8.367328785897534,0.7506892510289755,1.026708173122062,2000,PPI_noncrossfit
glm_mis,PPI,300,0.35000000000000003,plugin,TRUE,FALSE,FALSE,1,0,0.8584148208866758,9.920563382609116,8.544188195513868,0.7305949729344714,0.987177044019677,2000,PPI_crossfit
glm_mis,PPI,300,0.35000000000000003,plugin,TRUE,FALSE,TRUE,1,0,0.8584148208866758,9.920563382609116,8.544188195513868,0.7305949729344714,0.987177044019677,2000,PPI_crossfit
glm_mis,PPI,300,0.35000000000000003,plugin,TRUE,TRUE,FALSE,1,0,0.8584148208866758,9.920563382609116,8.544188195513868,0.7305949729344714,0.987177044019677,2000,PPI_crossfit
glm_mis,PPI++,50,0.35000000000000003,plugin,FALSE,FALSE,FALSE,0.9135420813896379,0.11043714709452548,0.9786371048070943,10.674146078605297,7.348220233686617,0.7817471157552551,1.0031030324272716,2000,PPI++_noncrossfit
glm_mis,PPI++,50,0.35000000000000003,plugin,FALSE,FALSE,TRUE,0.8034445095710799,0.23860347336761784,1.0468137404469968,10.95060421049428,8.165501216133535,0.7463313489850375,1.0729840839581717,2000,PPI++_independent_split
glm_mis,PPI++,50,0.35000000000000003,plugin,FALSE,TRUE,FALSE,0.8588564827099322,0.1444919718989845,0.9187243716974226,9.30785165447589,9.148130848238004,0.6926600890290265,0.9416924809898581,2000,PPI++_crossfit
glm_mis,PPI++,50,0.35000000000000003,plugin,TRUE,FALSE,FALSE,0.9135420813896379,0.11043714709452548,0.9786371048070943,10.674146078605297,7.348220233686617,0.7817471157552551,1.0031030324272716,2000,PPI++_noncrossfit
glm_mis,PPI++,50,0.35000000000000003,plugin,TRUE,FALSE,TRUE,0.8034445095710799,0.23860347336761784,1.0468137404469968,10.95060421049428,8.165501216133535,0.7463313489850375,1.0729840839581717,2000,PPI++_independent_split
glm_mis,PPI++,50,0.35000000000000003,plugin,TRUE,TRUE,FALSE,0.8588564827099322,0.1444919718989845,0.9187243716974226,9.30785165447589,9.148130848238004,0.6926600890290265,0.9416924809898581,2000,PPI++_crossfit
glm_mis,PPI++,100,0.35000000000000003,plugin,FALSE,FALSE,FALSE,0.9260003319812257,0.08057076505735299,0.956312234834579,10.213568879433732,7.45112716915437,0.7703508027142775,1.004127846576308,2000,PPI++_noncrossfit
glm_mis,PPI++,100,0.35000000000000003,plugin,FALSE,FALSE,TRUE,0.8669823280481165,0.17448786781166786,1.028048892953238,10.177452776173043,8.763625262561181,0.7532908951812136,1.0794513376009,2000,PPI++_independent_split
glm_mis,PPI++,100,0.35000000000000003,plugin,FALSE,TRUE,FALSE,0.8806361904081624,0.11353964343023633,0.9190730176374563,10.015987111818617,9.574022553031474,0.7058003766413335,0.9650266685193292,2000,PPI++_crossfit
glm_mis,PPI++,100,0.35000000000000003,plugin,TRUE,FALSE,FALSE,0.9260003319812257,0.08057076505735299,0.956312234834579,10.213568879433732,7.45112716915437,0.7703508027142775,1.004127846576308,2000,PPI++_noncrossfit
glm_mis,PPI++,100,0.35000000000000003,plugin,TRUE,FALSE,TRUE,0.8669823280481165,0.17448786781166786,1.028048892953238,10.177452776173043,8.763625262561181,0.7532908951812136,1.0794513376009,2000,PPI++_independent_split
glm_mis,PPI++,100,0.35000000000000003,plugin,TRUE,TRUE,FALSE,0.8806361904081624,0.11353964343023633,0.9190730176374563,10.015987111818617,9.574022553031474,0.7058003766413335,0.9650266685193292,2000,PPI++_crossfit
glm_mis,PPI++,150,0.35000000000000003,plugin,FALSE,FALSE,FALSE,0.9228926200896914,0.07549121372195332,0.9347771126244827,10.286999928940123,7.931804348136333,0.7633448424535888,1.0048853960713189,2000,PPI++_noncrossfit
glm_mis,PPI++,150,0.35000000000000003,plugin,FALSE,FALSE,TRUE,0.8642714539195373,0.1587749650266429,0.9725252020098659,10.314694552323946,8.43561836417465,0.7517249303590751,1.0454645921606058,2000,PPI++_independent_split
glm_mis,PPI++,150,0.35000000000000003,plugin,FALSE,TRUE,FALSE,0.8856909814305847,0.0900113546170211,0.9107393681733278,9.93437244760524,8.944838033500561,0.7209874222024113,0.9790448207863274,2000,PPI++_crossfit
glm_mis,PPI++,150,0.35000000000000003,plugin,TRUE,FALSE,FALSE,0.9228926200896914,0.07549121372195332,0.9347771126244827,10.286999928940123,7.931804348136333,0.7633448424535888,1.0048853960713189,2000,PPI++_noncrossfit
glm_mis,PPI++,150,0.35000000000000003,plugin,TRUE,FALSE,TRUE,0.8642714539195373,0.1587749650266429,0.9725252020098659,10.314694552323946,8.43561836417465,0.7517249303590751,1.0454645921606058,2000,PPI++_independent_split
glm_mis,PPI++,150,0.35000000000000003,plugin,TRUE,TRUE,FALSE,0.8856909814305847,0.0900113546170211,0.9107393681733278,9.93437244760524,8.944838033500561,0.7209874222024113,0.9790448207863274,2000,PPI++_crossfit
glm_mis,PPI++,200,0.35000000000000003,plugin,FALSE,FALSE,FALSE,0.9007816436268994,0.07072536208864925,0.9115500267136732,10.036803693791994,7.860346969153956,0.7570152507347321,1.0027050293850406,2000,PPI++_noncrossfit
glm_mis,PPI++,200,0.35000000000000003,plugin,FALSE,FALSE,TRUE,0.8648860909082872,0.15510375338495153,0.9455045255557846,10.17826812183268,8.636420561558207,0.7486061508357796,1.040054978111363,2000,PPI++_independent_split
glm_mis,PPI++,200,0.35000000000000003,plugin,FALSE,TRUE,FALSE,0.8778083202337796,0.08081391289739495,0.894418453741821,10.02057896051697,8.920815669391398,0.7249935637558934,0.9838602991160031,2000,PPI++_crossfit
glm_mis,PPI++,200,0.35000000000000003,plugin,TRUE,FALSE,FALSE,0.9007816436268994,0.07072536208864925,0.9115500267136732,10.036803693791994,7.860346969153956,0.7570152507347321,1.0027050293850406,2000,PPI++_noncrossfit
glm_mis,PPI++,200,0.35000000000000003,plugin,TRUE,FALSE,TRUE,0.8648860909082872,0.15510375338495153,0.9455045255557846,10.17826812183268,8.636420561558207,0.7486061508357796,1.040054978111363,2000,PPI++_independent_split
glm_mis,PPI++,200,0.35000000000000003,plugin,TRUE,TRUE,FALSE,0.8778083202337796,0.08081391289739495,0.894418453741821,10.02057896051697,8.920815669391398,0.7249935637558934,0.9838602991160031,2000,PPI++_crossfit
glm_mis,PPI++,300,0.35000000000000003,plugin,FALSE,FALSE,FALSE,0.8732679488581395,0.06347973682219919,0.8751287131093316,10.127056582663553,8.127958063122882,0.7548088451927707,1.0063980200757312,2000,PPI++_noncrossfit
glm_mis,PPI++,300,0.35000000000000003,plugin,FALSE,FALSE,TRUE,0.8470863580947836,0.14735735544489045,0.8914948828778654,10.335007808524008,8.222052900942833,0.7506892510289755,1.0252191153095451,2000,PPI++_independent_split
glm_mis,PPI++,300,0.35000000000000003,plugin,FALSE,TRUE,FALSE,0.8503992802908061,0.06756940180306299,0.8621278588782705,9.920563382609116,8.677644549900963,0.7305949729344714,0.991447037710011,2000,PPI++_crossfit
glm_mis,PPI++,300,0.35000000000000003,plugin,TRUE,FALSE,FALSE,0.8732679488581395,0.06347973682219919,0.8751287131093316,10.127056582663553,8.127958063122882,0.7548088451927707,1.0063980200757312,2000,PPI++_noncrossfit
glm_mis,PPI++,300,0.35000000000000003,plugin,TRUE,FALSE,TRUE,0.8470863580947836,0.14735735544489045,0.8914948828778654,10.335007808524008,8.222052900942833,0.7506892510289755,1.0252191153095451,2000,PPI++_independent_split
glm_mis,PPI++,300,0.35000000000000003,plugin,TRUE,TRUE,FALSE,0.8503992802908061,0.06756940180306299,0.8621278588782705,9.920563382609116,8.677644549900963,0.7305949729344714,0.991447037710011,2000,PPI++_crossfit
glm_wrong,PPI,50,0.35000000000000003,plugin,FALSE,FALSE,FALSE,1,0,-0.11502134791584448,3.9766533701938345,19.18886008203925,0.10975625364074694,-0.11789688161374058,2000,PPI_noncrossfit
glm_wrong,PPI,50,0.35000000000000003,plugin,FALSE,FALSE,TRUE,1,0,-0.11502134791584448,3.9766533701938345,19.18886008203925,0.10975625364074694,-0.11789688161374058,2000,PPI_noncrossfit
glm_wrong,PPI,50,0.35000000000000003,plugin,FALSE,TRUE,FALSE,1,0,-0.11502134791584448,3.9766533701938345,19.18886008203925,0.10975625364074694,-0.11789688161374058,2000,PPI_noncrossfit
glm_wrong,PPI,50,0.35000000000000003,plugin,TRUE,FALSE,FALSE,1,0,-3.31662364676748,2.224195111071368,19.54783694117615,0.04509987484047556,-3.3995392379366667,2000,PPI_crossfit
glm_wrong,PPI,50,0.35000000000000003,plugin,TRUE,FALSE,TRUE,1,0,-3.31662364676748,2.224195111071368,19.54783694117615,0.04509987484047556,-3.3995392379366667,2000,PPI_crossfit
glm_wrong,PPI,50,0.35000000000000003,plugin,TRUE,TRUE,FALSE,1,0,-3.31662364676748,2.224195111071368,19.54783694117615,0.04509987484047556,-3.3995392379366667,2000,PPI_crossfit
glm_wrong,PPI,100,0.35000000000000003,plugin,FALSE,FALSE,FALSE,1,0,-0.9221089946233161,2.4514312041744244,19.070390885898483,0.1460423151502902,-0.9682144443544819,2000,PPI_noncrossfit
glm_wrong,PPI,100,0.35000000000000003,plugin,FALSE,FALSE,TRUE,1,0,-0.9221089946233161,2.4514312041744244,19.070390885898483,0.1460423151502902,-0.9682144443544819,2000,PPI_noncrossfit
glm_wrong,PPI,100,0.35000000000000003,plugin,FALSE,TRUE,FALSE,1,0,-0.9221089946233161,2.4514312041744244,19.070390885898483,0.1460423151502902,-0.9682144443544819,2000,PPI_noncrossfit
glm_wrong,PPI,100,0.35000000000000003,plugin,TRUE,FALSE,FALSE,1,0,-1.138358841535638,1.7248281787765,19.62469135128211,0.08995317917038036,-1.19527678361242,2000,PPI_crossfit
glm_wrong,PPI,100,0.35000000000000003,plugin,TRUE,FALSE,TRUE,1,0,-1.138358841535638,1.7248281787765,19.62469135128211,0.08995317917038036,-1.19527678361242,2000,PPI_crossfit
glm_wrong,PPI,100,0.35000000000000003,plugin,TRUE,TRUE,FALSE,1,0,-1.138358841535638,1.7248281787765,19.62469135128211,0.08995317917038036,-1.19527678361242,2000,PPI_crossfit
glm_wrong,PPI,150,0.35000000000000003,plugin,FALSE,FALSE,FALSE,1,0,-0.16179087738610745,2.1678868932785846,18.39970295822242,0.1449831584021033,-0.17392519319006552,2000,PPI_noncrossfit
glm_wrong,PPI,150,0.35000000000000003,plugin,FALSE,FALSE,TRUE,1,0,-0.16179087738610745,2.1678868932785846,18.39970295822242,0.1449831584021033,-0.17392519319006552,2000,PPI_noncrossfit
glm_wrong,PPI,150,0.35000000000000003,plugin,FALSE,TRUE,FALSE,1,0,-0.16179087738610745,2.1678868932785846,18.39970295822242,0.1449831584021033,-0.17392519319006552,2000,PPI_noncrossfit
glm_wrong,PPI,150,0.35000000000000003,plugin,TRUE,FALSE,FALSE,1,0,-1.142656310752493,1.5854004562018305,18.45895107026343,0.11790977125316189,-1.22835553405893,2000,PPI_crossfit
glm_wrong,PPI,150,0.35000000000000003,plugin,TRUE,FALSE,TRUE,1,0,-1.142656310752493,1.5854004562018305,18.45895107026343,0.11790977125316189,-1.22835553405893,2000,PPI_crossfit
glm_wrong,PPI,150,0.35000000000000003,plugin,TRUE,TRUE,FALSE,1,0,-1.142656310752493,1.5854004562018305,18.45895107026343,0.11790977125316189,-1.22835553405893,2000,PPI_crossfit
glm_wrong,PPI,200,0.35000000000000003,plugin,FALSE,FALSE,FALSE,1,0,1.674546083618816,1.8775336374258318,18.233843319237018,0.1938317683593904,1.8420006919806977,2000,PPI_noncrossfit
glm_wrong,PPI,200,0.35000000000000003,plugin,FALSE,FALSE,TRUE,1,0,1.674546083618816,1.8775336374258318,18.233843319237018,0.1938317683593904,1.8420006919806977,2000,PPI_noncrossfit
glm_wrong,PPI,200,0.35000000000000003,plugin,FALSE,TRUE,FALSE,1,0,1.674546083618816,1.8775336374258318,18.233843319237018,0.1938317683593904,1.8420006919806977,2000,PPI_noncrossfit
glm_wrong,PPI,200,0.35000000000000003,plugin,TRUE,FALSE,FALSE,1,0,-0.30332836103082805,1.558520658691212,18.372817432274765,0.1390226974626022,-0.33366119713391085,2000,PPI_crossfit
glm_wrong,PPI,200,0.35000000000000003,plugin,TRUE,FALSE,TRUE,1,0,-0.30332836103082805,1.558520658691212,18.372817432274765,0.1390226974626022,-0.33366119713391085,2000,PPI_crossfit
glm_wrong,PPI,200,0.35000000000000003,plugin,TRUE,TRUE,FALSE,1,0,-0.30332836103082805,1.558520658691212,18.372817432274765,0.1390226974626022,-0.33366119713391085,2000,PPI_crossfit
glm_wrong,PPI,300,0.35000000000000003,plugin,FALSE,FALSE,FALSE,1,0,1.2869090367707847,1.86532785155277,17.68939368646203,0.2005565881646785,1.4799453922864023,2000,PPI_noncrossfit
glm_wrong,PPI,300,0.35000000000000003,plugin,FALSE,FALSE,TRUE,1,0,1.2869090367707847,1.86532785155277,17.68939368646203,0.2005565881646785,1.4799453922864023,2000,PPI_noncrossfit
glm_wrong,PPI,300,0.35000000000000003,plugin,FALSE,TRUE,FALSE,1,0,1.2869090367707847,1.86532785155277,17.68939368646203,0.2005565881646785,1.4799453922864023,2000,PPI_noncrossfit
glm_wrong,PPI,300,0.35000000000000003,plugin,TRUE,FALSE,FALSE,1,0,-0.6395509128638025,1.3238043361355378,17.89082150311964,0.14862546651250297,-0.7354835497933728,2000,PPI_crossfit
glm_wrong,PPI,300,0.35000000000000003,plugin,TRUE,FALSE,TRUE,1,0,-0.6395509128638025,1.3238043361355378,17.89082150311964,0.14862546651250297,-0.7354835497933728,2000,PPI_crossfit
glm_wrong,PPI,300,0.35000000000000003,plugin,TRUE,TRUE,FALSE,1,0,-0.6395509128638025,1.3238043361355378,17.89082150311964,0.14862546651250297,-0.7354835497933728,2000,PPI_crossfit
glm_wrong,PPI++,50,0.35000000000000003,plugin,FALSE,FALSE,FALSE,0.837248494632988,0.18950585042717666,0.9610822053847907,2.845381805094409,15.9077609906214,0.3217273536800976,0.9851092605194104,2000,PPI++_noncrossfit
glm_wrong,PPI++,50,0.35000000000000003,plugin,FALSE,FALSE,TRUE,0.4091717704574677,0.41782346779964485,-0.08040515864713417,3.9766533701938345,15.805136399441924,0.10975625364074694,-0.08241528761331252,2000,PPI++_independent_split
glm_wrong,PPI++,50,0.35000000000000003,plugin,FALSE,TRUE,FALSE,0.31985327316757084,0.37034786640906986,-2.6313010801381247,2.224195111071368,16.027711537525033,0.04509987484047556,-2.6970836071415776,2000,PPI++_crossfit
glm_wrong,PPI++,50,0.35000000000000003,plugin,TRUE,FALSE,FALSE,0.837248494632988,0.18950585042717666,0.9610822053847907,2.845381805094409,15.9077609906214,0.3217273536800976,0.9851092605194104,2000,PPI++_noncrossfit
glm_wrong,PPI++,50,0.35000000000000003,plugin,TRUE,FALSE,TRUE,0.4091717704574677,0.41782346779964485,-0.08040515864713417,3.9766533701938345,15.805136399441924,0.10975625364074694,-0.08241528761331252,2000,PPI++_independent_split
glm_wrong,PPI++,50,0.35000000000000003,plugin,TRUE,TRUE,FALSE,0.31985327316757084,0.37034786640906986,-2.6313010801381247,2.224195111071368,16.027711537525033,0.04509987484047556,-2.6970836071415776,2000,PPI++_crossfit
glm_wrong,PPI++,100,0.35000000000000003,plugin,FALSE,FALSE,FALSE,0.8813727178442182,0.1434862355884576,0.9597440891553882,1.865997888414792,16.14947312179691,0.27210067685466705,1.0077312936131577,2000,PPI++_noncrossfit
glm_wrong,PPI++,100,0.35000000000000003,plugin,FALSE,FALSE,TRUE,0.49208559983513367,0.418124773207987,-0.9056908708282234,2.4514312041744244,17.50224467337231,0.1460423151502902,-0.9509754143696346,2000,PPI++_independent_split
glm_wrong,PPI++,100,0.35000000000000003,plugin,FALSE,TRUE,FALSE,0.3996341975497102,0.39407452019327344,-0.9962401011050157,1.7248281787765,17.689863657245958,0.08995317917038036,-1.0460521061602666,2000,PPI++_crossfit
glm_wrong,PPI++,100,0.35000000000000003,plugin,TRUE,FALSE,FALSE,0.8813727178442182,0.1434862355884576,0.9597440891553882,1.865997888414792,16.14947312179691,0.27210067685466705,1.0077312936131577,2000,PPI++_noncrossfit
glm_wrong,PPI++,100,0.35000000000000003,plugin,TRUE,FALSE,TRUE,0.49208559983513367,0.418124773207987,-0.9056908708282234,2.4514312041744244,17.50224467337231,0.1460423151502902,-0.9509754143696346,2000,PPI++_independent_split
glm_wrong,PPI++,100,0.35000000000000003,plugin,TRUE,TRUE,FALSE,0.3996341975497102,0.39407452019327344,-0.9962401011050157,1.7248281787765,17.689863657245958,0.08995317917038036,-1.0460521061602666,2000,PPI++_crossfit
glm_wrong,PPI++,150,0.35000000000000003,plugin,FALSE,FALSE,FALSE,0.8832779108648493,0.12675875135873182,0.932964421597692,1.7203744250385824,16.804832544106066,0.2614422065791154,1.0029367532175189,2000,PPI++_noncrossfit
glm_wrong,PPI++,150,0.35000000000000003,plugin,FALSE,FALSE,TRUE,0.5359786296676898,0.408375209561262,-0.14192851938070922,2.1678868932785846,17.153831621840574,0.1449831584021033,-0.1525731583342624,2000,PPI++_independent_split
glm_wrong,PPI++,150,0.35000000000000003,plugin,FALSE,TRUE,FALSE,0.45652852912966235,0.36667592202924837,-1.0244729688874743,1.5854004562018305,17.234132501288283,0.11790977125316189,-1.1013084415540348,2000,PPI++_crossfit
glm_wrong,PPI++,150,0.35000000000000003,plugin,TRUE,FALSE,FALSE,0.8832779108648493,0.12675875135873182,0.932964421597692,1.7203744250385824,16.804832544106066,0.2614422065791154,1.0029367532175189,2000,PPI++_noncrossfit
glm_wrong,PPI++,150,0.35000000000000003,plugin,TRUE,FALSE,TRUE,0.5359786296676898,0.408375209561262,-0.14192851938070922,2.1678868932785846,17.153831621840574,0.1449831584021033,-0.1525731583342624,2000,PPI++_independent_split
glm_wrong,PPI++,150,0.35000000000000003,plugin,TRUE,TRUE,FALSE,0.45652852912966235,0.36667592202924837,-1.0244729688874743,1.5854004562018305,17.234132501288283,0.11790977125316189,-1.1013084415540348,2000,PPI++_crossfit
glm_wrong,PPI++,200,0.35000000000000003,plugin,FALSE,FALSE,FALSE,0.8790989311805764,0.11315977256051203,0.9086073783092666,1.5257076763067248,16.36865782187432,0.2547972777669294,0.9994681161401934,2000,PPI++_noncrossfit
glm_wrong,PPI++,200,0.35000000000000003,plugin,FALSE,FALSE,TRUE,0.5999734193126601,0.39033525595644564,1.6791056641682869,1.8775336374258318,17.418796055537488,0.1938317683593904,1.8470162305851157,2000,PPI++_independent_split
glm_wrong,PPI++,200,0.35000000000000003,plugin,FALSE,TRUE,FALSE,0.49947260774061625,0.3660336465492533,-0.2472514930649292,1.558520658691212,17.31778825764133,0.1390226974626022,-0.2719766423714221,2000,PPI++_crossfit
glm_wrong,PPI++,200,0.35000000000000003,plugin,TRUE,FALSE,FALSE,0.8790989311805764,0.11315977256051203,0.9086073783092666,1.5257076763067248,16.36865782187432,0.2547972777669294,0.9994681161401934,2000,PPI++_noncrossfit
glm_wrong,PPI++,200,0.35000000000000003,plugin,TRUE,FALSE,TRUE,0.5999734193126601,0.39033525595644564,1.6791056641682869,1.8775336374258318,17.418796055537488,0.1938317683593904,1.8470162305851157,2000,PPI++_independent_split
glm_wrong,PPI++,200,0.35000000000000003,plugin,TRUE,TRUE,FALSE,0.49947260774061625,0.3660336465492533,-0.2472514930649292,1.558520658691212,17.31778825764133,0.1390226974626022,-0.2719766423714221,2000,PPI++_crossfit
glm_wrong,PPI++,300,0.35000000000000003,plugin,FALSE,FALSE,FALSE,0.8641005412695123,0.11144685825973386,0.8742584710030051,1.2719538446756675,16.98066157209321,0.23918374767086173,1.0053972416534558,2000,PPI++_noncrossfit
glm_wrong,PPI++,300,0.35000000000000003,plugin,FALSE,FALSE,TRUE,0.610430191674531,0.367401962502341,1.2887067842861657,1.86532785155277,16.97564229101663,0.2005565881646785,1.4820128019290904,2000,PPI++_independent_split
glm_wrong,PPI++,300,0.35000000000000003,plugin,FALSE,TRUE,FALSE,0.5168501378593445,0.32913133355853935,-0.5998333374224502,1.3238043361355378,17.246620450761423,0.14862546651250297,-0.6898083380358176,2000,PPI++_crossfit
glm_wrong,PPI++,300,0.35000000000000003,plugin,TRUE,FALSE,FALSE,0.8641005412695123,0.11144685825973386,0.8742584710030051,1.2719538446756675,16.98066157209321,0.23918374767086173,1.0053972416534558,2000,PPI++_noncrossfit
glm_wrong,PPI++,300,0.35000000000000003,plugin,TRUE,FALSE,TRUE,0.610430191674531,0.367401962502341,1.2887067842861657,1.86532785155277,16.97564229101663,0.2005565881646785,1.4820128019290904,2000,PPI++_independent_split
glm_wrong,PPI++,300,0.35000000000000003,plugin,TRUE,TRUE,FALSE,0.5168501378593445,0.32913133355853935,-0.5998333374224502,1.3238043361355378,17.246620450761423,0.14862546651250297,-0.6898083380358176,2000,PPI++_crossfit
rf,PPI,50,0.35000000000000003,plugin,FALSE,FALSE,FALSE,1,0,1.3938379430198362,3.4346514118856715,11.502886598053085,0.6770690093476815,1.428683891595332,2000,PPI_noncrossfit
rf,PPI,50,0.35000000000000003,plugin,FALSE,FALSE,TRUE,1,0,1.3938379430198362,3.4346514118856715,11.502886598053085,0.6770690093476815,1.428683891595332,2000,PPI_noncrossfit
rf,PPI,50,0.35000000000000003,plugin,FALSE,TRUE,FALSE,1,0,1.3938379430198362,3.4346514118856715,11.502886598053085,0.6770690093476815,1.428683891595332,2000,PPI_noncrossfit
rf,PPI,50,0.35000000000000003,plugin,TRUE,FALSE,FALSE,1,0,1.2512542527909447,2.7481640567152574,12.341594290579799,0.6051433169334939,1.2825356091107183,2000,PPI_crossfit
rf,PPI,50,0.35000000000000003,plugin,TRUE,FALSE,TRUE,1,0,1.2512542527909447,2.7481640567152574,12.341594290579799,0.6051433169334939,1.2825356091107183,2000,PPI_crossfit
rf,PPI,50,0.35000000000000003,plugin,TRUE,TRUE,FALSE,1,0,1.2512542527909447,2.7481640567152574,12.341594290579799,0.6051433169334939,1.2825356091107183,2000,PPI_crossfit
rf,PPI,100,0.35000000000000003,plugin,FALSE,FALSE,FALSE,1,0,1.234940976199547,4.8522787684930035,8.817602115940273,0.7700195777063111,1.2966880250095243,2000,PPI_noncrossfit
rf,PPI,100,0.35000000000000003,plugin,FALSE,FALSE,TRUE,1,0,1.234940976199547,4.8522787684930035,8.817602115940273,0.7700195777063111,1.2966880250095243,2000,PPI_noncrossfit
rf,PPI,100,0.35000000000000003,plugin,FALSE,TRUE,FALSE,1,0,1.234940976199547,4.8522787684930035,8.817602115940273,0.7700195777063111,1.2966880250095243,2000,PPI_noncrossfit
rf,PPI,100,0.35000000000000003,plugin,TRUE,FALSE,FALSE,1,0,1.213839010745785,4.0608517295174975,9.370006509809686,0.7411223028680718,1.2745309612830744,2000,PPI_crossfit
rf,PPI,100,0.35000000000000003,plugin,TRUE,FALSE,TRUE,1,0,1.213839010745785,4.0608517295174975,9.370006509809686,0.7411223028680718,1.2745309612830744,2000,PPI_crossfit
rf,PPI,100,0.35000000000000003,plugin,TRUE,TRUE,FALSE,1,0,1.213839010745785,4.0608517295174975,9.370006509809686,0.7411223028680718,1.2745309612830744,2000,PPI_crossfit
rf,PPI,150,0.35000000000000003,plugin,FALSE,FALSE,FALSE,1,0,1.1536389923466672,5.6880652985011935,7.807310951255611,0.8086902096172435,1.2401619167726672,2000,PPI_noncrossfit
rf,PPI,150,0.35000000000000003,plugin,FALSE,FALSE,TRUE,1,0,1.1536389923466672,5.6880652985011935,7.807310951255611,0.8086902096172435,1.2401619167726672,2000,PPI_noncrossfit
rf,PPI,150,0.35000000000000003,plugin,FALSE,TRUE,FALSE,1,0,1.1536389923466672,5.6880652985011935,7.807310951255611,0.8086902096172435,1.2401619167726672,2000,PPI_noncrossfit
rf,PPI,150,0.35000000000000003,plugin,TRUE,FALSE,FALSE,1,0,1.1398105652503359,4.997570334622603,7.725611906977772,0.792587543041049,1.2252963576441112,2000,PPI_crossfit
rf,PPI,150,0.35000000000000003,plugin,TRUE,FALSE,TRUE,1,0,1.1398105652503359,4.997570334622603,7.725611906977772,0.792587543041049,1.2252963576441112,2000,PPI_crossfit
rf,PPI,150,0.35000000000000003,plugin,TRUE,TRUE,FALSE,1,0,1.1398105652503359,4.997570334622603,7.725611906977772,0.792587543041049,1.2252963576441112,2000,PPI_crossfit
rf,PPI,200,0.35000000000000003,plugin,FALSE,FALSE,FALSE,1,0,1.0985692200744313,6.2203367004682,7.2709891031864755,0.8273193793327066,1.2084261420818745,2000,PPI_noncrossfit
rf,PPI,200,0.35000000000000003,plugin,FALSE,FALSE,TRUE,1,0,1.0985692200744313,6.2203367004682,7.2709891031864755,0.8273193793327066,1.2084261420818745,2000,PPI_noncrossfit
rf,PPI,200,0.35000000000000003,plugin,FALSE,TRUE,FALSE,1,0,1.0985692200744313,6.2203367004682,7.2709891031864755,0.8273193793327066,1.2084261420818745,2000,PPI_noncrossfit
rf,PPI,200,0.35000000000000003,plugin,TRUE,FALSE,FALSE,1,0,1.0791767389359075,5.7473655632732035,6.875760182073053,0.8188243425334224,1.1870944128294982,2000,PPI_crossfit
rf,PPI,200,0.35000000000000003,plugin,TRUE,FALSE,TRUE,1,0,1.0791767389359075,5.7473655632732035,6.875760182073053,0.8188243425334224,1.1870944128294982,2000,PPI_crossfit
rf,PPI,200,0.35000000000000003,plugin,TRUE,TRUE,FALSE,1,0,1.0791767389359075,5.7473655632732035,6.875760182073053,0.8188243425334224,1.1870944128294982,2000,PPI_crossfit
rf,PPI,300,0.35000000000000003,plugin,FALSE,FALSE,FALSE,1,0,1.0052953917181426,7.266002149558178,6.070504842566357,0.8564892250430831,1.156089700475864,2000,PPI_noncrossfit
rf,PPI,300,0.35000000000000003,plugin,FALSE,FALSE,TRUE,1,0,1.0052953917181426,7.266002149558178,6.070504842566357,0.8564892250430831,1.156089700475864,2000,PPI_noncrossfit
rf,PPI,300,0.35000000000000003,plugin,FALSE,TRUE,FALSE,1,0,1.0052953917181426,7.266002149558178,6.070504842566357,0.8564892250430831,1.156089700475864,2000,PPI_noncrossfit
rf,PPI,300,0.35000000000000003,plugin,TRUE,FALSE,FALSE,1,0,0.9986505708160759,6.876177764128055,5.860244439323317,0.8531774770242612,1.1484481564384872,2000,PPI_crossfit
rf,PPI,300,0.35000000000000003,plugin,TRUE,FALSE,TRUE,1,0,0.9986505708160759,6.876177764128055,5.860244439323317,0.8531774770242612,1.1484481564384872,2000,PPI_crossfit
rf,PPI,300,0.35000000000000003,plugin,TRUE,TRUE,FALSE,1,0,0.9986505708160759,6.876177764128055,5.860244439323317,0.8531774770242612,1.1484481564384872,2000,PPI_crossfit
rf,PPI++,50,0.35000000000000003,plugin,FALSE,FALSE,FALSE,1,0,1.11427330854341,4.777077988014122,1.9953547565202026,0.9718057076060602,1.142130141256995,2000,PPI++_noncrossfit
rf,PPI++,50,0.35000000000000003,plugin,FALSE,FALSE,TRUE,0.9247550221518794,0.16431443617795877,1.395830121463752,3.4346514118856715,11.51423596910925,0.6770690093476815,1.4307258745003457,2000,PPI++_independent_split
rf,PPI++,50,0.35000000000000003,plugin,FALSE,TRUE,FALSE,0.9495508537883688,0.14754145875353197,1.2513959208024206,2.7481640567152574,12.263715255650338,0.6051433169334939,1.282680818822481,2000,PPI++_crossfit
rf,PPI++,50,0.35000000000000003,plugin,TRUE,FALSE,FALSE,1,0,1.11427330854341,4.777077988014122,1.9953547565202026,0.9718057076060602,1.142130141256995,2000,PPI++_noncrossfit
rf,PPI++,50,0.35000000000000003,plugin,TRUE,FALSE,TRUE,0.9247550221518794,0.16431443617795877,1.395830121463752,3.4346514118856715,11.51423596910925,0.6770690093476815,1.4307258745003457,2000,PPI++_independent_split
rf,PPI++,50,0.35000000000000003,plugin,TRUE,TRUE,FALSE,0.9495508537883688,0.14754145875353197,1.2513959208024206,2.7481640567152574,12.263715255650338,0.6051433169334939,1.282680818822481,2000,PPI++_crossfit
rf,PPI++,100,0.35000000000000003,plugin,FALSE,FALSE,FALSE,0.999945892039247,0.0012098907836764925,1.0299989479017186,6.2402678896813955,1.4545558247332449,0.9771078881625996,1.0814988952968045,2000,PPI++_noncrossfit
rf,PPI++,100,0.35000000000000003,plugin,FALSE,FALSE,TRUE,0.951778844533409,0.11157964360852345,1.2384740478569287,4.8522787684930035,8.885735302893007,0.7700195777063111,1.3003977502497752,2000,PPI++_independent_split
rf,PPI++,100,0.35000000000000003,plugin,FALSE,TRUE,FALSE,0.9857431259473239,0.059085411327583576,1.2145754831399513,4.0608517295174975,9.376535257752488,0.7411223028680718,1.275304257296949,2000,PPI++_crossfit
rf,PPI++,100,0.35000000000000003,plugin,TRUE,FALSE,FALSE,0.999945892039247,0.0012098907836764925,1.0299989479017186,6.2402678896813955,1.4545558247332449,0.9771078881625996,1.0814988952968045,2000,PPI++_noncrossfit
rf,PPI++,100,0.35000000000000003,plugin,TRUE,FALSE,TRUE,0.951778844533409,0.11157964360852345,1.2384740478569287,4.8522787684930035,8.885735302893007,0.7700195777063111,1.3003977502497752,2000,PPI++_independent_split
rf,PPI++,100,0.35000000000000003,plugin,TRUE,TRUE,FALSE,0.9857431259473239,0.059085411327583576,1.2145754831399513,4.0608517295174975,9.376535257752488,0.7411223028680718,1.275304257296949,2000,PPI++_crossfit
rf,PPI++,150,0.35000000000000003,plugin,FALSE,FALSE,FALSE,0.9998654832029891,0.001869930285769991,0.9863540010801927,7.320886752796548,1.322484093553592,0.9784003817346008,1.0603305511612071,2000,PPI++_noncrossfit
rf,PPI++,150,0.35000000000000003,plugin,FALSE,FALSE,TRUE,0.9682522481703945,0.0916699321612255,1.1564561777505422,5.6880652985011935,7.868749378379932,0.8086902096172435,1.243190391081833,2000,PPI++_independent_split
rf,PPI++,150,0.35000000000000003,plugin,FALSE,TRUE,FALSE,0.9934660582824013,0.02867916557657543,1.1405044193011757,4.997570334622603,7.738804543734542,0.792587543041049,1.2260422507487638,2000,PPI++_crossfit
rf,PPI++,150,0.35000000000000003,plugin,TRUE,FALSE,FALSE,0.9998654832029891,0.001869930285769991,0.9863540010801927,7.320886752796548,1.322484093553592,0.9784003817346008,1.0603305511612071,2000,PPI++_noncrossfit
rf,PPI++,150,0.35000000000000003,plugin,TRUE,FALSE,TRUE,0.9682522481703945,0.0916699321612255,1.1564561777505422,5.6880652985011935,7.868749378379932,0.8086902096172435,1.243190391081833,2000,PPI++_independent_split
rf,PPI++,150,0.35000000000000003,plugin,TRUE,TRUE,FALSE,0.9934660582824013,0.02867916557657543,1.1405044193011757,4.997570334622603,7.738804543734542,0.792587543041049,1.2260422507487638,2000,PPI++_crossfit
rf,PPI++,200,0.35000000000000003,plugin,FALSE,FALSE,FALSE,0.9990466678643745,0.008903775024476637,0.9544729082063282,8.100274924428337,1.2186908474226905,0.9802838843172741,1.049920199026961,2000,PPI++_noncrossfit
rf,PPI++,200,0.35000000000000003,plugin,FALSE,FALSE,TRUE,0.9713646988249438,0.07650949481550298,1.1019051490884515,6.2203367004682,7.355236454667585,0.8273193793327066,1.2120956639972966,2000,PPI++_independent_split
rf,PPI++,200,0.35000000000000003,plugin,FALSE,TRUE,FALSE,0.9946335867604243,0.02257435096616503,1.0798158693541606,5.7473655632732035,6.888568275749022,0.8188243425334224,1.1877974562895768,2000,PPI++_crossfit
rf,PPI++,200,0.35000000000000003,plugin,TRUE,FALSE,FALSE,0.9990466678643745,0.008903775024476637,0.9544729082063282,8.100274924428337,1.2186908474226905,0.9802838843172741,1.049920199026961,2000,PPI++_noncrossfit
rf,PPI++,200,0.35000000000000003,plugin,TRUE,FALSE,TRUE,0.9713646988249438,0.07650949481550298,1.1019051490884515,6.2203367004682,7.355236454667585,0.8273193793327066,1.2120956639972966,2000,PPI++_independent_split
rf,PPI++,200,0.35000000000000003,plugin,TRUE,TRUE,FALSE,0.9946335867604243,0.02257435096616503,1.0798158693541606,5.7473655632732035,6.888568275749022,0.8188243425334224,1.1877974562895768,2000,PPI++_crossfit
rf,PPI++,300,0.35000000000000003,plugin,FALSE,FALSE,FALSE,0.9979976326756446,0.013913053375020553,0.8991857853152119,9.202939294229443,1.0020098145234109,0.9826009986379812,1.0340636531124936,2000,PPI++_noncrossfit
rf,PPI++,300,0.35000000000000003,plugin,FALSE,FALSE,TRUE,0.973120976701717,0.06814859112428406,1.0085766247048142,7.266002149558178,6.15512494009829,0.8564892250430831,1.1598631184105364,2000,PPI++_independent_split
rf,PPI++,300,0.35000000000000003,plugin,FALSE,TRUE,FALSE,0.9906358040383708,0.029762236078088426,0.9999444803419149,6.876177764128055,5.8896101568963095,0.8531774770242612,1.149936152393202,2000,PPI++_crossfit
rf,PPI++,300,0.35000000000000003,plugin,TRUE,FALSE,FALSE,0.9979976326756446,0.013913053375020553,0.8991857853152119,9.202939294229443,1.0020098145234109,0.9826009986379812,1.0340636531124936,2000,PPI++_noncrossfit
rf,PPI++,300,0.35000000000000003,plugin,TRUE,FALSE,TRUE,0.973120976701717,0.06814859112428406,1.0085766247048142,7.266002149558178,6.15512494009829,0.8564892250430831,1.1598631184105364,2000,PPI++_independent_split
rf,PPI++,300,0.35000000000000003,plugin,TRUE,TRUE,FALSE,0.9906358040383708,0.029762236078088426,0.9999444803419149,6.876177764128055,5.8896101568963095,0.8531774770242612,1.149936152393202,2000,PPI++_crossfit
glm_correct,PPI,50,0.4,plugin,FALSE,FALSE,FALSE,1,0,0.9615152477348147,17.430436680031686,1.276781381842545,0.9490148197120085,0.9855531289281849,2000,PPI_noncrossfit
glm_correct,PPI,50,0.4,plugin,FALSE,FALSE,TRUE,1,0,0.9615152477348147,17.430436680031686,1.276781381842545,0.9490148197120085,0.9855531289281849,2000,PPI_noncrossfit
glm_correct,PPI,50,0.4,plugin,FALSE,TRUE,FALSE,1,0,0.9615152477348147,17.430436680031686,1.276781381842545,0.9490148197120085,0.9855531289281849,2000,PPI_noncrossfit
glm_correct,PPI,50,0.4,plugin,TRUE,FALSE,FALSE,1,0,0.9596470211632628,17.368486294025903,1.3961166606428488,0.9453169012438382,0.9836381966923443,2000,PPI_crossfit
glm_correct,PPI,50,0.4,plugin,TRUE,FALSE,TRUE,1,0,0.9596470211632628,17.368486294025903,1.3961166606428488,0.9453169012438382,0.9836381966923443,2000,PPI_crossfit
glm_correct,PPI,50,0.4,plugin,TRUE,TRUE,FALSE,1,0,0.9596470211632628,17.368486294025903,1.3961166606428488,0.9453169012438382,0.9836381966923443,2000,PPI_crossfit
glm_correct,PPI,100,0.4,plugin,FALSE,FALSE,FALSE,1,0,0.9479602388008264,17.08719441173925,1.0666643465646402,0.9649700402818863,0.9953582507408677,2000,PPI_noncrossfit
glm_correct,PPI,100,0.4,plugin,FALSE,FALSE,TRUE,1,0,0.9479602388008264,17.08719441173925,1.0666643465646402,0.9649700402818863,0.9953582507408677,2000,PPI_noncrossfit
glm_correct,PPI,100,0.4,plugin,FALSE,TRUE,FALSE,1,0,0.9479602388008264,17.08719441173925,1.0666643465646402,0.9649700402818863,0.9953582507408677,2000,PPI_noncrossfit
glm_correct,PPI,100,0.4,plugin,TRUE,FALSE,FALSE,1,0,0.9460268176940897,17.012824821430815,1.1214236744999968,0.9615069902323784,0.9933281585787942,2000,PPI_crossfit
glm_correct,PPI,100,0.4,plugin,TRUE,FALSE,TRUE,1,0,0.9460268176940897,17.012824821430815,1.1214236744999968,0.9615069902323784,0.9933281585787942,2000,PPI_crossfit
glm_correct,PPI,100,0.4,plugin,TRUE,TRUE,FALSE,1,0,0.9460268176940897,17.012824821430815,1.1214236744999968,0.9615069902323784,0.9933281585787942,2000,PPI_crossfit
glm_correct,PPI,150,0.4,plugin,FALSE,FALSE,FALSE,1,0,0.9267832431374059,16.897757578676213,1.0579157160209485,0.96585248162913,0.9962919863727113,2000,PPI_noncrossfit
glm_correct,PPI,150,0.4,plugin,FALSE,FALSE,TRUE,1,0,0.9267832431374059,16.897757578676213,1.0579157160209485,0.96585248162913,0.9962919863727113,2000,PPI_noncrossfit
glm_correct,PPI,150,0.4,plugin,FALSE,TRUE,FALSE,1,0,0.9267832431374059,16.897757578676213,1.0579157160209485,0.96585248162913,0.9962919863727113,2000,PPI_noncrossfit
glm_correct,PPI,150,0.4,plugin,TRUE,FALSE,FALSE,1,0,0.9257039581397399,17.086765940553825,1.0735184481054765,0.9646678840924694,0.9951317550002204,2000,PPI_crossfit
glm_correct,PPI,150,0.4,plugin,TRUE,FALSE,TRUE,1,0,0.9257039581397399,17.086765940553825,1.0735184481054765,0.9646678840924694,0.9951317550002204,2000,PPI_crossfit
glm_correct,PPI,150,0.4,plugin,TRUE,TRUE,FALSE,1,0,0.9257039581397399,17.086765940553825,1.0735184481054765,0.9646678840924694,0.9951317550002204,2000,PPI_crossfit
glm_correct,PPI,200,0.4,plugin,FALSE,FALSE,FALSE,1,0,0.9068105205123267,16.919910521992787,1.0345031122674606,0.9677453212929374,0.9974915725635594,2000,PPI_noncrossfit
glm_correct,PPI,200,0.4,plugin,FALSE,FALSE,TRUE,1,0,0.9068105205123267,16.919910521992787,1.0345031122674606,0.9677453212929374,0.9974915725635594,2000,PPI_noncrossfit
glm_correct,PPI,200,0.4,plugin,FALSE,TRUE,FALSE,1,0,0.9068105205123267,16.919910521992787,1.0345031122674606,0.9677453212929374,0.9974915725635594,2000,PPI_noncrossfit
glm_correct,PPI,200,0.4,plugin,TRUE,FALSE,FALSE,1,0,0.9060163469090141,16.984630587744977,1.0532612561360828,0.9666596494498496,0.9966179815999155,2000,PPI_crossfit
glm_correct,PPI,200,0.4,plugin,TRUE,FALSE,TRUE,1,0,0.9060163469090141,16.984630587744977,1.0532612561360828,0.9666596494498496,0.9966179815999155,2000,PPI_crossfit
glm_correct,PPI,200,0.4,plugin,TRUE,TRUE,FALSE,1,0,0.9060163469090141,16.984630587744977,1.0532612561360828,0.9666596494498496,0.9966179815999155,2000,PPI_crossfit
glm_correct,PPI,300,0.4,plugin,FALSE,FALSE,FALSE,1,0,0.8676188066462989,17.075041451500223,1.0223479041589634,0.9685799641022974,0.9977616276432436,2000,PPI_noncrossfit
glm_correct,PPI,300,0.4,plugin,FALSE,FALSE,TRUE,1,0,0.8676188066462989,17.075041451500223,1.0223479041589634,0.9685799641022974,0.9977616276432436,2000,PPI_noncrossfit
glm_correct,PPI,300,0.4,plugin,FALSE,TRUE,FALSE,1,0,0.8676188066462989,17.075041451500223,1.0223479041589634,0.9685799641022974,0.9977616276432436,2000,PPI_noncrossfit
glm_correct,PPI,300,0.4,plugin,TRUE,FALSE,FALSE,1,0,0.8672933108206086,17.032780574279585,1.039183003911575,0.9677857598002145,0.9973873074436997,2000,PPI_crossfit
glm_correct,PPI,300,0.4,plugin,TRUE,FALSE,TRUE,1,0,0.8672933108206086,17.032780574279585,1.039183003911575,0.9677857598002145,0.9973873074436997,2000,PPI_crossfit
glm_correct,PPI,300,0.4,plugin,TRUE,TRUE,FALSE,1,0,0.8672933108206086,17.032780574279585,1.039183003911575,0.9677857598002145,0.9973873074436997,2000,PPI_crossfit
glm_correct,PPI++,50,0.4,plugin,FALSE,FALSE,FALSE,0.7261623617046269,0.2706462923097799,0.9886951639681655,16.984770458208136,1.9785143715317277,0.9600541545725166,1.0134125430673695,2000,PPI++_noncrossfit
glm_correct,PPI++,50,0.4,plugin,FALSE,FALSE,TRUE,0.6839734902216453,0.275929182753045,0.9874939675496025,17.430436680031686,2.3250751624375763,0.9490148197120085,1.0121813167383424,2000,PPI++_independent_split
glm_correct,PPI++,50,0.4,plugin,FALSE,TRUE,FALSE,0.6965215954080625,0.2613171722842752,0.9851561574257589,17.368486294025903,2.440236975088848,0.9453169012438382,1.0097850613614028,2000,PPI++_crossfit
glm_correct,PPI++,50,0.4,plugin,TRUE,FALSE,FALSE,0.7261623617046269,0.2706462923097799,0.9886951639681655,16.984770458208136,1.9785143715317277,0.9600541545725166,1.0134125430673695,2000,PPI++_noncrossfit
glm_correct,PPI++,50,0.4,plugin,TRUE,FALSE,TRUE,0.6839734902216453,0.275929182753045,0.9874939675496025,17.430436680031686,2.3250751624375763,0.9490148197120085,1.0121813167383424,2000,PPI++_independent_split
glm_correct,PPI++,50,0.4,plugin,TRUE,TRUE,FALSE,0.6965215954080625,0.2613171722842752,0.9851561574257589,17.368486294025903,2.440236975088848,0.9453169012438382,1.0097850613614028,2000,PPI++_crossfit
glm_correct,PPI++,100,0.4,plugin,FALSE,FALSE,FALSE,0.7806060906555916,0.22357513879766347,0.9671187463548981,17.057086100131947,1.8300883384915543,0.9659520331594825,1.0154746836726432,2000,PPI++_noncrossfit
glm_correct,PPI++,100,0.4,plugin,FALSE,FALSE,TRUE,0.7854537300317059,0.22163306892306595,0.968052863659294,17.08719441173925,1.8829279261718297,0.9649700402818863,1.0164555068422587,2000,PPI++_independent_split
glm_correct,PPI++,100,0.4,plugin,FALSE,TRUE,FALSE,0.7861659816874043,0.2265477264292535,0.9660527086927642,17.012824821430815,1.9396825015174033,0.9615069902323784,1.0143553441274025,2000,PPI++_crossfit
glm_correct,PPI++,100,0.4,plugin,TRUE,FALSE,FALSE,0.7806060906555916,0.22357513879766347,0.9671187463548981,17.057086100131947,1.8300883384915543,0.9659520331594825,1.0154746836726432,2000,PPI++_noncrossfit
glm_correct,PPI++,100,0.4,plugin,TRUE,FALSE,TRUE,0.7854537300317059,0.22163306892306595,0.968052863659294,17.08719441173925,1.8829279261718297,0.9649700402818863,1.0164555068422587,2000,PPI++_independent_split
glm_correct,PPI++,100,0.4,plugin,TRUE,TRUE,FALSE,0.7861659816874043,0.2265477264292535,0.9660527086927642,17.012824821430815,1.9396825015174033,0.9615069902323784,1.0143553441274025,2000,PPI++_crossfit
glm_correct,PPI++,150,0.4,plugin,FALSE,FALSE,FALSE,0.810353517897356,0.20024855509376288,0.9443354651935828,17.032209106555637,1.7303968659379463,0.968052297935601,1.0151606250831016,2000,PPI++_noncrossfit
glm_correct,PPI++,150,0.4,plugin,FALSE,FALSE,TRUE,0.8035319804191473,0.19802420302404047,0.9453083162161673,16.897757578676213,1.8305192610611094,0.96585248162913,1.0162064399323798,2000,PPI++_independent_split
glm_correct,PPI++,150,0.4,plugin,FALSE,TRUE,FALSE,0.8012531604378856,0.20470199595019822,0.9442301010209269,17.086765940553825,1.8714612468362846,0.9646678840924694,1.0150473585974964,2000,PPI++_crossfit
glm_correct,PPI++,150,0.4,plugin,TRUE,FALSE,FALSE,0.810353517897356,0.20024855509376288,0.9443354651935828,17.032209106555637,1.7303968659379463,0.968052297935601,1.0151606250831016,2000,PPI++_noncrossfit
glm_correct,PPI++,150,0.4,plugin,TRUE,FALSE,TRUE,0.8035319804191473,0.19802420302404047,0.9453083162161673,16.897757578676213,1.8305192610611094,0.96585248162913,1.0162064399323798,2000,PPI++_independent_split
glm_correct,PPI++,150,0.4,plugin,TRUE,TRUE,FALSE,0.8012531604378856,0.20470199595019822,0.9442301010209269,17.086765940553825,1.8714612468362846,0.9646678840924694,1.0150473585974964,2000,PPI++_crossfit
glm_correct,PPI++,200,0.4,plugin,FALSE,FALSE,FALSE,0.806999749776501,0.18676012551120658,0.9235037099796111,17.081440219421673,1.7606294412249832,0.9680065715868643,1.0158540809775722,2000,PPI++_noncrossfit
glm_correct,PPI++,200,0.4,plugin,FALSE,FALSE,TRUE,0.8174194347713876,0.18803328434028105,0.9234979902283623,16.919910521992787,1.7545918908059635,0.9677453212929374,1.0158477892511986,2000,PPI++_independent_split
glm_correct,PPI++,200,0.4,plugin,FALSE,TRUE,FALSE,0.818904270848704,0.1861806106736234,0.922223796494278,16.984630587744977,1.7434334571147996,0.9666596494498496,1.0144461761437058,2000,PPI++_crossfit
glm_correct,PPI++,200,0.4,plugin,TRUE,FALSE,FALSE,0.806999749776501,0.18676012551120658,0.9235037099796111,17.081440219421673,1.7606294412249832,0.9680065715868643,1.0158540809775722,2000,PPI++_noncrossfit
glm_correct,PPI++,200,0.4,plugin,TRUE,FALSE,TRUE,0.8174194347713876,0.18803328434028105,0.9234979902283623,16.919910521992787,1.7545918908059635,0.9677453212929374,1.0158477892511986,2000,PPI++_independent_split
glm_correct,PPI++,200,0.4,plugin,TRUE,TRUE,FALSE,0.818904270848704,0.1861806106736234,0.922223796494278,16.984630587744977,1.7434334571147996,0.9666596494498496,1.0144461761437058,2000,PPI++_crossfit
glm_correct,PPI++,300,0.4,plugin,FALSE,FALSE,FALSE,0.816366502213733,0.16761298321091644,0.8845518272534736,16.92028705774451,1.7368370919575467,0.9696097578446224,1.0172346013414946,2000,PPI++_noncrossfit
glm_correct,PPI++,300,0.4,plugin,FALSE,FALSE,TRUE,0.8105382238379253,0.16968319833865797,0.8845737707039035,17.075041451500223,1.7812420311321515,0.9685799641022974,1.017259836309489,2000,PPI++_independent_split
glm_correct,PPI++,300,0.4,plugin,FALSE,TRUE,FALSE,0.8055621637559176,0.1737292928818494,0.8849561655464278,17.032780574279585,1.8367471594188713,0.9677857598002145,1.0176995903783919,2000,PPI++_crossfit
glm_correct,PPI++,300,0.4,plugin,TRUE,FALSE,FALSE,0.816366502213733,0.16761298321091644,0.8845518272534736,16.92028705774451,1.7368370919575467,0.9696097578446224,1.0172346013414946,2000,PPI++_noncrossfit
glm_correct,PPI++,300,0.4,plugin,TRUE,FALSE,TRUE,0.8105382238379253,0.16968319833865797,0.8845737707039035,17.075041451500223,1.7812420311321515,0.9685799641022974,1.017259836309489,2000,PPI++_independent_split
glm_correct,PPI++,300,0.4,plugin,TRUE,TRUE,FALSE,0.8055621637559176,0.1737292928818494,0.8849561655464278,17.032780574279585,1.8367471594188713,0.9677857598002145,1.0176995903783919,2000,PPI++_crossfit
glm_mis,PPI,50,0.4,plugin,FALSE,FALSE,FALSE,1,0,1.0608301851420936,10.95060421049428,9.33014872643282,0.7463313489850375,1.0873509397706458,2000,PPI_noncrossfit
glm_mis,PPI,50,0.4,plugin,FALSE,FALSE,TRUE,1,0,1.0608301851420936,10.95060421049428,9.33014872643282,0.7463313489850375,1.0873509397706458,2000,PPI_noncrossfit
glm_mis,PPI,50,0.4,plugin,FALSE,TRUE,FALSE,1,0,1.0608301851420936,10.95060421049428,9.33014872643282,0.7463313489850375,1.0873509397706458,2000,PPI_noncrossfit
glm_mis,PPI,50,0.4,plugin,TRUE,FALSE,FALSE,1,0,0.9200807205999597,9.30785165447589,9.30305219974046,0.6926600890290265,0.9430827386149586,2000,PPI_crossfit
glm_mis,PPI,50,0.4,plugin,TRUE,FALSE,TRUE,1,0,0.9200807205999597,9.30785165447589,9.30305219974046,0.6926600890290265,0.9430827386149586,2000,PPI_crossfit
glm_mis,PPI,50,0.4,plugin,TRUE,TRUE,FALSE,1,0,0.9200807205999597,9.30785165447589,9.30305219974046,0.6926600890290265,0.9430827386149586,2000,PPI_crossfit
glm_mis,PPI,100,0.4,plugin,FALSE,FALSE,FALSE,1,0,1.0350795202775478,10.177452776173043,9.284794534731224,0.7532908951812136,1.0868334962914252,2000,PPI_noncrossfit
glm_mis,PPI,100,0.4,plugin,FALSE,FALSE,TRUE,1,0,1.0350795202775478,10.177452776173043,9.284794534731224,0.7532908951812136,1.0868334962914252,2000,PPI_noncrossfit
glm_mis,PPI,100,0.4,plugin,FALSE,TRUE,FALSE,1,0,1.0350795202775478,10.177452776173043,9.284794534731224,0.7532908951812136,1.0868334962914252,2000,PPI_noncrossfit
glm_mis,PPI,100,0.4,plugin,TRUE,FALSE,FALSE,1,0,0.9185219905166081,10.015987111818617,9.616396779074945,0.7058003766413335,0.9644480900424386,2000,PPI_crossfit
glm_mis,PPI,100,0.4,plugin,TRUE,FALSE,TRUE,1,0,0.9185219905166081,10.015987111818617,9.616396779074945,0.7058003766413335,0.9644480900424386,2000,PPI_crossfit
glm_mis,PPI,100,0.4,plugin,TRUE,TRUE,FALSE,1,0,0.9185219905166081,10.015987111818617,9.616396779074945,0.7058003766413335,0.9644480900424386,2000,PPI_crossfit
glm_mis,PPI,150,0.4,plugin,FALSE,FALSE,FALSE,1,0,0.9772192052344061,10.314694552323946,8.791159780953311,0.7517249303590751,1.0505106456269866,2000,PPI_noncrossfit
glm_mis,PPI,150,0.4,plugin,FALSE,FALSE,TRUE,1,0,0.9772192052344061,10.314694552323946,8.791159780953311,0.7517249303590751,1.0505106456269866,2000,PPI_noncrossfit
glm_mis,PPI,150,0.4,plugin,FALSE,TRUE,FALSE,1,0,0.9772192052344061,10.314694552323946,8.791159780953311,0.7517249303590751,1.0505106456269866,2000,PPI_noncrossfit
glm_mis,PPI,150,0.4,plugin,TRUE,FALSE,FALSE,1,0,0.9090405106383674,9.934372447605242,8.905466220066446,0.7209874222024113,0.977218548936245,2000,PPI_crossfit
glm_mis,PPI,150,0.4,plugin,TRUE,FALSE,TRUE,1,0,0.9090405106383674,9.934372447605242,8.905466220066446,0.7209874222024113,0.977218548936245,2000,PPI_crossfit
glm_mis,PPI,150,0.4,plugin,TRUE,TRUE,FALSE,1,0,0.9090405106383674,9.934372447605242,8.905466220066446,0.7209874222024113,0.977218548936245,2000,PPI_crossfit
glm_mis,PPI,200,0.4,plugin,FALSE,FALSE,FALSE,1,0,0.9488748882051056,10.17826812183268,8.870314995751736,0.7486061508357796,1.0437623770256161,2000,PPI_noncrossfit
glm_mis,PPI,200,0.4,plugin,FALSE,FALSE,TRUE,1,0,0.9488748882051056,10.17826812183268,8.870314995751736,0.7486061508357796,1.0437623770256161,2000,PPI_noncrossfit
glm_mis,PPI,200,0.4,plugin,FALSE,TRUE,FALSE,1,0,0.9488748882051056,10.17826812183268,8.870314995751736,0.7486061508357796,1.0437623770256161,2000,PPI_noncrossfit
glm_mis,PPI,200,0.4,plugin,TRUE,FALSE,FALSE,1,0,0.892351632619633,10.02057896051697,8.863465706700492,0.7249935637558934,0.9815867958815964,2000,PPI_crossfit
glm_mis,PPI,200,0.4,plugin,TRUE,FALSE,TRUE,1,0,0.892351632619633,10.02057896051697,8.863465706700492,0.7249935637558934,0.9815867958815964,2000,PPI_crossfit
glm_mis,PPI,200,0.4,plugin,TRUE,TRUE,FALSE,1,0,0.892351632619633,10.02057896051697,8.863465706700492,0.7249935637558934,0.9815867958815964,2000,PPI_crossfit
glm_mis,PPI,300,0.4,plugin,FALSE,FALSE,FALSE,1,0,0.8927897157583149,10.33500780852401,8.367328785897534,0.7506892510289755,1.026708173122062,2000,PPI_noncrossfit
glm_mis,PPI,300,0.4,plugin,FALSE,FALSE,TRUE,1,0,0.8927897157583149,10.33500780852401,8.367328785897534,0.7506892510289755,1.026708173122062,2000,PPI_noncrossfit
glm_mis,PPI,300,0.4,plugin,FALSE,TRUE,FALSE,1,0,0.8927897157583149,10.33500780852401,8.367328785897534,0.7506892510289755,1.026708173122062,2000,PPI_noncrossfit
glm_mis,PPI,300,0.4,plugin,TRUE,FALSE,FALSE,1,0,0.8584148208866758,9.920563382609116,8.544188195513868,0.7305949729344713,0.987177044019677,2000,PPI_crossfit
glm_mis,PPI,300,0.4,plugin,TRUE,FALSE,TRUE,1,0,0.8584148208866758,9.920563382609116,8.544188195513868,0.7305949729344713,0.987177044019677,2000,PPI_crossfit
glm_mis,PPI,300,0.4,plugin,TRUE,TRUE,FALSE,1,0,0.8584148208866758,9.920563382609116,8.544188195513868,0.7305949729344713,0.987177044019677,2000,PPI_crossfit
glm_mis,PPI++,50,0.4,plugin,FALSE,FALSE,FALSE,0.9135420813896379,0.11043714709452548,0.9786371048070943,10.674146078605297,7.348220233686617,0.7817471157552551,1.0031030324272716,2000,PPI++_noncrossfit
glm_mis,PPI++,50,0.4,plugin,FALSE,FALSE,TRUE,0.8034445095710799,0.23860347336761784,1.0468137404469968,10.95060421049428,8.165501216133535,0.7463313489850375,1.0729840839581717,2000,PPI++_independent_split
glm_mis,PPI++,50,0.4,plugin,FALSE,TRUE,FALSE,0.8588564827099322,0.1444919718989845,0.9187243716974226,9.30785165447589,9.148130848238004,0.6926600890290265,0.9416924809898581,2000,PPI++_crossfit
glm_mis,PPI++,50,0.4,plugin,TRUE,FALSE,FALSE,0.9135420813896379,0.11043714709452548,0.9786371048070943,10.674146078605297,7.348220233686617,0.7817471157552551,1.0031030324272716,2000,PPI++_noncrossfit
glm_mis,PPI++,50,0.4,plugin,TRUE,FALSE,TRUE,0.8034445095710799,0.23860347336761784,1.0468137404469968,10.95060421049428,8.165501216133535,0.7463313489850375,1.0729840839581717,2000,PPI++_independent_split
glm_mis,PPI++,50,0.4,plugin,TRUE,TRUE,FALSE,0.8588564827099322,0.1444919718989845,0.9187243716974226,9.30785165447589,9.148130848238004,0.6926600890290265,0.9416924809898581,2000,PPI++_crossfit
glm_mis,PPI++,100,0.4,plugin,FALSE,FALSE,FALSE,0.9260003319812257,0.08057076505735299,0.956312234834579,10.213568879433732,7.45112716915437,0.7703508027142775,1.004127846576308,2000,PPI++_noncrossfit
glm_mis,PPI++,100,0.4,plugin,FALSE,FALSE,TRUE,0.8669823280481164,0.17448786781166786,1.028048892953238,10.177452776173043,8.763625262561181,0.7532908951812136,1.0794513376009,2000,PPI++_independent_split
glm_mis,PPI++,100,0.4,plugin,FALSE,TRUE,FALSE,0.8806361904081624,0.11353964343023633,0.9190730176374564,10.015987111818617,9.574022553031474,0.7058003766413335,0.9650266685193293,2000,PPI++_crossfit
glm_mis,PPI++,100,0.4,plugin,TRUE,FALSE,FALSE,0.9260003319812257,0.08057076505735299,0.956312234834579,10.213568879433732,7.45112716915437,0.7703508027142775,1.004127846576308,2000,PPI++_noncrossfit
glm_mis,PPI++,100,0.4,plugin,TRUE,FALSE,TRUE,0.8669823280481164,0.17448786781166786,1.028048892953238,10.177452776173043,8.763625262561181,0.7532908951812136,1.0794513376009,2000,PPI++_independent_split
glm_mis,PPI++,100,0.4,plugin,TRUE,TRUE,FALSE,0.8806361904081624,0.11353964343023633,0.9190730176374564,10.015987111818617,9.574022553031474,0.7058003766413335,0.9650266685193293,2000,PPI++_crossfit
glm_mis,PPI++,150,0.4,plugin,FALSE,FALSE,FALSE,0.9228926200896914,0.07549121372195332,0.9347771126244827,10.286999928940123,7.931804348136333,0.7633448424535888,1.0048853960713189,2000,PPI++_noncrossfit
glm_mis,PPI++,150,0.4,plugin,FALSE,FALSE,TRUE,0.8642714539195373,0.15877496502664293,0.9725252020098659,10.314694552323946,8.43561836417465,0.7517249303590751,1.0454645921606058,2000,PPI++_independent_split
glm_mis,PPI++,150,0.4,plugin,FALSE,TRUE,FALSE,0.8856909814305847,0.0900113546170211,0.9107393681733278,9.934372447605242,8.944838033500561,0.7209874222024113,0.9790448207863274,2000,PPI++_crossfit
glm_mis,PPI++,150,0.4,plugin,TRUE,FALSE,FALSE,0.9228926200896914,0.07549121372195332,0.9347771126244827,10.286999928940123,7.931804348136333,0.7633448424535888,1.0048853960713189,2000,PPI++_noncrossfit
glm_mis,PPI++,150,0.4,plugin,TRUE,FALSE,TRUE,0.8642714539195373,0.15877496502664293,0.9725252020098659,10.314694552323946,8.43561836417465,0.7517249303590751,1.0454645921606058,2000,PPI++_independent_split
glm_mis,PPI++,150,0.4,plugin,TRUE,TRUE,FALSE,0.8856909814305847,0.0900113546170211,0.9107393681733278,9.934372447605242,8.944838033500561,0.7209874222024113,0.9790448207863274,2000,PPI++_crossfit
glm_mis,PPI++,200,0.4,plugin,FALSE,FALSE,FALSE,0.9007816436268994,0.07072536208864925,0.9115500267136732,10.036803693791994,7.860346969153956,0.7570152507347321,1.0027050293850406,2000,PPI++_noncrossfit
glm_mis,PPI++,200,0.4,plugin,FALSE,FALSE,TRUE,0.8648860909082872,0.15510375338495153,0.9455045255557846,10.17826812183268,8.636420561558207,0.7486061508357796,1.040054978111363,2000,PPI++_independent_split
glm_mis,PPI++,200,0.4,plugin,FALSE,TRUE,FALSE,0.8778083202337796,0.08081391289739495,0.894418453741821,10.02057896051697,8.920815669391398,0.7249935637558934,0.9838602991160031,2000,PPI++_crossfit
glm_mis,PPI++,200,0.4,plugin,TRUE,FALSE,FALSE,0.9007816436268994,0.07072536208864925,0.9115500267136732,10.036803693791994,7.860346969153956,0.7570152507347321,1.0027050293850406,2000,PPI++_noncrossfit
glm_mis,PPI++,200,0.4,plugin,TRUE,FALSE,TRUE,0.8648860909082872,0.15510375338495153,0.9455045255557846,10.17826812183268,8.636420561558207,0.7486061508357796,1.040054978111363,2000,PPI++_independent_split
glm_mis,PPI++,200,0.4,plugin,TRUE,TRUE,FALSE,0.8778083202337796,0.08081391289739495,0.894418453741821,10.02057896051697,8.920815669391398,0.7249935637558934,0.9838602991160031,2000,PPI++_crossfit
glm_mis,PPI++,300,0.4,plugin,FALSE,FALSE,FALSE,0.8732679488581395,0.06347973682219918,0.8751287131093316,10.127056582663553,8.127958063122882,0.7548088451927707,1.0063980200757312,2000,PPI++_noncrossfit
glm_mis,PPI++,300,0.4,plugin,FALSE,FALSE,TRUE,0.8470863580947836,0.14735735544489045,0.8914948828778654,10.33500780852401,8.222052900942833,0.7506892510289755,1.0252191153095451,2000,PPI++_independent_split
glm_mis,PPI++,300,0.4,plugin,FALSE,TRUE,FALSE,0.8503992802908061,0.06756940180306299,0.8621278588782704,9.920563382609116,8.677644549900963,0.7305949729344713,0.9914470377100109,2000,PPI++_crossfit
glm_mis,PPI++,300,0.4,plugin,TRUE,FALSE,FALSE,0.8732679488581395,0.06347973682219918,0.8751287131093316,10.127056582663553,8.127958063122882,0.7548088451927707,1.0063980200757312,2000,PPI++_noncrossfit
glm_mis,PPI++,300,0.4,plugin,TRUE,FALSE,TRUE,0.8470863580947836,0.14735735544489045,0.8914948828778654,10.33500780852401,8.222052900942833,0.7506892510289755,1.0252191153095451,2000,PPI++_independent_split
glm_mis,PPI++,300,0.4,plugin,TRUE,TRUE,FALSE,0.8503992802908061,0.06756940180306299,0.8621278588782704,9.920563382609116,8.677644549900963,0.7305949729344713,0.9914470377100109,2000,PPI++_crossfit
glm_wrong,PPI,50,0.4,plugin,FALSE,FALSE,FALSE,1,0,-0.11502134791578726,3.9766533701938345,19.18886008203925,0.10975625364074694,-0.11789688161368193,2000,PPI_noncrossfit
glm_wrong,PPI,50,0.4,plugin,FALSE,FALSE,TRUE,1,0,-0.11502134791578726,3.9766533701938345,19.18886008203925,0.10975625364074694,-0.11789688161368193,2000,PPI_noncrossfit
glm_wrong,PPI,50,0.4,plugin,FALSE,TRUE,FALSE,1,0,-0.11502134791578726,3.9766533701938345,19.18886008203925,0.10975625364074694,-0.11789688161368193,2000,PPI_noncrossfit
glm_wrong,PPI,50,0.4,plugin,TRUE,FALSE,FALSE,1,0,-3.3166236467675274,2.224195111071368,19.54783694117615,0.045099874840475576,-3.399539237936715,2000,PPI_crossfit
glm_wrong,PPI,50,0.4,plugin,TRUE,FALSE,TRUE,1,0,-3.3166236467675274,2.224195111071368,19.54783694117615,0.045099874840475576,-3.399539237936715,2000,PPI_crossfit
glm_wrong,PPI,50,0.4,plugin,TRUE,TRUE,FALSE,1,0,-3.3166236467675274,2.224195111071368,19.54783694117615,0.045099874840475576,-3.399539237936715,2000,PPI_crossfit
glm_wrong,PPI,100,0.4,plugin,FALSE,FALSE,FALSE,1,0,-0.9221089946233382,2.4514312041744244,19.070390885898483,0.1460423151502902,-0.9682144443545051,2000,PPI_noncrossfit
glm_wrong,PPI,100,0.4,plugin,FALSE,FALSE,TRUE,1,0,-0.9221089946233382,2.4514312041744244,19.070390885898483,0.1460423151502902,-0.9682144443545051,2000,PPI_noncrossfit
glm_wrong,PPI,100,0.4,plugin,FALSE,TRUE,FALSE,1,0,-0.9221089946233382,2.4514312041744244,19.070390885898483,0.1460423151502902,-0.9682144443545051,2000,PPI_noncrossfit
glm_wrong,PPI,100,0.4,plugin,TRUE,FALSE,FALSE,1,0,-1.1383588415356356,1.7248281787765,19.62469135128211,0.08995317917038036,-1.1952767836124174,2000,PPI_crossfit
glm_wrong,PPI,100,0.4,plugin,TRUE,FALSE,TRUE,1,0,-1.1383588415356356,1.7248281787765,19.62469135128211,0.08995317917038036,-1.1952767836124174,2000,PPI_crossfit
glm_wrong,PPI,100,0.4,plugin,TRUE,TRUE,FALSE,1,0,-1.1383588415356356,1.7248281787765,19.62469135128211,0.08995317917038036,-1.1952767836124174,2000,PPI_crossfit
glm_wrong,PPI,150,0.4,plugin,FALSE,FALSE,FALSE,1,0,-0.1617908773860897,2.1678868932785846,18.39970295822242,0.1449831584021033,-0.17392519319004643,2000,PPI_noncrossfit
glm_wrong,PPI,150,0.4,plugin,FALSE,FALSE,TRUE,1,0,-0.1617908773860897,2.1678868932785846,18.39970295822242,0.1449831584021033,-0.17392519319004643,2000,PPI_noncrossfit
glm_wrong,PPI,150,0.4,plugin,FALSE,TRUE,FALSE,1,0,-0.1617908773860897,2.1678868932785846,18.39970295822242,0.1449831584021033,-0.17392519319004643,2000,PPI_noncrossfit
glm_wrong,PPI,150,0.4,plugin,TRUE,FALSE,FALSE,1,0,-1.1426563107524956,1.5854004562018305,18.45895107026343,0.11790977125316189,-1.2283555340589327,2000,PPI_crossfit
glm_wrong,PPI,150,0.4,plugin,TRUE,FALSE,TRUE,1,0,-1.1426563107524956,1.5854004562018305,18.45895107026343,0.11790977125316189,-1.2283555340589327,2000,PPI_crossfit
glm_wrong,PPI,150,0.4,plugin,TRUE,TRUE,FALSE,1,0,-1.1426563107524956,1.5854004562018305,18.45895107026343,0.11790977125316189,-1.2283555340589327,2000,PPI_crossfit
glm_wrong,PPI,200,0.4,plugin,FALSE,FALSE,FALSE,1,0,1.6745460836188717,1.877533637425832,18.233843319237018,0.1938317683593904,1.842000691980759,2000,PPI_noncrossfit
glm_wrong,PPI,200,0.4,plugin,FALSE,FALSE,TRUE,1,0,1.6745460836188717,1.877533637425832,18.233843319237018,0.1938317683593904,1.842000691980759,2000,PPI_noncrossfit
glm_wrong,PPI,200,0.4,plugin,FALSE,TRUE,FALSE,1,0,1.6745460836188717,1.877533637425832,18.233843319237018,0.1938317683593904,1.842000691980759,2000,PPI_noncrossfit
glm_wrong,PPI,200,0.4,plugin,TRUE,FALSE,FALSE,1,0,-0.30332836103083055,1.558520658691212,18.372817432274765,0.1390226974626022,-0.3336611971339136,2000,PPI_crossfit
glm_wrong,PPI,200,0.4,plugin,TRUE,FALSE,TRUE,1,0,-0.30332836103083055,1.558520658691212,18.372817432274765,0.1390226974626022,-0.3336611971339136,2000,PPI_crossfit
glm_wrong,PPI,200,0.4,plugin,TRUE,TRUE,FALSE,1,0,-0.30332836103083055,1.558520658691212,18.372817432274765,0.1390226974626022,-0.3336611971339136,2000,PPI_crossfit
glm_wrong,PPI,300,0.4,plugin,FALSE,FALSE,FALSE,1,0,1.2869090367707792,1.86532785155277,17.68939368646203,0.2005565881646785,1.4799453922863959,2000,PPI_noncrossfit
glm_wrong,PPI,300,0.4,plugin,FALSE,FALSE,TRUE,1,0,1.2869090367707792,1.86532785155277,17.68939368646203,0.2005565881646785,1.4799453922863959,2000,PPI_noncrossfit
glm_wrong,PPI,300,0.4,plugin,FALSE,TRUE,FALSE,1,0,1.2869090367707792,1.86532785155277,17.68939368646203,0.2005565881646785,1.4799453922863959,2000,PPI_noncrossfit
glm_wrong,PPI,300,0.4,plugin,TRUE,FALSE,FALSE,1,0,-0.6395509128637544,1.3238043361355378,17.89082150311964,0.14862546651250297,-0.7354835497933175,2000,PPI_crossfit
glm_wrong,PPI,300,0.4,plugin,TRUE,FALSE,TRUE,1,0,-0.6395509128637544,1.3238043361355378,17.89082150311964,0.14862546651250297,-0.7354835497933175,2000,PPI_crossfit
glm_wrong,PPI,300,0.4,plugin,TRUE,TRUE,FALSE,1,0,-0.6395509128637544,1.3238043361355378,17.89082150311964,0.14862546651250297,-0.7354835497933175,2000,PPI_crossfit
glm_wrong,PPI++,50,0.4,plugin,FALSE,FALSE,FALSE,0.8372484946329877,0.18950585042717683,0.9610822053847903,2.845381805094409,15.9077609906214,0.3217273536800976,0.98510926051941,2000,PPI++_noncrossfit
glm_wrong,PPI++,50,0.4,plugin,FALSE,FALSE,TRUE,0.4091717704574677,0.41782346779964485,-0.08040515864707719,3.9766533701938345,15.805136399441924,0.10975625364074694,-0.0824152876132541,2000,PPI++_independent_split
glm_wrong,PPI++,50,0.4,plugin,FALSE,TRUE,FALSE,0.31985327316757084,0.37034786640906986,-2.63130108013816,2.224195111071368,16.027711537525033,0.045099874840475576,-2.697083607141614,2000,PPI++_crossfit
glm_wrong,PPI++,50,0.4,plugin,TRUE,FALSE,FALSE,0.8372484946329877,0.18950585042717683,0.9610822053847903,2.845381805094409,15.9077609906214,0.3217273536800976,0.98510926051941,2000,PPI++_noncrossfit
glm_wrong,PPI++,50,0.4,plugin,TRUE,FALSE,TRUE,0.4091717704574677,0.41782346779964485,-0.08040515864707719,3.9766533701938345,15.805136399441924,0.10975625364074694,-0.0824152876132541,2000,PPI++_independent_split
glm_wrong,PPI++,50,0.4,plugin,TRUE,TRUE,FALSE,0.31985327316757084,0.37034786640906986,-2.63130108013816,2.224195111071368,16.027711537525033,0.045099874840475576,-2.697083607141614,2000,PPI++_crossfit
glm_wrong,PPI++,100,0.4,plugin,FALSE,FALSE,FALSE,0.8813727178442189,0.14348623558845627,0.9597440891553891,1.865997888414792,16.14947312179691,0.27210067685466705,1.0077312936131586,2000,PPI++_noncrossfit
glm_wrong,PPI++,100,0.4,plugin,FALSE,FALSE,TRUE,0.49208559983513367,0.418124773207987,-0.9056908708282456,2.4514312041744244,17.50224467337231,0.1460423151502902,-0.9509754143696579,2000,PPI++_independent_split
glm_wrong,PPI++,100,0.4,plugin,FALSE,TRUE,FALSE,0.3996341975497102,0.39407452019327344,-0.9962401011050138,1.7248281787765,17.689863657245958,0.08995317917038036,-1.0460521061602646,2000,PPI++_crossfit
glm_wrong,PPI++,100,0.4,plugin,TRUE,FALSE,FALSE,0.8813727178442189,0.14348623558845627,0.9597440891553891,1.865997888414792,16.14947312179691,0.27210067685466705,1.0077312936131586,2000,PPI++_noncrossfit
glm_wrong,PPI++,100,0.4,plugin,TRUE,FALSE,TRUE,0.49208559983513367,0.418124773207987,-0.9056908708282456,2.4514312041744244,17.50224467337231,0.1460423151502902,-0.9509754143696579,2000,PPI++_independent_split
glm_wrong,PPI++,100,0.4,plugin,TRUE,TRUE,FALSE,0.3996341975497102,0.39407452019327344,-0.9962401011050138,1.7248281787765,17.689863657245958,0.08995317917038036,-1.0460521061602646,2000,PPI++_crossfit
glm_wrong,PPI++,150,0.4,plugin,FALSE,FALSE,FALSE,0.8832779108648541,0.126758751358732,0.9329644215976983,1.7203744250385824,16.804832544106066,0.2614422065791154,1.0029367532175257,2000,PPI++_noncrossfit
glm_wrong,PPI++,150,0.4,plugin,FALSE,FALSE,TRUE,0.5359786296676898,0.408375209561262,-0.14192851938069143,2.1678868932785846,17.153831621840574,0.1449831584021033,-0.1525731583342433,2000,PPI++_independent_split
glm_wrong,PPI++,150,0.4,plugin,FALSE,TRUE,FALSE,0.45652852912966235,0.36667592202924837,-1.0244729688874765,1.5854004562018305,17.234132501288283,0.11790977125316189,-1.1013084415540373,2000,PPI++_crossfit
glm_wrong,PPI++,150,0.4,plugin,TRUE,FALSE,FALSE,0.8832779108648541,0.126758751358732,0.9329644215976983,1.7203744250385824,16.804832544106066,0.2614422065791154,1.0029367532175257,2000,PPI++_noncrossfit
glm_wrong,PPI++,150,0.4,plugin,TRUE,FALSE,TRUE,0.5359786296676898,0.408375209561262,-0.14192851938069143,2.1678868932785846,17.153831621840574,0.1449831584021033,-0.1525731583342433,2000,PPI++_independent_split
glm_wrong,PPI++,150,0.4,plugin,TRUE,TRUE,FALSE,0.45652852912966235,0.36667592202924837,-1.0244729688874765,1.5854004562018305,17.234132501288283,0.11790977125316189,-1.1013084415540373,2000,PPI++_crossfit
glm_wrong,PPI++,200,0.4,plugin,FALSE,FALSE,FALSE,0.8790989311805764,0.11315977256051198,0.9086073783092667,1.5257076763067248,16.36865782187432,0.2547972777669294,0.9994681161401935,2000,PPI++_noncrossfit
glm_wrong,PPI++,200,0.4,plugin,FALSE,FALSE,TRUE,0.5999734193126601,0.39033525595644564,1.6791056641683426,1.877533637425832,17.418796055537488,0.1938317683593904,1.847016230585177,2000,PPI++_independent_split
glm_wrong,PPI++,200,0.4,plugin,FALSE,TRUE,FALSE,0.49947260774061625,0.36603364654925324,-0.24725149306493166,1.558520658691212,17.31778825764133,0.1390226974626022,-0.2719766423714248,2000,PPI++_crossfit
glm_wrong,PPI++,200,0.4,plugin,TRUE,FALSE,FALSE,0.8790989311805764,0.11315977256051198,0.9086073783092667,1.5257076763067248,16.36865782187432,0.2547972777669294,0.9994681161401935,2000,PPI++_noncrossfit
glm_wrong,PPI++,200,0.4,plugin,TRUE,FALSE,TRUE,0.5999734193126601,0.39033525595644564,1.6791056641683426,1.877533637425832,17.418796055537488,0.1938317683593904,1.847016230585177,2000,PPI++_independent_split
glm_wrong,PPI++,200,0.4,plugin,TRUE,TRUE,FALSE,0.49947260774061625,0.36603364654925324,-0.24725149306493166,1.558520658691212,17.31778825764133,0.1390226974626022,-0.2719766423714248,2000,PPI++_crossfit
glm_wrong,PPI++,300,0.4,plugin,FALSE,FALSE,FALSE,0.8641005412695124,0.11144685825973398,0.8742584710030054,1.2719538446756677,16.98066157209321,0.23918374767086176,1.005397241653456,2000,PPI++_noncrossfit
glm_wrong,PPI++,300,0.4,plugin,FALSE,FALSE,TRUE,0.610430191674531,0.367401962502341,1.2887067842861601,1.86532785155277,16.97564229101663,0.2005565881646785,1.482012801929084,2000,PPI++_independent_split
glm_wrong,PPI++,300,0.4,plugin,FALSE,TRUE,FALSE,0.5168501378593445,0.3291313335585394,-0.5998333374224026,1.3238043361355378,17.246620450761423,0.14862546651250297,-0.6898083380357629,2000,PPI++_crossfit
glm_wrong,PPI++,300,0.4,plugin,TRUE,FALSE,FALSE,0.8641005412695124,0.11144685825973398,0.8742584710030054,1.2719538446756677,16.98066157209321,0.23918374767086176,1.005397241653456,2000,PPI++_noncrossfit
glm_wrong,PPI++,300,0.4,plugin,TRUE,FALSE,TRUE,0.610430191674531,0.367401962502341,1.2887067842861601,1.86532785155277,16.97564229101663,0.2005565881646785,1.482012801929084,2000,PPI++_independent_split
glm_wrong,PPI++,300,0.4,plugin,TRUE,TRUE,FALSE,0.5168501378593445,0.3291313335585394,-0.5998333374224026,1.3238043361355378,17.246620450761423,0.14862546651250297,-0.6898083380357629,2000,PPI++_crossfit
rf,PPI,50,0.4,plugin,FALSE,FALSE,FALSE,1,0,1.3938379430198362,3.4346514118856715,11.502886598053085,0.6770690093476815,1.428683891595332,2000,PPI_noncrossfit
rf,PPI,50,0.4,plugin,FALSE,FALSE,TRUE,1,0,1.3938379430198362,3.4346514118856715,11.502886598053085,0.6770690093476815,1.428683891595332,2000,PPI_noncrossfit
rf,PPI,50,0.4,plugin,FALSE,TRUE,FALSE,1,0,1.3938379430198362,3.4346514118856715,11.502886598053085,0.6770690093476815,1.428683891595332,2000,PPI_noncrossfit
rf,PPI,50,0.4,plugin,TRUE,FALSE,FALSE,1,0,1.2512542527909447,2.7481640567152574,12.341594290579799,0.605143316933494,1.2825356091107183,2000,PPI_crossfit
rf,PPI,50,0.4,plugin,TRUE,FALSE,TRUE,1,0,1.2512542527909447,2.7481640567152574,12.341594290579799,0.605143316933494,1.2825356091107183,2000,PPI_crossfit
rf,PPI,50,0.4,plugin,TRUE,TRUE,FALSE,1,0,1.2512542527909447,2.7481640567152574,12.341594290579799,0.605143316933494,1.2825356091107183,2000,PPI_crossfit
rf,PPI,100,0.4,plugin,FALSE,FALSE,FALSE,1,0,1.234940976199547,4.8522787684930035,8.817602115940273,0.7700195777063111,1.2966880250095243,2000,PPI_noncrossfit
rf,PPI,100,0.4,plugin,FALSE,FALSE,TRUE,1,0,1.234940976199547,4.8522787684930035,8.817602115940273,0.7700195777063111,1.2966880250095243,2000,PPI_noncrossfit
rf,PPI,100,0.4,plugin,FALSE,TRUE,FALSE,1,0,1.234940976199547,4.8522787684930035,8.817602115940273,0.7700195777063111,1.2966880250095243,2000,PPI_noncrossfit
rf,PPI,100,0.4,plugin,TRUE,FALSE,FALSE,1,0,1.213839010745785,4.0608517295174975,9.370006509809686,0.7411223028680717,1.2745309612830744,2000,PPI_crossfit
rf,PPI,100,0.4,plugin,TRUE,FALSE,TRUE,1,0,1.213839010745785,4.0608517295174975,9.370006509809686,0.7411223028680717,1.2745309612830744,2000,PPI_crossfit
rf,PPI,100,0.4,plugin,TRUE,TRUE,FALSE,1,0,1.213839010745785,4.0608517295174975,9.370006509809686,0.7411223028680717,1.2745309612830744,2000,PPI_crossfit
rf,PPI,150,0.4,plugin,FALSE,FALSE,FALSE,1,0,1.1536389923466672,5.6880652985011935,7.807310951255611,0.8086902096172435,1.2401619167726672,2000,PPI_noncrossfit
rf,PPI,150,0.4,plugin,FALSE,FALSE,TRUE,1,0,1.1536389923466672,5.6880652985011935,7.807310951255611,0.8086902096172435,1.2401619167726672,2000,PPI_noncrossfit
rf,PPI,150,0.4,plugin,FALSE,TRUE,FALSE,1,0,1.1536389923466672,5.6880652985011935,7.807310951255611,0.8086902096172435,1.2401619167726672,2000,PPI_noncrossfit
rf,PPI,150,0.4,plugin,TRUE,FALSE,FALSE,1,0,1.1398105652503359,4.997570334622604,7.725611906977773,0.792587543041049,1.2252963576441112,2000,PPI_crossfit
rf,PPI,150,0.4,plugin,TRUE,FALSE,TRUE,1,0,1.1398105652503359,4.997570334622604,7.725611906977773,0.792587543041049,1.2252963576441112,2000,PPI_crossfit
rf,PPI,150,0.4,plugin,TRUE,TRUE,FALSE,1,0,1.1398105652503359,4.997570334622604,7.725611906977773,0.792587543041049,1.2252963576441112,2000,PPI_crossfit
rf,PPI,200,0.4,plugin,FALSE,FALSE,FALSE,1,0,1.0985692200744313,6.220336700468201,7.2709891031864755,0.8273193793327066,1.2084261420818745,2000,PPI_noncrossfit
rf,PPI,200,0.4,plugin,FALSE,FALSE,TRUE,1,0,1.0985692200744313,6.220336700468201,7.2709891031864755,0.8273193793327066,1.2084261420818745,2000,PPI_noncrossfit
rf,PPI,200,0.4,plugin,FALSE,TRUE,FALSE,1,0,1.0985692200744313,6.220336700468201,7.2709891031864755,0.8273193793327066,1.2084261420818745,2000,PPI_noncrossfit
rf,PPI,200,0.4,plugin,TRUE,FALSE,FALSE,1,0,1.0791767389359075,5.7473655632732035,6.875760182073053,0.8188243425334224,1.1870944128294982,2000,PPI_crossfit
rf,PPI,200,0.4,plugin,TRUE,FALSE,TRUE,1,0,1.0791767389359075,5.7473655632732035,6.875760182073053,0.8188243425334224,1.1870944128294982,2000,PPI_crossfit
rf,PPI,200,0.4,plugin,TRUE,TRUE,FALSE,1,0,1.0791767389359075,5.7473655632732035,6.875760182073053,0.8188243425334224,1.1870944128294982,2000,PPI_crossfit
rf,PPI,300,0.4,plugin,FALSE,FALSE,FALSE,1,0,1.0052953917181426,7.266002149558178,6.070504842566357,0.8564892250430831,1.156089700475864,2000,PPI_noncrossfit
rf,PPI,300,0.4,plugin,FALSE,FALSE,TRUE,1,0,1.0052953917181426,7.266002149558178,6.070504842566357,0.8564892250430831,1.156089700475864,2000,PPI_noncrossfit
rf,PPI,300,0.4,plugin,FALSE,TRUE,FALSE,1,0,1.0052953917181426,7.266002149558178,6.070504842566357,0.8564892250430831,1.156089700475864,2000,PPI_noncrossfit
rf,PPI,300,0.4,plugin,TRUE,FALSE,FALSE,1,0,0.9986505708160759,6.876177764128055,5.860244439323317,0.8531774770242612,1.1484481564384872,2000,PPI_crossfit
rf,PPI,300,0.4,plugin,TRUE,FALSE,TRUE,1,0,0.9986505708160759,6.876177764128055,5.860244439323317,0.8531774770242612,1.1484481564384872,2000,PPI_crossfit
rf,PPI,300,0.4,plugin,TRUE,TRUE,FALSE,1,0,0.9986505708160759,6.876177764128055,5.860244439323317,0.8531774770242612,1.1484481564384872,2000,PPI_crossfit
rf,PPI++,50,0.4,plugin,FALSE,FALSE,FALSE,1,0,1.11427330854341,4.777077988014123,1.9953547565202021,0.9718057076060602,1.142130141256995,2000,PPI++_noncrossfit
rf,PPI++,50,0.4,plugin,FALSE,FALSE,TRUE,0.9247550221518794,0.1643144361779588,1.395830121463752,3.4346514118856715,11.51423596910925,0.6770690093476815,1.4307258745003457,2000,PPI++_independent_split
rf,PPI++,50,0.4,plugin,FALSE,TRUE,FALSE,0.9495508537883688,0.14754145875353197,1.2513959208024206,2.7481640567152574,12.263715255650338,0.605143316933494,1.282680818822481,2000,PPI++_crossfit
rf,PPI++,50,0.4,plugin,TRUE,FALSE,FALSE,1,0,1.11427330854341,4.777077988014123,1.9953547565202021,0.9718057076060602,1.142130141256995,2000,PPI++_noncrossfit
rf,PPI++,50,0.4,plugin,TRUE,FALSE,TRUE,0.9247550221518794,0.1643144361779588,1.395830121463752,3.4346514118856715,11.51423596910925,0.6770690093476815,1.4307258745003457,2000,PPI++_independent_split
rf,PPI++,50,0.4,plugin,TRUE,TRUE,FALSE,0.9495508537883688,0.14754145875353197,1.2513959208024206,2.7481640567152574,12.263715255650338,0.605143316933494,1.282680818822481,2000,PPI++_crossfit
rf,PPI++,100,0.4,plugin,FALSE,FALSE,FALSE,0.999945892039247,0.0012098907836764776,1.0299989479017186,6.2402678896813955,1.4545558247332444,0.9771078881625996,1.0814988952968045,2000,PPI++_noncrossfit
rf,PPI++,100,0.4,plugin,FALSE,FALSE,TRUE,0.951778844533409,0.11157964360852346,1.2384740478569287,4.8522787684930035,8.885735302893007,0.7700195777063111,1.3003977502497752,2000,PPI++_independent_split
rf,PPI++,100,0.4,plugin,FALSE,TRUE,FALSE,0.9857431259473239,0.05908541132758359,1.2145754831399513,4.0608517295174975,9.376535257752488,0.7411223028680717,1.275304257296949,2000,PPI++_crossfit
rf,PPI++,100,0.4,plugin,TRUE,FALSE,FALSE,0.999945892039247,0.0012098907836764776,1.0299989479017186,6.2402678896813955,1.4545558247332444,0.9771078881625996,1.0814988952968045,2000,PPI++_noncrossfit
rf,PPI++,100,0.4,plugin,TRUE,FALSE,TRUE,0.951778844533409,0.11157964360852346,1.2384740478569287,4.8522787684930035,8.885735302893007,0.7700195777063111,1.3003977502497752,2000,PPI++_independent_split
rf,PPI++,100,0.4,plugin,TRUE,TRUE,FALSE,0.9857431259473239,0.05908541132758359,1.2145754831399513,4.0608517295174975,9.376535257752488,0.7411223028680717,1.275304257296949,2000,PPI++_crossfit
rf,PPI++,150,0.4,plugin,FALSE,FALSE,FALSE,0.9998654832029891,0.0018699302857700017,0.9863540010801927,7.320886752796548,1.322484093553592,0.9784003817346008,1.0603305511612071,2000,PPI++_noncrossfit
rf,PPI++,150,0.4,plugin,FALSE,FALSE,TRUE,0.9682522481703945,0.09166993216122551,1.1564561777505422,5.6880652985011935,7.868749378379932,0.8086902096172435,1.243190391081833,2000,PPI++_independent_split
rf,PPI++,150,0.4,plugin,FALSE,TRUE,FALSE,0.9934660582824013,0.028679165576575422,1.1405044193011757,4.997570334622604,7.738804543734542,0.792587543041049,1.2260422507487638,2000,PPI++_crossfit
rf,PPI++,150,0.4,plugin,TRUE,FALSE,FALSE,0.9998654832029891,0.0018699302857700017,0.9863540010801927,7.320886752796548,1.322484093553592,0.9784003817346008,1.0603305511612071,2000,PPI++_noncrossfit
rf,PPI++,150,0.4,plugin,TRUE,FALSE,TRUE,0.9682522481703945,0.09166993216122551,1.1564561777505422,5.6880652985011935,7.868749378379932,0.8086902096172435,1.243190391081833,2000,PPI++_independent_split
rf,PPI++,150,0.4,plugin,TRUE,TRUE,FALSE,0.9934660582824013,0.028679165576575422,1.1405044193011757,4.997570334622604,7.738804543734542,0.792587543041049,1.2260422507487638,2000,PPI++_crossfit
rf,PPI++,200,0.4,plugin,FALSE,FALSE,FALSE,0.9990466678643745,0.008903775024476633,0.9544729082063282,8.100274924428337,1.2186908474226907,0.9802838843172741,1.049920199026961,2000,PPI++_noncrossfit
rf,PPI++,200,0.4,plugin,FALSE,FALSE,TRUE,0.9713646988249438,0.07650949481550298,1.1019051490884515,6.220336700468201,7.355236454667585,0.8273193793327066,1.2120956639972966,2000,PPI++_independent_split
rf,PPI++,200,0.4,plugin,FALSE,TRUE,FALSE,0.9946335867604243,0.022574350966165006,1.0798158693541606,5.7473655632732035,6.888568275749022,0.8188243425334224,1.1877974562895768,2000,PPI++_crossfit
rf,PPI++,200,0.4,plugin,TRUE,FALSE,FALSE,0.9990466678643745,0.008903775024476633,0.9544729082063282,8.100274924428337,1.2186908474226907,0.9802838843172741,1.049920199026961,2000,PPI++_noncrossfit
rf,PPI++,200,0.4,plugin,TRUE,FALSE,TRUE,0.9713646988249438,0.07650949481550298,1.1019051490884515,6.220336700468201,7.355236454667585,0.8273193793327066,1.2120956639972966,2000,PPI++_independent_split
rf,PPI++,200,0.4,plugin,TRUE,TRUE,FALSE,0.9946335867604243,0.022574350966165006,1.0798158693541606,5.7473655632732035,6.888568275749022,0.8188243425334224,1.1877974562895768,2000,PPI++_crossfit
rf,PPI++,300,0.4,plugin,FALSE,FALSE,FALSE,0.9979976326756446,0.013913053375020556,0.8991857853152119,9.202939294229443,1.002009814523411,0.9826009986379812,1.0340636531124936,2000,PPI++_noncrossfit
rf,PPI++,300,0.4,plugin,FALSE,FALSE,TRUE,0.973120976701717,0.06814859112428406,1.0085766247048142,7.266002149558178,6.155124940098289,0.8564892250430831,1.1598631184105364,2000,PPI++_independent_split
rf,PPI++,300,0.4,plugin,FALSE,TRUE,FALSE,0.9906358040383708,0.029762236078088415,0.9999444803419149,6.876177764128055,5.88961015689631,0.8531774770242612,1.149936152393202,2000,PPI++_crossfit
rf,PPI++,300,0.4,plugin,TRUE,FALSE,FALSE,0.9979976326756446,0.013913053375020556,0.8991857853152119,9.202939294229443,1.002009814523411,0.9826009986379812,1.0340636531124936,2000,PPI++_noncrossfit
rf,PPI++,300,0.4,plugin,TRUE,FALSE,TRUE,0.973120976701717,0.06814859112428406,1.0085766247048142,7.266002149558178,6.155124940098289,0.8564892250430831,1.1598631184105364,2000,PPI++_independent_split
rf,PPI++,300,0.4,plugin,TRUE,TRUE,FALSE,0.9906358040383708,0.029762236078088415,0.9999444803419149,6.876177764128055,5.88961015689631,0.8531774770242612,1.149936152393202,2000,PPI++_crossfit
glm_correct,PPI,50,0.45,plugin,FALSE,FALSE,FALSE,1,0,0.9615152477348147,17.43043668003169,1.276781381842545,0.9490148197120085,0.9855531289281849,2000,PPI_noncrossfit
glm_correct,PPI,50,0.45,plugin,FALSE,FALSE,TRUE,1,0,0.9615152477348147,17.43043668003169,1.276781381842545,0.9490148197120085,0.9855531289281849,2000,PPI_noncrossfit
glm_correct,PPI,50,0.45,plugin,FALSE,TRUE,FALSE,1,0,0.9615152477348147,17.43043668003169,1.276781381842545,0.9490148197120085,0.9855531289281849,2000,PPI_noncrossfit
glm_correct,PPI,50,0.45,plugin,TRUE,FALSE,FALSE,1,0,0.9596470211632628,17.368486294025903,1.3961166606428488,0.9453169012438382,0.9836381966923443,2000,PPI_crossfit
glm_correct,PPI,50,0.45,plugin,TRUE,FALSE,TRUE,1,0,0.9596470211632628,17.368486294025903,1.3961166606428488,0.9453169012438382,0.9836381966923443,2000,PPI_crossfit
glm_correct,PPI,50,0.45,plugin,TRUE,TRUE,FALSE,1,0,0.9596470211632628,17.368486294025903,1.3961166606428488,0.9453169012438382,0.9836381966923443,2000,PPI_crossfit
glm_correct,PPI,100,0.45,plugin,FALSE,FALSE,FALSE,1,0,0.9479602388008264,17.087194411739247,1.0666643465646402,0.9649700402818863,0.9953582507408677,2000,PPI_noncrossfit
glm_correct,PPI,100,0.45,plugin,FALSE,FALSE,TRUE,1,0,0.9479602388008264,17.087194411739247,1.0666643465646402,0.9649700402818863,0.9953582507408677,2000,PPI_noncrossfit
glm_correct,PPI,100,0.45,plugin,FALSE,TRUE,FALSE,1,0,0.9479602388008264,17.087194411739247,1.0666643465646402,0.9649700402818863,0.9953582507408677,2000,PPI_noncrossfit
glm_correct,PPI,100,0.45,plugin,TRUE,FALSE,FALSE,1,0,0.9460268176940897,17.012824821430815,1.1214236744999968,0.9615069902323784,0.9933281585787942,2000,PPI_crossfit
glm_correct,PPI,100,0.45,plugin,TRUE,FALSE,TRUE,1,0,0.9460268176940897,17.012824821430815,1.1214236744999968,0.9615069902323784,0.9933281585787942,2000,PPI_crossfit
glm_correct,PPI,100,0.45,plugin,TRUE,TRUE,FALSE,1,0,0.9460268176940897,17.012824821430815,1.1214236744999968,0.9615069902323784,0.9933281585787942,2000,PPI_crossfit
glm_correct,PPI,150,0.45,plugin,FALSE,FALSE,FALSE,1,0,0.9267832431374059,16.89775757867621,1.0579157160209485,0.96585248162913,0.9962919863727113,2000,PPI_noncrossfit
glm_correct,PPI,150,0.45,plugin,FALSE,FALSE,TRUE,1,0,0.9267832431374059,16.89775757867621,1.0579157160209485,0.96585248162913,0.9962919863727113,2000,PPI_noncrossfit
glm_correct,PPI,150,0.45,plugin,FALSE,TRUE,FALSE,1,0,0.9267832431374059,16.89775757867621,1.0579157160209485,0.96585248162913,0.9962919863727113,2000,PPI_noncrossfit
glm_correct,PPI,150,0.45,plugin,TRUE,FALSE,FALSE,1,0,0.9257039581397399,17.086765940553825,1.0735184481054765,0.9646678840924694,0.9951317550002204,2000,PPI_crossfit
glm_correct,PPI,150,0.45,plugin,TRUE,FALSE,TRUE,1,0,0.9257039581397399,17.086765940553825,1.0735184481054765,0.9646678840924694,0.9951317550002204,2000,PPI_crossfit
glm_correct,PPI,150,0.45,plugin,TRUE,TRUE,FALSE,1,0,0.9257039581397399,17.086765940553825,1.0735184481054765,0.9646678840924694,0.9951317550002204,2000,PPI_crossfit
glm_correct,PPI,200,0.45,plugin,FALSE,FALSE,FALSE,1,0,0.9068105205123267,16.919910521992787,1.0345031122674606,0.9677453212929374,0.9974915725635594,2000,PPI_noncrossfit
glm_correct,PPI,200,0.45,plugin,FALSE,FALSE,TRUE,1,0,0.9068105205123267,16.919910521992787,1.0345031122674606,0.9677453212929374,0.9974915725635594,2000,PPI_noncrossfit
glm_correct,PPI,200,0.45,plugin,FALSE,TRUE,FALSE,1,0,0.9068105205123267,16.919910521992787,1.0345031122674606,0.9677453212929374,0.9974915725635594,2000,PPI_noncrossfit
glm_correct,PPI,200,0.45,plugin,TRUE,FALSE,FALSE,1,0,0.9060163469090141,16.984630587744977,1.0532612561360828,0.9666596494498496,0.9966179815999155,2000,PPI_crossfit
glm_correct,PPI,200,0.45,plugin,TRUE,FALSE,TRUE,1,0,0.9060163469090141,16.984630587744977,1.0532612561360828,0.9666596494498496,0.9966179815999155,2000,PPI_crossfit
glm_correct,PPI,200,0.45,plugin,TRUE,TRUE,FALSE,1,0,0.9060163469090141,16.984630587744977,1.0532612561360828,0.9666596494498496,0.9966179815999155,2000,PPI_crossfit
glm_correct,PPI,300,0.45,plugin,FALSE,FALSE,FALSE,1,0,0.8676188066462989,17.075041451500223,1.0223479041589634,0.9685799641022974,0.9977616276432436,2000,PPI_noncrossfit
glm_correct,PPI,300,0.45,plugin,FALSE,FALSE,TRUE,1,0,0.8676188066462989,17.075041451500223,1.0223479041589634,0.9685799641022974,0.9977616276432436,2000,PPI_noncrossfit
glm_correct,PPI,300,0.45,plugin,FALSE,TRUE,FALSE,1,0,0.8676188066462989,17.075041451500223,1.0223479041589634,0.9685799641022974,0.9977616276432436,2000,PPI_noncrossfit
glm_correct,PPI,300,0.45,plugin,TRUE,FALSE,FALSE,1,0,0.8672933108206086,17.032780574279585,1.039183003911575,0.9677857598002145,0.9973873074436997,2000,PPI_crossfit
glm_correct,PPI,300,0.45,plugin,TRUE,FALSE,TRUE,1,0,0.8672933108206086,17.032780574279585,1.039183003911575,0.9677857598002145,0.9973873074436997,2000,PPI_crossfit
glm_correct,PPI,300,0.45,plugin,TRUE,TRUE,FALSE,1,0,0.8672933108206086,17.032780574279585,1.039183003911575,0.9677857598002145,0.9973873074436997,2000,PPI_crossfit
glm_correct,PPI++,50,0.45,plugin,FALSE,FALSE,FALSE,0.726162361704627,0.2706462923097799,0.9886951639681655,16.984770458208136,1.9785143715317277,0.9600541545725166,1.0134125430673695,2000,PPI++_noncrossfit
glm_correct,PPI++,50,0.45,plugin,FALSE,FALSE,TRUE,0.6839734902216453,0.275929182753045,0.9874939675496025,17.43043668003169,2.3250751624375763,0.9490148197120085,1.0121813167383424,2000,PPI++_independent_split
glm_correct,PPI++,50,0.45,plugin,FALSE,TRUE,FALSE,0.6965215954080625,0.2613171722842752,0.9851561574257589,17.368486294025903,2.440236975088848,0.9453169012438382,1.0097850613614028,2000,PPI++_crossfit
glm_correct,PPI++,50,0.45,plugin,TRUE,FALSE,FALSE,0.726162361704627,0.2706462923097799,0.9886951639681655,16.984770458208136,1.9785143715317277,0.9600541545725166,1.0134125430673695,2000,PPI++_noncrossfit
glm_correct,PPI++,50,0.45,plugin,TRUE,FALSE,TRUE,0.6839734902216453,0.275929182753045,0.9874939675496025,17.43043668003169,2.3250751624375763,0.9490148197120085,1.0121813167383424,2000,PPI++_independent_split
glm_correct,PPI++,50,0.45,plugin,TRUE,TRUE,FALSE,0.6965215954080625,0.2613171722842752,0.9851561574257589,17.368486294025903,2.440236975088848,0.9453169012438382,1.0097850613614028,2000,PPI++_crossfit
glm_correct,PPI++,100,0.45,plugin,FALSE,FALSE,FALSE,0.7806060906555916,0.22357513879766347,0.9671187463548981,17.057086100131947,1.8300883384915543,0.9659520331594825,1.0154746836726432,2000,PPI++_noncrossfit
glm_correct,PPI++,100,0.45,plugin,FALSE,FALSE,TRUE,0.7854537300317058,0.22163306892306595,0.968052863659294,17.087194411739247,1.8829279261718297,0.9649700402818863,1.0164555068422587,2000,PPI++_independent_split
glm_correct,PPI++,100,0.45,plugin,FALSE,TRUE,FALSE,0.7861659816874043,0.2265477264292535,0.9660527086927642,17.012824821430815,1.9396825015174033,0.9615069902323784,1.0143553441274025,2000,PPI++_crossfit
glm_correct,PPI++,100,0.45,plugin,TRUE,FALSE,FALSE,0.7806060906555916,0.22357513879766347,0.9671187463548981,17.057086100131947,1.8300883384915543,0.9659520331594825,1.0154746836726432,2000,PPI++_noncrossfit
glm_correct,PPI++,100,0.45,plugin,TRUE,FALSE,TRUE,0.7854537300317058,0.22163306892306595,0.968052863659294,17.087194411739247,1.8829279261718297,0.9649700402818863,1.0164555068422587,2000,PPI++_independent_split
glm_correct,PPI++,100,0.45,plugin,TRUE,TRUE,FALSE,0.7861659816874043,0.2265477264292535,0.9660527086927642,17.012824821430815,1.9396825015174033,0.9615069902323784,1.0143553441274025,2000,PPI++_crossfit
glm_correct,PPI++,150,0.45,plugin,FALSE,FALSE,FALSE,0.810353517897356,0.20024855509376288,0.9443354651935828,17.032209106555637,1.7303968659379463,0.968052297935601,1.0151606250831016,2000,PPI++_noncrossfit
glm_correct,PPI++,150,0.45,plugin,FALSE,FALSE,TRUE,0.8035319804191473,0.19802420302404047,0.9453083162161673,16.89775757867621,1.8305192610611094,0.96585248162913,1.0162064399323798,2000,PPI++_independent_split
glm_correct,PPI++,150,0.45,plugin,FALSE,TRUE,FALSE,0.8012531604378856,0.20470199595019822,0.9442301010209269,17.086765940553825,1.8714612468362846,0.9646678840924694,1.0150473585974964,2000,PPI++_crossfit
glm_correct,PPI++,150,0.45,plugin,TRUE,FALSE,FALSE,0.810353517897356,0.20024855509376288,0.9443354651935828,17.032209106555637,1.7303968659379463,0.968052297935601,1.0151606250831016,2000,PPI++_noncrossfit
glm_correct,PPI++,150,0.45,plugin,TRUE,FALSE,TRUE,0.8035319804191473,0.19802420302404047,0.9453083162161673,16.89775757867621,1.8305192610611094,0.96585248162913,1.0162064399323798,2000,PPI++_independent_split
glm_correct,PPI++,150,0.45,plugin,TRUE,TRUE,FALSE,0.8012531604378856,0.20470199595019822,0.9442301010209269,17.086765940553825,1.8714612468362846,0.9646678840924694,1.0150473585974964,2000,PPI++_crossfit
glm_correct,PPI++,200,0.45,plugin,FALSE,FALSE,FALSE,0.806999749776501,0.18676012551120658,0.9235037099796111,17.081440219421673,1.7606294412249832,0.9680065715868642,1.0158540809775722,2000,PPI++_noncrossfit
glm_correct,PPI++,200,0.45,plugin,FALSE,FALSE,TRUE,0.8174194347713876,0.18803328434028105,0.9234979902283623,16.919910521992787,1.7545918908059635,0.9677453212929374,1.0158477892511986,2000,PPI++_independent_split
glm_correct,PPI++,200,0.45,plugin,FALSE,TRUE,FALSE,0.818904270848704,0.1861806106736234,0.922223796494278,16.984630587744977,1.7434334571147996,0.9666596494498496,1.0144461761437058,2000,PPI++_crossfit
glm_correct,PPI++,200,0.45,plugin,TRUE,FALSE,FALSE,0.806999749776501,0.18676012551120658,0.9235037099796111,17.081440219421673,1.7606294412249832,0.9680065715868642,1.0158540809775722,2000,PPI++_noncrossfit
glm_correct,PPI++,200,0.45,plugin,TRUE,FALSE,TRUE,0.8174194347713876,0.18803328434028105,0.9234979902283623,16.919910521992787,1.7545918908059635,0.9677453212929374,1.0158477892511986,2000,PPI++_independent_split
glm_correct,PPI++,200,0.45,plugin,TRUE,TRUE,FALSE,0.818904270848704,0.1861806106736234,0.922223796494278,16.984630587744977,1.7434334571147996,0.9666596494498496,1.0144461761437058,2000,PPI++_crossfit
glm_correct,PPI++,300,0.45,plugin,FALSE,FALSE,FALSE,0.816366502213733,0.16761298321091647,0.8845518272534736,16.92028705774451,1.7368370919575467,0.9696097578446224,1.0172346013414946,2000,PPI++_noncrossfit
glm_correct,PPI++,300,0.45,plugin,FALSE,FALSE,TRUE,0.8105382238379254,0.16968319833865797,0.8845737707039035,17.075041451500223,1.7812420311321513,0.9685799641022974,1.017259836309489,2000,PPI++_independent_split
glm_correct,PPI++,300,0.45,plugin,FALSE,TRUE,FALSE,0.8055621637559176,0.1737292928818494,0.8849561655464278,17.032780574279585,1.8367471594188713,0.9677857598002145,1.0176995903783919,2000,PPI++_crossfit
glm_correct,PPI++,300,0.45,plugin,TRUE,FALSE,FALSE,0.816366502213733,0.16761298321091647,0.8845518272534736,16.92028705774451,1.7368370919575467,0.9696097578446224,1.0172346013414946,2000,PPI++_noncrossfit
glm_correct,PPI++,300,0.45,plugin,TRUE,FALSE,TRUE,0.8105382238379254,0.16968319833865797,0.8845737707039035,17.075041451500223,1.7812420311321513,0.9685799641022974,1.017259836309489,2000,PPI++_independent_split
glm_correct,PPI++,300,0.45,plugin,TRUE,TRUE,FALSE,0.8055621637559176,0.1737292928818494,0.8849561655464278,17.032780574279585,1.8367471594188713,0.9677857598002145,1.0176995903783919,2000,PPI++_crossfit
glm_mis,PPI,50,0.45,plugin,FALSE,FALSE,FALSE,1,0,1.0608301851420936,10.95060421049428,9.330148726432821,0.7463313489850375,1.0873509397706458,2000,PPI_noncrossfit
glm_mis,PPI,50,0.45,plugin,FALSE,FALSE,TRUE,1,0,1.0608301851420936,10.95060421049428,9.330148726432821,0.7463313489850375,1.0873509397706458,2000,PPI_noncrossfit
glm_mis,PPI,50,0.45,plugin,FALSE,TRUE,FALSE,1,0,1.0608301851420936,10.95060421049428,9.330148726432821,0.7463313489850375,1.0873509397706458,2000,PPI_noncrossfit
glm_mis,PPI,50,0.45,plugin,TRUE,FALSE,FALSE,1,0,0.9200807205999597,9.30785165447589,9.30305219974046,0.6926600890290265,0.9430827386149586,2000,PPI_crossfit
glm_mis,PPI,50,0.45,plugin,TRUE,FALSE,TRUE,1,0,0.9200807205999597,9.30785165447589,9.30305219974046,0.6926600890290265,0.9430827386149586,2000,PPI_crossfit
glm_mis,PPI,50,0.45,plugin,TRUE,TRUE,FALSE,1,0,0.9200807205999597,9.30785165447589,9.30305219974046,0.6926600890290265,0.9430827386149586,2000,PPI_crossfit
glm_mis,PPI,100,0.45,plugin,FALSE,FALSE,FALSE,1,0,1.0350795202775478,10.177452776173043,9.284794534731224,0.7532908951812136,1.0868334962914252,2000,PPI_noncrossfit
glm_mis,PPI,100,0.45,plugin,FALSE,FALSE,TRUE,1,0,1.0350795202775478,10.177452776173043,9.284794534731224,0.7532908951812136,1.0868334962914252,2000,PPI_noncrossfit
glm_mis,PPI,100,0.45,plugin,FALSE,TRUE,FALSE,1,0,1.0350795202775478,10.177452776173043,9.284794534731224,0.7532908951812136,1.0868334962914252,2000,PPI_noncrossfit
glm_mis,PPI,100,0.45,plugin,TRUE,FALSE,FALSE,1,0,0.9185219905166081,10.015987111818617,9.616396779074945,0.7058003766413335,0.9644480900424386,2000,PPI_crossfit
glm_mis,PPI,100,0.45,plugin,TRUE,FALSE,TRUE,1,0,0.9185219905166081,10.015987111818617,9.616396779074945,0.7058003766413335,0.9644480900424386,2000,PPI_crossfit
glm_mis,PPI,100,0.45,plugin,TRUE,TRUE,FALSE,1,0,0.9185219905166081,10.015987111818617,9.616396779074945,0.7058003766413335,0.9644480900424386,2000,PPI_crossfit
glm_mis,PPI,150,0.45,plugin,FALSE,FALSE,FALSE,1,0,0.9772192052344061,10.314694552323944,8.791159780953311,0.7517249303590751,1.0505106456269866,2000,PPI_noncrossfit
glm_mis,PPI,150,0.45,plugin,FALSE,FALSE,TRUE,1,0,0.9772192052344061,10.314694552323944,8.791159780953311,0.7517249303590751,1.0505106456269866,2000,PPI_noncrossfit
glm_mis,PPI,150,0.45,plugin,FALSE,TRUE,FALSE,1,0,0.9772192052344061,10.314694552323944,8.791159780953311,0.7517249303590751,1.0505106456269866,2000,PPI_noncrossfit
glm_mis,PPI,150,0.45,plugin,TRUE,FALSE,FALSE,1,0,0.9090405106383674,9.934372447605242,8.905466220066447,0.7209874222024113,0.977218548936245,2000,PPI_crossfit
glm_mis,PPI,150,0.45,plugin,TRUE,FALSE,TRUE,1,0,0.9090405106383674,9.934372447605242,8.905466220066447,0.7209874222024113,0.977218548936245,2000,PPI_crossfit
glm_mis,PPI,150,0.45,plugin,TRUE,TRUE,FALSE,1,0,0.9090405106383674,9.934372447605242,8.905466220066447,0.7209874222024113,0.977218548936245,2000,PPI_crossfit
glm_mis,PPI,200,0.45,plugin,FALSE,FALSE,FALSE,1,0,0.9488748882051056,10.17826812183268,8.870314995751736,0.7486061508357796,1.0437623770256161,2000,PPI_noncrossfit
glm_mis,PPI,200,0.45,plugin,FALSE,FALSE,TRUE,1,0,0.9488748882051056,10.17826812183268,8.870314995751736,0.7486061508357796,1.0437623770256161,2000,PPI_noncrossfit
glm_mis,PPI,200,0.45,plugin,FALSE,TRUE,FALSE,1,0,0.9488748882051056,10.17826812183268,8.870314995751736,0.7486061508357796,1.0437623770256161,2000,PPI_noncrossfit
glm_mis,PPI,200,0.45,plugin,TRUE,FALSE,FALSE,1,0,0.892351632619633,10.02057896051697,8.863465706700492,0.7249935637558934,0.9815867958815964,2000,PPI_crossfit
glm_mis,PPI,200,0.45,plugin,TRUE,FALSE,TRUE,1,0,0.892351632619633,10.02057896051697,8.863465706700492,0.7249935637558934,0.9815867958815964,2000,PPI_crossfit
glm_mis,PPI,200,0.45,plugin,TRUE,TRUE,FALSE,1,0,0.892351632619633,10.02057896051697,8.863465706700492,0.7249935637558934,0.9815867958815964,2000,PPI_crossfit
glm_mis,PPI,300,0.45,plugin,FALSE,FALSE,FALSE,1,0,0.8927897157583149,10.33500780852401,8.367328785897534,0.7506892510289755,1.026708173122062,2000,PPI_noncrossfit
glm_mis,PPI,300,0.45,plugin,FALSE,FALSE,TRUE,1,0,0.8927897157583149,10.33500780852401,8.367328785897534,0.7506892510289755,1.026708173122062,2000,PPI_noncrossfit
glm_mis,PPI,300,0.45,plugin,FALSE,TRUE,FALSE,1,0,0.8927897157583149,10.33500780852401,8.367328785897534,0.7506892510289755,1.026708173122062,2000,PPI_noncrossfit
glm_mis,PPI,300,0.45,plugin,TRUE,FALSE,FALSE,1,0,0.8584148208866758,9.920563382609116,8.544188195513868,0.7305949729344714,0.987177044019677,2000,PPI_crossfit
glm_mis,PPI,300,0.45,plugin,TRUE,FALSE,TRUE,1,0,0.8584148208866758,9.920563382609116,8.544188195513868,0.7305949729344714,0.987177044019677,2000,PPI_crossfit
glm_mis,PPI,300,0.45,plugin,TRUE,TRUE,FALSE,1,0,0.8584148208866758,9.920563382609116,8.544188195513868,0.7305949729344714,0.987177044019677,2000,PPI_crossfit
glm_mis,PPI++,50,0.45,plugin,FALSE,FALSE,FALSE,0.9135420813896379,0.11043714709452548,0.9786371048070943,10.674146078605297,7.348220233686617,0.7817471157552552,1.0031030324272716,2000,PPI++_noncrossfit
glm_mis,PPI++,50,0.45,plugin,FALSE,FALSE,TRUE,0.8034445095710799,0.23860347336761784,1.0468137404469968,10.95060421049428,8.165501216133535,0.7463313489850375,1.0729840839581717,2000,PPI++_independent_split
glm_mis,PPI++,50,0.45,plugin,FALSE,TRUE,FALSE,0.8588564827099322,0.1444919718989845,0.9187243716974226,9.30785165447589,9.148130848238004,0.6926600890290265,0.9416924809898581,2000,PPI++_crossfit
glm_mis,PPI++,50,0.45,plugin,TRUE,FALSE,FALSE,0.9135420813896379,0.11043714709452548,0.9786371048070943,10.674146078605297,7.348220233686617,0.7817471157552552,1.0031030324272716,2000,PPI++_noncrossfit
glm_mis,PPI++,50,0.45,plugin,TRUE,FALSE,TRUE,0.8034445095710799,0.23860347336761784,1.0468137404469968,10.95060421049428,8.165501216133535,0.7463313489850375,1.0729840839581717,2000,PPI++_independent_split
glm_mis,PPI++,50,0.45,plugin,TRUE,TRUE,FALSE,0.8588564827099322,0.1444919718989845,0.9187243716974226,9.30785165447589,9.148130848238004,0.6926600890290265,0.9416924809898581,2000,PPI++_crossfit
glm_mis,PPI++,100,0.45,plugin,FALSE,FALSE,FALSE,0.9260003319812257,0.08057076505735299,0.956312234834579,10.213568879433732,7.45112716915437,0.7703508027142775,1.004127846576308,2000,PPI++_noncrossfit
glm_mis,PPI++,100,0.45,plugin,FALSE,FALSE,TRUE,0.8669823280481165,0.17448786781166786,1.028048892953238,10.177452776173043,8.763625262561181,0.7532908951812136,1.0794513376009,2000,PPI++_independent_split
glm_mis,PPI++,100,0.45,plugin,FALSE,TRUE,FALSE,0.8806361904081624,0.11353964343023633,0.9190730176374563,10.015987111818617,9.574022553031472,0.7058003766413335,0.9650266685193292,2000,PPI++_crossfit
glm_mis,PPI++,100,0.45,plugin,TRUE,FALSE,FALSE,0.9260003319812257,0.08057076505735299,0.956312234834579,10.213568879433732,7.45112716915437,0.7703508027142775,1.004127846576308,2000,PPI++_noncrossfit
glm_mis,PPI++,100,0.45,plugin,TRUE,FALSE,TRUE,0.8669823280481165,0.17448786781166786,1.028048892953238,10.177452776173043,8.763625262561181,0.7532908951812136,1.0794513376009,2000,PPI++_independent_split
glm_mis,PPI++,100,0.45,plugin,TRUE,TRUE,FALSE,0.8806361904081624,0.11353964343023633,0.9190730176374563,10.015987111818617,9.574022553031472,0.7058003766413335,0.9650266685193292,2000,PPI++_crossfit
glm_mis,PPI++,150,0.45,plugin,FALSE,FALSE,FALSE,0.9228926200896914,0.0754912137219533,0.9347771126244827,10.286999928940123,7.931804348136333,0.7633448424535888,1.0048853960713189,2000,PPI++_noncrossfit
glm_mis,PPI++,150,0.45,plugin,FALSE,FALSE,TRUE,0.8642714539195373,0.1587749650266429,0.9725252020098659,10.314694552323944,8.43561836417465,0.7517249303590751,1.0454645921606058,2000,PPI++_independent_split
glm_mis,PPI++,150,0.45,plugin,FALSE,TRUE,FALSE,0.8856909814305847,0.0900113546170211,0.9107393681733278,9.934372447605242,8.944838033500561,0.7209874222024113,0.9790448207863274,2000,PPI++_crossfit
glm_mis,PPI++,150,0.45,plugin,TRUE,FALSE,FALSE,0.9228926200896914,0.0754912137219533,0.9347771126244827,10.286999928940123,7.931804348136333,0.7633448424535888,1.0048853960713189,2000,PPI++_noncrossfit
glm_mis,PPI++,150,0.45,plugin,TRUE,FALSE,TRUE,0.8642714539195373,0.1587749650266429,0.9725252020098659,10.314694552323944,8.43561836417465,0.7517249303590751,1.0454645921606058,2000,PPI++_independent_split
glm_mis,PPI++,150,0.45,plugin,TRUE,TRUE,FALSE,0.8856909814305847,0.0900113546170211,0.9107393681733278,9.934372447605242,8.944838033500561,0.7209874222024113,0.9790448207863274,2000,PPI++_crossfit
glm_mis,PPI++,200,0.45,plugin,FALSE,FALSE,FALSE,0.9007816436268994,0.07072536208864925,0.9115500267136732,10.036803693791994,7.860346969153956,0.7570152507347321,1.0027050293850406,2000,PPI++_noncrossfit
glm_mis,PPI++,200,0.45,plugin,FALSE,FALSE,TRUE,0.8648860909082872,0.15510375338495153,0.9455045255557846,10.17826812183268,8.636420561558207,0.7486061508357796,1.040054978111363,2000,PPI++_independent_split
glm_mis,PPI++,200,0.45,plugin,FALSE,TRUE,FALSE,0.8778083202337796,0.08081391289739495,0.894418453741821,10.02057896051697,8.920815669391398,0.7249935637558934,0.9838602991160031,2000,PPI++_crossfit
glm_mis,PPI++,200,0.45,plugin,TRUE,FALSE,FALSE,0.9007816436268994,0.07072536208864925,0.9115500267136732,10.036803693791994,7.860346969153956,0.7570152507347321,1.0027050293850406,2000,PPI++_noncrossfit
glm_mis,PPI++,200,0.45,plugin,TRUE,FALSE,TRUE,0.8648860909082872,0.15510375338495153,0.9455045255557846,10.17826812183268,8.636420561558207,0.7486061508357796,1.040054978111363,2000,PPI++_independent_split
glm_mis,PPI++,200,0.45,plugin,TRUE,TRUE,FALSE,0.8778083202337796,0.08081391289739495,0.894418453741821,10.02057896051697,8.920815669391398,0.7249935637558934,0.9838602991160031,2000,PPI++_crossfit
glm_mis,PPI++,300,0.45,plugin,FALSE,FALSE,FALSE,0.8732679488581395,0.06347973682219918,0.8751287131093316,10.127056582663553,8.127958063122882,0.7548088451927707,1.0063980200757312,2000,PPI++_noncrossfit
glm_mis,PPI++,300,0.45,plugin,FALSE,FALSE,TRUE,0.8470863580947836,0.14735735544489045,0.8914948828778654,10.33500780852401,8.222052900942833,0.7506892510289755,1.0252191153095451,2000,PPI++_independent_split
glm_mis,PPI++,300,0.45,plugin,FALSE,TRUE,FALSE,0.8503992802908061,0.06756940180306299,0.8621278588782705,9.920563382609116,8.677644549900963,0.7305949729344714,0.991447037710011,2000,PPI++_crossfit
glm_mis,PPI++,300,0.45,plugin,TRUE,FALSE,FALSE,0.8732679488581395,0.06347973682219918,0.8751287131093316,10.127056582663553,8.127958063122882,0.7548088451927707,1.0063980200757312,2000,PPI++_noncrossfit
glm_mis,PPI++,300,0.45,plugin,TRUE,FALSE,TRUE,0.8470863580947836,0.14735735544489045,0.8914948828778654,10.33500780852401,8.222052900942833,0.7506892510289755,1.0252191153095451,2000,PPI++_independent_split
glm_mis,PPI++,300,0.45,plugin,TRUE,TRUE,FALSE,0.8503992802908061,0.06756940180306299,0.8621278588782705,9.920563382609116,8.677644549900963,0.7305949729344714,0.991447037710011,2000,PPI++_crossfit
glm_wrong,PPI,50,0.45,plugin,FALSE,FALSE,FALSE,1,0,-0.11502134791565874,3.976653370193835,19.18886008203925,0.10975625364074694,-0.11789688161355019,2000,PPI_noncrossfit
glm_wrong,PPI,50,0.45,plugin,FALSE,FALSE,TRUE,1,0,-0.11502134791565874,3.976653370193835,19.18886008203925,0.10975625364074694,-0.11789688161355019,2000,PPI_noncrossfit
glm_wrong,PPI,50,0.45,plugin,FALSE,TRUE,FALSE,1,0,-0.11502134791565874,3.976653370193835,19.18886008203925,0.10975625364074694,-0.11789688161355019,2000,PPI_noncrossfit
glm_wrong,PPI,50,0.45,plugin,TRUE,FALSE,FALSE,1,0,-3.3166236467675207,2.224195111071368,19.54783694117615,0.04509987484047557,-3.3995392379367084,2000,PPI_crossfit
glm_wrong,PPI,50,0.45,plugin,TRUE,FALSE,TRUE,1,0,-3.3166236467675207,2.224195111071368,19.54783694117615,0.04509987484047557,-3.3995392379367084,2000,PPI_crossfit
glm_wrong,PPI,50,0.45,plugin,TRUE,TRUE,FALSE,1,0,-3.3166236467675207,2.224195111071368,19.54783694117615,0.04509987484047557,-3.3995392379367084,2000,PPI_crossfit
glm_wrong,PPI,100,0.45,plugin,FALSE,FALSE,FALSE,1,0,-0.9221089946233436,2.4514312041744244,19.070390885898483,0.1460423151502902,-0.9682144443545109,2000,PPI_noncrossfit
glm_wrong,PPI,100,0.45,plugin,FALSE,FALSE,TRUE,1,0,-0.9221089946233436,2.4514312041744244,19.070390885898483,0.1460423151502902,-0.9682144443545109,2000,PPI_noncrossfit
glm_wrong,PPI,100,0.45,plugin,FALSE,TRUE,FALSE,1,0,-0.9221089946233436,2.4514312041744244,19.070390885898483,0.1460423151502902,-0.9682144443545109,2000,PPI_noncrossfit
glm_wrong,PPI,100,0.45,plugin,TRUE,FALSE,FALSE,1,0,-1.1383588415356418,1.7248281787765,19.62469135128211,0.08995317917038036,-1.195276783612424,2000,PPI_crossfit
glm_wrong,PPI,100,0.45,plugin,TRUE,FALSE,TRUE,1,0,-1.1383588415356418,1.7248281787765,19.62469135128211,0.08995317917038036,-1.195276783612424,2000,PPI_crossfit
glm_wrong,PPI,100,0.45,plugin,TRUE,TRUE,FALSE,1,0,-1.1383588415356418,1.7248281787765,19.62469135128211,0.08995317917038036,-1.195276783612424,2000,PPI_crossfit
glm_wrong,PPI,150,0.45,plugin,FALSE,FALSE,FALSE,1,0,-0.16179087738614475,2.1678868932785846,18.39970295822242,0.1449831584021033,-0.1739251931901056,2000,PPI_noncrossfit
glm_wrong,PPI,150,0.45,plugin,FALSE,FALSE,TRUE,1,0,-0.16179087738614475,2.1678868932785846,18.39970295822242,0.1449831584021033,-0.1739251931901056,2000,PPI_noncrossfit
glm_wrong,PPI,150,0.45,plugin,FALSE,TRUE,FALSE,1,0,-0.16179087738614475,2.1678868932785846,18.39970295822242,0.1449831584021033,-0.1739251931901056,2000,PPI_noncrossfit
glm_wrong,PPI,150,0.45,plugin,TRUE,FALSE,FALSE,1,0,-1.142656310752494,1.5854004562018305,18.45895107026343,0.11790977125316189,-1.2283555340589312,2000,PPI_crossfit
glm_wrong,PPI,150,0.45,plugin,TRUE,FALSE,TRUE,1,0,-1.142656310752494,1.5854004562018305,18.45895107026343,0.11790977125316189,-1.2283555340589312,2000,PPI_crossfit
glm_wrong,PPI,150,0.45,plugin,TRUE,TRUE,FALSE,1,0,-1.142656310752494,1.5854004562018305,18.45895107026343,0.11790977125316189,-1.2283555340589312,2000,PPI_crossfit
glm_wrong,PPI,200,0.45,plugin,FALSE,FALSE,FALSE,1,0,1.6745460836187778,1.8775336374258318,18.233843319237018,0.1938317683593904,1.8420006919806555,2000,PPI_noncrossfit
glm_wrong,PPI,200,0.45,plugin,FALSE,FALSE,TRUE,1,0,1.6745460836187778,1.8775336374258318,18.233843319237018,0.1938317683593904,1.8420006919806555,2000,PPI_noncrossfit
glm_wrong,PPI,200,0.45,plugin,FALSE,TRUE,FALSE,1,0,1.6745460836187778,1.8775336374258318,18.233843319237018,0.1938317683593904,1.8420006919806555,2000,PPI_noncrossfit
glm_wrong,PPI,200,0.45,plugin,TRUE,FALSE,FALSE,1,0,-0.30332836103082944,1.558520658691212,18.372817432274765,0.1390226974626022,-0.3336611971339124,2000,PPI_crossfit
glm_wrong,PPI,200,0.45,plugin,TRUE,FALSE,TRUE,1,0,-0.30332836103082944,1.558520658691212,18.372817432274765,0.1390226974626022,-0.3336611971339124,2000,PPI_crossfit
glm_wrong,PPI,200,0.45,plugin,TRUE,TRUE,FALSE,1,0,-0.30332836103082944,1.558520658691212,18.372817432274765,0.1390226974626022,-0.3336611971339124,2000,PPI_crossfit
glm_wrong,PPI,300,0.45,plugin,FALSE,FALSE,FALSE,1,0,1.2869090367707865,1.86532785155277,17.68939368646203,0.2005565881646785,1.4799453922864043,2000,PPI_noncrossfit
glm_wrong,PPI,300,0.45,plugin,FALSE,FALSE,TRUE,1,0,1.2869090367707865,1.86532785155277,17.68939368646203,0.2005565881646785,1.4799453922864043,2000,PPI_noncrossfit
glm_wrong,PPI,300,0.45,plugin,FALSE,TRUE,FALSE,1,0,1.2869090367707865,1.86532785155277,17.68939368646203,0.2005565881646785,1.4799453922864043,2000,PPI_noncrossfit
glm_wrong,PPI,300,0.45,plugin,TRUE,FALSE,FALSE,1,0,-0.6395509128637379,1.3238043361355378,17.89082150311964,0.14862546651250297,-0.7354835497932984,2000,PPI_crossfit
glm_wrong,PPI,300,0.45,plugin,TRUE,FALSE,TRUE,1,0,-0.6395509128637379,1.3238043361355378,17.89082150311964,0.14862546651250297,-0.7354835497932984,2000,PPI_crossfit
glm_wrong,PPI,300,0.45,plugin,TRUE,TRUE,FALSE,1,0,-0.6395509128637379,1.3238043361355378,17.89082150311964,0.14862546651250297,-0.7354835497932984,2000,PPI_crossfit
glm_wrong,PPI++,50,0.45,plugin,FALSE,FALSE,FALSE,0.8372484946329881,0.18950585042717616,0.9610822053847908,2.8453818050944086,15.9077609906214,0.3217273536800976,0.9851092605194105,2000,PPI++_noncrossfit
glm_wrong,PPI++,50,0.45,plugin,FALSE,FALSE,TRUE,0.4091717704574678,0.41782346779964485,-0.08040515864694864,3.976653370193835,15.805136399441924,0.10975625364074694,-0.08241528761312235,2000,PPI++_independent_split
glm_wrong,PPI++,50,0.45,plugin,FALSE,TRUE,FALSE,0.31985327316757084,0.37034786640906986,-2.6313010801381544,2.224195111071368,16.027711537525033,0.04509987484047557,-2.697083607141608,2000,PPI++_crossfit
glm_wrong,PPI++,50,0.45,plugin,TRUE,FALSE,FALSE,0.8372484946329881,0.18950585042717616,0.9610822053847908,2.8453818050944086,15.9077609906214,0.3217273536800976,0.9851092605194105,2000,PPI++_noncrossfit
glm_wrong,PPI++,50,0.45,plugin,TRUE,FALSE,TRUE,0.4091717704574678,0.41782346779964485,-0.08040515864694864,3.976653370193835,15.805136399441924,0.10975625364074694,-0.08241528761312235,2000,PPI++_independent_split
glm_wrong,PPI++,50,0.45,plugin,TRUE,TRUE,FALSE,0.31985327316757084,0.37034786640906986,-2.6313010801381544,2.224195111071368,16.027711537525033,0.04509987484047557,-2.697083607141608,2000,PPI++_crossfit
glm_wrong,PPI++,100,0.45,plugin,FALSE,FALSE,FALSE,0.8813727178442186,0.14348623558845716,0.9597440891553882,1.865997888414792,16.14947312179691,0.27210067685466705,1.0077312936131577,2000,PPI++_noncrossfit
glm_wrong,PPI++,100,0.45,plugin,FALSE,FALSE,TRUE,0.49208559983513367,0.418124773207987,-0.9056908708282511,2.4514312041744244,17.50224467337231,0.1460423151502902,-0.9509754143696637,2000,PPI++_independent_split
glm_wrong,PPI++,100,0.45,plugin,FALSE,TRUE,FALSE,0.3996341975497102,0.39407452019327344,-0.9962401011050197,1.7248281787765,17.689863657245958,0.08995317917038036,-1.0460521061602708,2000,PPI++_crossfit
glm_wrong,PPI++,100,0.45,plugin,TRUE,FALSE,FALSE,0.8813727178442186,0.14348623558845716,0.9597440891553882,1.865997888414792,16.14947312179691,0.27210067685466705,1.0077312936131577,2000,PPI++_noncrossfit
glm_wrong,PPI++,100,0.45,plugin,TRUE,FALSE,TRUE,0.49208559983513367,0.418124773207987,-0.9056908708282511,2.4514312041744244,17.50224467337231,0.1460423151502902,-0.9509754143696637,2000,PPI++_independent_split
glm_wrong,PPI++,100,0.45,plugin,TRUE,TRUE,FALSE,0.3996341975497102,0.39407452019327344,-0.9962401011050197,1.7248281787765,17.689863657245958,0.08995317917038036,-1.0460521061602708,2000,PPI++_crossfit
glm_wrong,PPI++,150,0.45,plugin,FALSE,FALSE,FALSE,0.8832779108648521,0.12675875135873169,0.9329644215976959,1.7203744250385824,16.804832544106066,0.2614422065791154,1.002936753217523,2000,PPI++_noncrossfit
glm_wrong,PPI++,150,0.45,plugin,FALSE,FALSE,TRUE,0.5359786296676898,0.40837520956126194,-0.14192851938074638,2.1678868932785846,17.153831621840574,0.1449831584021033,-0.15257315833430235,2000,PPI++_independent_split
glm_wrong,PPI++,150,0.45,plugin,FALSE,TRUE,FALSE,0.45652852912966235,0.36667592202924837,-1.0244729688874752,1.5854004562018305,17.234132501288283,0.11790977125316189,-1.101308441554036,2000,PPI++_crossfit
glm_wrong,PPI++,150,0.45,plugin,TRUE,FALSE,FALSE,0.8832779108648521,0.12675875135873169,0.9329644215976959,1.7203744250385824,16.804832544106066,0.2614422065791154,1.002936753217523,2000,PPI++_noncrossfit
glm_wrong,PPI++,150,0.45,plugin,TRUE,FALSE,TRUE,0.5359786296676898,0.40837520956126194,-0.14192851938074638,2.1678868932785846,17.153831621840574,0.1449831584021033,-0.15257315833430235,2000,PPI++_independent_split
glm_wrong,PPI++,150,0.45,plugin,TRUE,TRUE,FALSE,0.45652852912966235,0.36667592202924837,-1.0244729688874752,1.5854004562018305,17.234132501288283,0.11790977125316189,-1.101308441554036,2000,PPI++_crossfit
glm_wrong,PPI++,200,0.45,plugin,FALSE,FALSE,FALSE,0.8790989311805764,0.11315977256051199,0.9086073783092667,1.5257076763067248,16.36865782187432,0.2547972777669294,0.9994681161401935,2000,PPI++_noncrossfit
glm_wrong,PPI++,200,0.45,plugin,FALSE,FALSE,TRUE,0.5999734193126601,0.39033525595644564,1.6791056641682485,1.8775336374258318,17.418796055537488,0.1938317683593904,1.8470162305850735,2000,PPI++_independent_split
glm_wrong,PPI++,200,0.45,plugin,FALSE,TRUE,FALSE,0.49947260774061625,0.36603364654925324,-0.2472514930649306,1.558520658691212,17.31778825764133,0.1390226974626022,-0.27197664237142366,2000,PPI++_crossfit
glm_wrong,PPI++,200,0.45,plugin,TRUE,FALSE,FALSE,0.8790989311805764,0.11315977256051199,0.9086073783092667,1.5257076763067248,16.36865782187432,0.2547972777669294,0.9994681161401935,2000,PPI++_noncrossfit
glm_wrong,PPI++,200,0.45,plugin,TRUE,FALSE,TRUE,0.5999734193126601,0.39033525595644564,1.6791056641682485,1.8775336374258318,17.418796055537488,0.1938317683593904,1.8470162305850735,2000,PPI++_independent_split
glm_wrong,PPI++,200,0.45,plugin,TRUE,TRUE,FALSE,0.49947260774061625,0.36603364654925324,-0.2472514930649306,1.558520658691212,17.31778825764133,0.1390226974626022,-0.27197664237142366,2000,PPI++_crossfit
glm_wrong,PPI++,300,0.45,plugin,FALSE,FALSE,FALSE,0.864100541269512,0.11144685825973379,0.8742584710030047,1.2719538446756675,16.98066157209321,0.23918374767086173,1.0053972416534553,2000,PPI++_noncrossfit
glm_wrong,PPI++,300,0.45,plugin,FALSE,FALSE,TRUE,0.610430191674531,0.367401962502341,1.2887067842861675,1.86532785155277,16.97564229101663,0.2005565881646785,1.4820128019290923,2000,PPI++_independent_split
glm_wrong,PPI++,300,0.45,plugin,FALSE,TRUE,FALSE,0.5168501378593445,0.3291313335585394,-0.5998333374223861,1.3238043361355378,17.246620450761423,0.14862546651250297,-0.6898083380357439,2000,PPI++_crossfit
glm_wrong,PPI++,300,0.45,plugin,TRUE,FALSE,FALSE,0.864100541269512,0.11144685825973379,0.8742584710030047,1.2719538446756675,16.98066157209321,0.23918374767086173,1.0053972416534553,2000,PPI++_noncrossfit
glm_wrong,PPI++,300,0.45,plugin,TRUE,FALSE,TRUE,0.610430191674531,0.367401962502341,1.2887067842861675,1.86532785155277,16.97564229101663,0.2005565881646785,1.4820128019290923,2000,PPI++_independent_split
glm_wrong,PPI++,300,0.45,plugin,TRUE,TRUE,FALSE,0.5168501378593445,0.3291313335585394,-0.5998333374223861,1.3238043361355378,17.246620450761423,0.14862546651250297,-0.6898083380357439,2000,PPI++_crossfit
rf,PPI,50,0.45,plugin,FALSE,FALSE,FALSE,1,0,1.393837943019836,3.4346514118856715,11.502886598053085,0.6770690093476815,1.4286838915953317,2000,PPI_noncrossfit
rf,PPI,50,0.45,plugin,FALSE,FALSE,TRUE,1,0,1.393837943019836,3.4346514118856715,11.502886598053085,0.6770690093476815,1.4286838915953317,2000,PPI_noncrossfit
rf,PPI,50,0.45,plugin,FALSE,TRUE,FALSE,1,0,1.393837943019836,3.4346514118856715,11.502886598053085,0.6770690093476815,1.4286838915953317,2000,PPI_noncrossfit
rf,PPI,50,0.45,plugin,TRUE,FALSE,FALSE,1,0,1.2512542527909447,2.7481640567152574,12.341594290579799,0.6051433169334939,1.2825356091107183,2000,PPI_crossfit
rf,PPI,50,0.45,plugin,TRUE,FALSE,TRUE,1,0,1.2512542527909447,2.7481640567152574,12.341594290579799,0.6051433169334939,1.2825356091107183,2000,PPI_crossfit
rf,PPI,50,0.45,plugin,TRUE,TRUE,FALSE,1,0,1.2512542527909447,2.7481640567152574,12.341594290579799,0.6051433169334939,1.2825356091107183,2000,PPI_crossfit
rf,PPI,100,0.45,plugin,FALSE,FALSE,FALSE,1,0,1.2349409761995467,4.8522787684930035,8.817602115940273,0.7700195777063111,1.296688025009524,2000,PPI_noncrossfit
rf,PPI,100,0.45,plugin,FALSE,FALSE,TRUE,1,0,1.2349409761995467,4.8522787684930035,8.817602115940273,0.7700195777063111,1.296688025009524,2000,PPI_noncrossfit
rf,PPI,100,0.45,plugin,FALSE,TRUE,FALSE,1,0,1.2349409761995467,4.8522787684930035,8.817602115940273,0.7700195777063111,1.296688025009524,2000,PPI_noncrossfit
rf,PPI,100,0.45,plugin,TRUE,FALSE,FALSE,1,0,1.213839010745785,4.0608517295174975,9.370006509809686,0.7411223028680718,1.2745309612830744,2000,PPI_crossfit
rf,PPI,100,0.45,plugin,TRUE,FALSE,TRUE,1,0,1.213839010745785,4.0608517295174975,9.370006509809686,0.7411223028680718,1.2745309612830744,2000,PPI_crossfit
rf,PPI,100,0.45,plugin,TRUE,TRUE,FALSE,1,0,1.213839010745785,4.0608517295174975,9.370006509809686,0.7411223028680718,1.2745309612830744,2000,PPI_crossfit
rf,PPI,150,0.45,plugin,FALSE,FALSE,FALSE,1,0,1.153638992346667,5.6880652985011935,7.8073109512556105,0.8086902096172435,1.240161916772667,2000,PPI_noncrossfit
rf,PPI,150,0.45,plugin,FALSE,FALSE,TRUE,1,0,1.153638992346667,5.6880652985011935,7.8073109512556105,0.8086902096172435,1.240161916772667,2000,PPI_noncrossfit
rf,PPI,150,0.45,plugin,FALSE,TRUE,FALSE,1,0,1.153638992346667,5.6880652985011935,7.8073109512556105,0.8086902096172435,1.240161916772667,2000,PPI_noncrossfit
rf,PPI,150,0.45,plugin,TRUE,FALSE,FALSE,1,0,1.1398105652503359,4.997570334622604,7.725611906977773,0.792587543041049,1.2252963576441112,2000,PPI_crossfit
rf,PPI,150,0.45,plugin,TRUE,FALSE,TRUE,1,0,1.1398105652503359,4.997570334622604,7.725611906977773,0.792587543041049,1.2252963576441112,2000,PPI_crossfit
rf,PPI,150,0.45,plugin,TRUE,TRUE,FALSE,1,0,1.1398105652503359,4.997570334622604,7.725611906977773,0.792587543041049,1.2252963576441112,2000,PPI_crossfit
rf,PPI,200,0.45,plugin,FALSE,FALSE,FALSE,1,0,1.0985692200744313,6.220336700468201,7.2709891031864755,0.8273193793327066,1.2084261420818745,2000,PPI_noncrossfit
rf,PPI,200,0.45,plugin,FALSE,FALSE,TRUE,1,0,1.0985692200744313,6.220336700468201,7.2709891031864755,0.8273193793327066,1.2084261420818745,2000,PPI_noncrossfit
rf,PPI,200,0.45,plugin,FALSE,TRUE,FALSE,1,0,1.0985692200744313,6.220336700468201,7.2709891031864755,0.8273193793327066,1.2084261420818745,2000,PPI_noncrossfit
rf,PPI,200,0.45,plugin,TRUE,FALSE,FALSE,1,0,1.0791767389359075,5.7473655632732035,6.875760182073053,0.8188243425334224,1.1870944128294982,2000,PPI_crossfit
rf,PPI,200,0.45,plugin,TRUE,FALSE,TRUE,1,0,1.0791767389359075,5.7473655632732035,6.875760182073053,0.8188243425334224,1.1870944128294982,2000,PPI_crossfit
rf,PPI,200,0.45,plugin,TRUE,TRUE,FALSE,1,0,1.0791767389359075,5.7473655632732035,6.875760182073053,0.8188243425334224,1.1870944128294982,2000,PPI_crossfit
rf,PPI,300,0.45,plugin,FALSE,FALSE,FALSE,1,0,1.0052953917181426,7.266002149558178,6.070504842566358,0.8564892250430831,1.156089700475864,2000,PPI_noncrossfit
rf,PPI,300,0.45,plugin,FALSE,FALSE,TRUE,1,0,1.0052953917181426,7.266002149558178,6.070504842566358,0.8564892250430831,1.156089700475864,2000,PPI_noncrossfit
rf,PPI,300,0.45,plugin,FALSE,TRUE,FALSE,1,0,1.0052953917181426,7.266002149558178,6.070504842566358,0.8564892250430831,1.156089700475864,2000,PPI_noncrossfit
rf,PPI,300,0.45,plugin,TRUE,FALSE,FALSE,1,0,0.9986505708160759,6.876177764128055,5.860244439323317,0.8531774770242612,1.1484481564384872,2000,PPI_crossfit
rf,PPI,300,0.45,plugin,TRUE,FALSE,TRUE,1,0,0.9986505708160759,6.876177764128055,5.860244439323317,0.8531774770242612,1.1484481564384872,2000,PPI_crossfit
rf,PPI,300,0.45,plugin,TRUE,TRUE,FALSE,1,0,0.9986505708160759,6.876177764128055,5.860244439323317,0.8531774770242612,1.1484481564384872,2000,PPI_crossfit
rf,PPI++,50,0.45,plugin,FALSE,FALSE,FALSE,1,0,1.1142733085434098,4.777077988014123,1.9953547565202017,0.9718057076060602,1.1421301412569949,2000,PPI++_noncrossfit
rf,PPI++,50,0.45,plugin,FALSE,FALSE,TRUE,0.9247550221518794,0.1643144361779588,1.395830121463752,3.4346514118856715,11.51423596910925,0.6770690093476815,1.4307258745003457,2000,PPI++_independent_split
rf,PPI++,50,0.45,plugin,FALSE,TRUE,FALSE,0.9495508537883688,0.14754145875353197,1.2513959208024206,2.7481640567152574,12.263715255650338,0.6051433169334939,1.282680818822481,2000,PPI++_crossfit
rf,PPI++,50,0.45,plugin,TRUE,FALSE,FALSE,1,0,1.1142733085434098,4.777077988014123,1.9953547565202017,0.9718057076060602,1.1421301412569949,2000,PPI++_noncrossfit
rf,PPI++,50,0.45,plugin,TRUE,FALSE,TRUE,0.9247550221518794,0.1643144361779588,1.395830121463752,3.4346514118856715,11.51423596910925,0.6770690093476815,1.4307258745003457,2000,PPI++_independent_split
rf,PPI++,50,0.45,plugin,TRUE,TRUE,FALSE,0.9495508537883688,0.14754145875353197,1.2513959208024206,2.7481640567152574,12.263715255650338,0.6051433169334939,1.282680818822481,2000,PPI++_crossfit
rf,PPI++,100,0.45,plugin,FALSE,FALSE,FALSE,0.999945892039247,0.0012098907836764776,1.0299989479017186,6.2402678896813955,1.4545558247332449,0.9771078881625996,1.0814988952968045,2000,PPI++_noncrossfit
rf,PPI++,100,0.45,plugin,FALSE,FALSE,TRUE,0.951778844533409,0.11157964360852345,1.2384740478569287,4.8522787684930035,8.885735302893005,0.7700195777063111,1.3003977502497752,2000,PPI++_independent_split
rf,PPI++,100,0.45,plugin,FALSE,TRUE,FALSE,0.9857431259473239,0.05908541132758358,1.2145754831399513,4.0608517295174975,9.376535257752488,0.7411223028680718,1.275304257296949,2000,PPI++_crossfit
rf,PPI++,100,0.45,plugin,TRUE,FALSE,FALSE,0.999945892039247,0.0012098907836764776,1.0299989479017186,6.2402678896813955,1.4545558247332449,0.9771078881625996,1.0814988952968045,2000,PPI++_noncrossfit
rf,PPI++,100,0.45,plugin,TRUE,FALSE,TRUE,0.951778844533409,0.11157964360852345,1.2384740478569287,4.8522787684930035,8.885735302893005,0.7700195777063111,1.3003977502497752,2000,PPI++_independent_split
rf,PPI++,100,0.45,plugin,TRUE,TRUE,FALSE,0.9857431259473239,0.05908541132758358,1.2145754831399513,4.0608517295174975,9.376535257752488,0.7411223028680718,1.275304257296949,2000,PPI++_crossfit
rf,PPI++,150,0.45,plugin,FALSE,FALSE,FALSE,0.9998654832029891,0.001869930285769997,0.9863540010801927,7.320886752796548,1.3224840935535915,0.9784003817346008,1.0603305511612071,2000,PPI++_noncrossfit
rf,PPI++,150,0.45,plugin,FALSE,FALSE,TRUE,0.9682522481703945,0.0916699321612255,1.1564561777505422,5.6880652985011935,7.868749378379932,0.8086902096172435,1.243190391081833,2000,PPI++_independent_split
rf,PPI++,150,0.45,plugin,FALSE,TRUE,FALSE,0.9934660582824013,0.028679165576575422,1.1405044193011757,4.997570334622604,7.738804543734542,0.792587543041049,1.2260422507487638,2000,PPI++_crossfit
rf,PPI++,150,0.45,plugin,TRUE,FALSE,FALSE,0.9998654832029891,0.001869930285769997,0.9863540010801927,7.320886752796548,1.3224840935535915,0.9784003817346008,1.0603305511612071,2000,PPI++_noncrossfit
rf,PPI++,150,0.45,plugin,TRUE,FALSE,TRUE,0.9682522481703945,0.0916699321612255,1.1564561777505422,5.6880652985011935,7.868749378379932,0.8086902096172435,1.243190391081833,2000,PPI++_independent_split
rf,PPI++,150,0.45,plugin,TRUE,TRUE,FALSE,0.9934660582824013,0.028679165576575422,1.1405044193011757,4.997570334622604,7.738804543734542,0.792587543041049,1.2260422507487638,2000,PPI++_crossfit
rf,PPI++,200,0.45,plugin,FALSE,FALSE,FALSE,0.9990466678643745,0.008903775024476632,0.9544729082063282,8.100274924428337,1.21869084742269,0.9802838843172741,1.049920199026961,2000,PPI++_noncrossfit
rf,PPI++,200,0.45,plugin,FALSE,FALSE,TRUE,0.9713646988249438,0.07650949481550298,1.1019051490884515,6.220336700468201,7.355236454667584,0.8273193793327066,1.2120956639972966,2000,PPI++_independent_split
rf,PPI++,200,0.45,plugin,FALSE,TRUE,FALSE,0.9946335867604243,0.022574350966165006,1.0798158693541606,5.7473655632732035,6.888568275749022,0.8188243425334224,1.1877974562895768,2000,PPI++_crossfit
rf,PPI++,200,0.45,plugin,TRUE,FALSE,FALSE,0.9990466678643745,0.008903775024476632,0.9544729082063282,8.100274924428337,1.21869084742269,0.9802838843172741,1.049920199026961,2000,PPI++_noncrossfit
rf,PPI++,200,0.45,plugin,TRUE,FALSE,TRUE,0.9713646988249438,0.07650949481550298,1.1019051490884515,6.220336700468201,7.355236454667584,0.8273193793327066,1.2120956639972966,2000,PPI++_independent_split
rf,PPI++,200,0.45,plugin,TRUE,TRUE,FALSE,0.9946335867604243,0.022574350966165006,1.0798158693541606,5.7473655632732035,6.888568275749022,0.8188243425334224,1.1877974562895768,2000,PPI++_crossfit
rf,PPI++,300,0.45,plugin,FALSE,FALSE,FALSE,0.9979976326756446,0.01391305337502056,0.8991857853152119,9.202939294229443,1.0020098145234109,0.9826009986379812,1.0340636531124936,2000,PPI++_noncrossfit
rf,PPI++,300,0.45,plugin,FALSE,FALSE,TRUE,0.973120976701717,0.06814859112428409,1.0085766247048142,7.266002149558178,6.15512494009829,0.8564892250430831,1.1598631184105364,2000,PPI++_independent_split
rf,PPI++,300,0.45,plugin,FALSE,TRUE,FALSE,0.9906358040383708,0.029762236078088432,0.9999444803419149,6.876177764128055,5.88961015689631,0.8531774770242612,1.149936152393202,2000,PPI++_crossfit
rf,PPI++,300,0.45,plugin,TRUE,FALSE,FALSE,0.9979976326756446,0.01391305337502056,0.8991857853152119,9.202939294229443,1.0020098145234109,0.9826009986379812,1.0340636531124936,2000,PPI++_noncrossfit
rf,PPI++,300,0.45,plugin,TRUE,FALSE,TRUE,0.973120976701717,0.06814859112428409,1.0085766247048142,7.266002149558178,6.15512494009829,0.8564892250430831,1.1598631184105364,2000,PPI++_independent_split
rf,PPI++,300,0.45,plugin,TRUE,TRUE,FALSE,0.9906358040383708,0.029762236078088432,0.9999444803419149,6.876177764128055,5.88961015689631,0.8531774770242612,1.149936152393202,2000,PPI++_crossfit
glm_correct,PPI,50,0.5,plugin,FALSE,FALSE,FALSE,1,0,0.9615152477348147,17.43043668003169,1.276781381842545,0.9490148197120085,0.9855531289281849,2000,PPI_noncrossfit
glm_correct,PPI,50,0.5,plugin,FALSE,FALSE,TRUE,1,0,0.9615152477348147,17.43043668003169,1.276781381842545,0.9490148197120085,0.9855531289281849,2000,PPI_noncrossfit
glm_correct,PPI,50,0.5,plugin,FALSE,TRUE,FALSE,1,0,0.9615152477348147,17.43043668003169,1.276781381842545,0.9490148197120085,0.9855531289281849,2000,PPI_noncrossfit
glm_correct,PPI,50,0.5,plugin,TRUE,FALSE,FALSE,1,0,0.9596470211632628,17.368486294025903,1.3961166606428488,0.9453169012438382,0.9836381966923443,2000,PPI_crossfit
glm_correct,PPI,50,0.5,plugin,TRUE,FALSE,TRUE,1,0,0.9596470211632628,17.368486294025903,1.3961166606428488,0.9453169012438382,0.9836381966923443,2000,PPI_crossfit
glm_correct,PPI,50,0.5,plugin,TRUE,TRUE,FALSE,1,0,0.9596470211632628,17.368486294025903,1.3961166606428488,0.9453169012438382,0.9836381966923443,2000,PPI_crossfit
glm_correct,PPI,100,0.5,plugin,FALSE,FALSE,FALSE,1,0,0.9479602388008264,17.08719441173925,1.0666643465646402,0.9649700402818863,0.9953582507408677,2000,PPI_noncrossfit
glm_correct,PPI,100,0.5,plugin,FALSE,FALSE,TRUE,1,0,0.9479602388008264,17.08719441173925,1.0666643465646402,0.9649700402818863,0.9953582507408677,2000,PPI_noncrossfit
glm_correct,PPI,100,0.5,plugin,FALSE,TRUE,FALSE,1,0,0.9479602388008264,17.08719441173925,1.0666643465646402,0.9649700402818863,0.9953582507408677,2000,PPI_noncrossfit
glm_correct,PPI,100,0.5,plugin,TRUE,FALSE,FALSE,1,0,0.9460268176940897,17.012824821430815,1.1214236744999968,0.9615069902323784,0.9933281585787942,2000,PPI_crossfit
glm_correct,PPI,100,0.5,plugin,TRUE,FALSE,TRUE,1,0,0.9460268176940897,17.012824821430815,1.1214236744999968,0.9615069902323784,0.9933281585787942,2000,PPI_crossfit
glm_correct,PPI,100,0.5,plugin,TRUE,TRUE,FALSE,1,0,0.9460268176940897,17.012824821430815,1.1214236744999968,0.9615069902323784,0.9933281585787942,2000,PPI_crossfit
glm_correct,PPI,150,0.5,plugin,FALSE,FALSE,FALSE,1,0,0.9267832431374059,16.897757578676213,1.0579157160209485,0.96585248162913,0.9962919863727113,2000,PPI_noncrossfit
glm_correct,PPI,150,0.5,plugin,FALSE,FALSE,TRUE,1,0,0.9267832431374059,16.897757578676213,1.0579157160209485,0.96585248162913,0.9962919863727113,2000,PPI_noncrossfit
glm_correct,PPI,150,0.5,plugin,FALSE,TRUE,FALSE,1,0,0.9267832431374059,16.897757578676213,1.0579157160209485,0.96585248162913,0.9962919863727113,2000,PPI_noncrossfit
glm_correct,PPI,150,0.5,plugin,TRUE,FALSE,FALSE,1,0,0.9257039581397399,17.086765940553825,1.0735184481054765,0.9646678840924694,0.9951317550002204,2000,PPI_crossfit
glm_correct,PPI,150,0.5,plugin,TRUE,FALSE,TRUE,1,0,0.9257039581397399,17.086765940553825,1.0735184481054765,0.9646678840924694,0.9951317550002204,2000,PPI_crossfit
glm_correct,PPI,150,0.5,plugin,TRUE,TRUE,FALSE,1,0,0.9257039581397399,17.086765940553825,1.0735184481054765,0.9646678840924694,0.9951317550002204,2000,PPI_crossfit
glm_correct,PPI,200,0.5,plugin,FALSE,FALSE,FALSE,1,0,0.9068105205123267,16.919910521992787,1.0345031122674606,0.9677453212929374,0.9974915725635594,2000,PPI_noncrossfit
glm_correct,PPI,200,0.5,plugin,FALSE,FALSE,TRUE,1,0,0.9068105205123267,16.919910521992787,1.0345031122674606,0.9677453212929374,0.9974915725635594,2000,PPI_noncrossfit
glm_correct,PPI,200,0.5,plugin,FALSE,TRUE,FALSE,1,0,0.9068105205123267,16.919910521992787,1.0345031122674606,0.9677453212929374,0.9974915725635594,2000,PPI_noncrossfit
glm_correct,PPI,200,0.5,plugin,TRUE,FALSE,FALSE,1,0,0.9060163469090142,16.984630587744977,1.0532612561360828,0.9666596494498496,0.9966179815999157,2000,PPI_crossfit
glm_correct,PPI,200,0.5,plugin,TRUE,FALSE,TRUE,1,0,0.9060163469090142,16.984630587744977,1.0532612561360828,0.9666596494498496,0.9966179815999157,2000,PPI_crossfit
glm_correct,PPI,200,0.5,plugin,TRUE,TRUE,FALSE,1,0,0.9060163469090142,16.984630587744977,1.0532612561360828,0.9666596494498496,0.9966179815999157,2000,PPI_crossfit
glm_correct,PPI,300,0.5,plugin,FALSE,FALSE,FALSE,1,0,0.8676188066462989,17.075041451500223,1.0223479041589634,0.9685799641022974,0.9977616276432436,2000,PPI_noncrossfit
glm_correct,PPI,300,0.5,plugin,FALSE,FALSE,TRUE,1,0,0.8676188066462989,17.075041451500223,1.0223479041589634,0.9685799641022974,0.9977616276432436,2000,PPI_noncrossfit
glm_correct,PPI,300,0.5,plugin,FALSE,TRUE,FALSE,1,0,0.8676188066462989,17.075041451500223,1.0223479041589634,0.9685799641022974,0.9977616276432436,2000,PPI_noncrossfit
glm_correct,PPI,300,0.5,plugin,TRUE,FALSE,FALSE,1,0,0.8672933108206086,17.032780574279585,1.039183003911575,0.9677857598002145,0.9973873074436997,2000,PPI_crossfit
glm_correct,PPI,300,0.5,plugin,TRUE,FALSE,TRUE,1,0,0.8672933108206086,17.032780574279585,1.039183003911575,0.9677857598002145,0.9973873074436997,2000,PPI_crossfit
glm_correct,PPI,300,0.5,plugin,TRUE,TRUE,FALSE,1,0,0.8672933108206086,17.032780574279585,1.039183003911575,0.9677857598002145,0.9973873074436997,2000,PPI_crossfit
glm_correct,PPI++,50,0.5,plugin,FALSE,FALSE,FALSE,0.726162361704627,0.2706462923097799,0.9886951639681655,16.984770458208136,1.9785143715317277,0.9600541545725166,1.0134125430673695,2000,PPI++_noncrossfit
glm_correct,PPI++,50,0.5,plugin,FALSE,FALSE,TRUE,0.6839734902216453,0.275929182753045,0.9874939675496025,17.43043668003169,2.3250751624375763,0.9490148197120085,1.0121813167383424,2000,PPI++_independent_split
glm_correct,PPI++,50,0.5,plugin,FALSE,TRUE,FALSE,0.6965215954080625,0.2613171722842752,0.9851561574257589,17.368486294025903,2.4402369750888484,0.9453169012438382,1.0097850613614028,2000,PPI++_crossfit
glm_correct,PPI++,50,0.5,plugin,TRUE,FALSE,FALSE,0.726162361704627,0.2706462923097799,0.9886951639681655,16.984770458208136,1.9785143715317277,0.9600541545725166,1.0134125430673695,2000,PPI++_noncrossfit
glm_correct,PPI++,50,0.5,plugin,TRUE,FALSE,TRUE,0.6839734902216453,0.275929182753045,0.9874939675496025,17.43043668003169,2.3250751624375763,0.9490148197120085,1.0121813167383424,2000,PPI++_independent_split
glm_correct,PPI++,50,0.5,plugin,TRUE,TRUE,FALSE,0.6965215954080625,0.2613171722842752,0.9851561574257589,17.368486294025903,2.4402369750888484,0.9453169012438382,1.0097850613614028,2000,PPI++_crossfit
glm_correct,PPI++,100,0.5,plugin,FALSE,FALSE,FALSE,0.7806060906555916,0.22357513879766347,0.9671187463548981,17.057086100131947,1.8300883384915545,0.9659520331594825,1.0154746836726432,2000,PPI++_noncrossfit
glm_correct,PPI++,100,0.5,plugin,FALSE,FALSE,TRUE,0.7854537300317059,0.22163306892306595,0.968052863659294,17.08719441173925,1.8829279261718297,0.9649700402818863,1.0164555068422587,2000,PPI++_independent_split
glm_correct,PPI++,100,0.5,plugin,FALSE,TRUE,FALSE,0.7861659816874043,0.2265477264292535,0.9660527086927642,17.012824821430815,1.9396825015174033,0.9615069902323784,1.0143553441274025,2000,PPI++_crossfit
glm_correct,PPI++,100,0.5,plugin,TRUE,FALSE,FALSE,0.7806060906555916,0.22357513879766347,0.9671187463548981,17.057086100131947,1.8300883384915545,0.9659520331594825,1.0154746836726432,2000,PPI++_noncrossfit
glm_correct,PPI++,100,0.5,plugin,TRUE,FALSE,TRUE,0.7854537300317059,0.22163306892306595,0.968052863659294,17.08719441173925,1.8829279261718297,0.9649700402818863,1.0164555068422587,2000,PPI++_independent_split
glm_correct,PPI++,100,0.5,plugin,TRUE,TRUE,FALSE,0.7861659816874043,0.2265477264292535,0.9660527086927642,17.012824821430815,1.9396825015174033,0.9615069902323784,1.0143553441274025,2000,PPI++_crossfit
glm_correct,PPI++,150,0.5,plugin,FALSE,FALSE,FALSE,0.810353517897356,0.20024855509376288,0.9443354651935828,17.032209106555637,1.7303968659379463,0.968052297935601,1.0151606250831016,2000,PPI++_noncrossfit
glm_correct,PPI++,150,0.5,plugin,FALSE,FALSE,TRUE,0.8035319804191473,0.19802420302404047,0.9453083162161673,16.897757578676213,1.8305192610611094,0.96585248162913,1.0162064399323798,2000,PPI++_independent_split
glm_correct,PPI++,150,0.5,plugin,FALSE,TRUE,FALSE,0.8012531604378856,0.20470199595019822,0.9442301010209269,17.086765940553825,1.8714612468362846,0.9646678840924694,1.0150473585974964,2000,PPI++_crossfit
glm_correct,PPI++,150,0.5,plugin,TRUE,FALSE,FALSE,0.810353517897356,0.20024855509376288,0.9443354651935828,17.032209106555637,1.7303968659379463,0.968052297935601,1.0151606250831016,2000,PPI++_noncrossfit
glm_correct,PPI++,150,0.5,plugin,TRUE,FALSE,TRUE,0.8035319804191473,0.19802420302404047,0.9453083162161673,16.897757578676213,1.8305192610611094,0.96585248162913,1.0162064399323798,2000,PPI++_independent_split
glm_correct,PPI++,150,0.5,plugin,TRUE,TRUE,FALSE,0.8012531604378856,0.20470199595019822,0.9442301010209269,17.086765940553825,1.8714612468362846,0.9646678840924694,1.0150473585974964,2000,PPI++_crossfit
glm_correct,PPI++,200,0.5,plugin,FALSE,FALSE,FALSE,0.806999749776501,0.18676012551120658,0.9235037099796111,17.081440219421673,1.7606294412249832,0.9680065715868643,1.0158540809775722,2000,PPI++_noncrossfit
glm_correct,PPI++,200,0.5,plugin,FALSE,FALSE,TRUE,0.8174194347713876,0.18803328434028105,0.9234979902283623,16.919910521992787,1.7545918908059635,0.9677453212929374,1.0158477892511986,2000,PPI++_independent_split
glm_correct,PPI++,200,0.5,plugin,FALSE,TRUE,FALSE,0.818904270848704,0.1861806106736234,0.922223796494278,16.984630587744977,1.7434334571147996,0.9666596494498496,1.0144461761437058,2000,PPI++_crossfit
glm_correct,PPI++,200,0.5,plugin,TRUE,FALSE,FALSE,0.806999749776501,0.18676012551120658,0.9235037099796111,17.081440219421673,1.7606294412249832,0.9680065715868643,1.0158540809775722,2000,PPI++_noncrossfit
glm_correct,PPI++,200,0.5,plugin,TRUE,FALSE,TRUE,0.8174194347713876,0.18803328434028105,0.9234979902283623,16.919910521992787,1.7545918908059635,0.9677453212929374,1.0158477892511986,2000,PPI++_independent_split
glm_correct,PPI++,200,0.5,plugin,TRUE,TRUE,FALSE,0.818904270848704,0.1861806106736234,0.922223796494278,16.984630587744977,1.7434334571147996,0.9666596494498496,1.0144461761437058,2000,PPI++_crossfit
glm_correct,PPI++,300,0.5,plugin,FALSE,FALSE,FALSE,0.816366502213733,0.16761298321091647,0.8845518272534736,16.92028705774451,1.7368370919575467,0.9696097578446224,1.0172346013414946,2000,PPI++_noncrossfit
glm_correct,PPI++,300,0.5,plugin,FALSE,FALSE,TRUE,0.8105382238379254,0.16968319833865797,0.8845737707039035,17.075041451500223,1.7812420311321513,0.9685799641022974,1.017259836309489,2000,PPI++_independent_split
glm_correct,PPI++,300,0.5,plugin,FALSE,TRUE,FALSE,0.8055621637559176,0.1737292928818494,0.8849561655464278,17.032780574279585,1.8367471594188713,0.9677857598002145,1.0176995903783919,2000,PPI++_crossfit
glm_correct,PPI++,300,0.5,plugin,TRUE,FALSE,FALSE,0.816366502213733,0.16761298321091647,0.8845518272534736,16.92028705774451,1.7368370919575467,0.9696097578446224,1.0172346013414946,2000,PPI++_noncrossfit
glm_correct,PPI++,300,0.5,plugin,TRUE,FALSE,TRUE,0.8105382238379254,0.16968319833865797,0.8845737707039035,17.075041451500223,1.7812420311321513,0.9685799641022974,1.017259836309489,2000,PPI++_independent_split
glm_correct,PPI++,300,0.5,plugin,TRUE,TRUE,FALSE,0.8055621637559176,0.1737292928818494,0.8849561655464278,17.032780574279585,1.8367471594188713,0.9677857598002145,1.0176995903783919,2000,PPI++_crossfit
glm_mis,PPI,50,0.5,plugin,FALSE,FALSE,FALSE,1,0,1.0608301851420936,10.95060421049428,9.330148726432821,0.7463313489850375,1.0873509397706458,2000,PPI_noncrossfit
glm_mis,PPI,50,0.5,plugin,FALSE,FALSE,TRUE,1,0,1.0608301851420936,10.95060421049428,9.330148726432821,0.7463313489850375,1.0873509397706458,2000,PPI_noncrossfit
glm_mis,PPI,50,0.5,plugin,FALSE,TRUE,FALSE,1,0,1.0608301851420936,10.95060421049428,9.330148726432821,0.7463313489850375,1.0873509397706458,2000,PPI_noncrossfit
glm_mis,PPI,50,0.5,plugin,TRUE,FALSE,FALSE,1,0,0.9200807205999597,9.30785165447589,9.30305219974046,0.6926600890290265,0.9430827386149586,2000,PPI_crossfit
glm_mis,PPI,50,0.5,plugin,TRUE,FALSE,TRUE,1,0,0.9200807205999597,9.30785165447589,9.30305219974046,0.6926600890290265,0.9430827386149586,2000,PPI_crossfit
glm_mis,PPI,50,0.5,plugin,TRUE,TRUE,FALSE,1,0,0.9200807205999597,9.30785165447589,9.30305219974046,0.6926600890290265,0.9430827386149586,2000,PPI_crossfit
glm_mis,PPI,100,0.5,plugin,FALSE,FALSE,FALSE,1,0,1.0350795202775478,10.177452776173043,9.284794534731224,0.7532908951812136,1.0868334962914252,2000,PPI_noncrossfit
glm_mis,PPI,100,0.5,plugin,FALSE,FALSE,TRUE,1,0,1.0350795202775478,10.177452776173043,9.284794534731224,0.7532908951812136,1.0868334962914252,2000,PPI_noncrossfit
glm_mis,PPI,100,0.5,plugin,FALSE,TRUE,FALSE,1,0,1.0350795202775478,10.177452776173043,9.284794534731224,0.7532908951812136,1.0868334962914252,2000,PPI_noncrossfit
glm_mis,PPI,100,0.5,plugin,TRUE,FALSE,FALSE,1,0,0.9185219905166081,10.015987111818617,9.616396779074945,0.7058003766413335,0.9644480900424386,2000,PPI_crossfit
glm_mis,PPI,100,0.5,plugin,TRUE,FALSE,TRUE,1,0,0.9185219905166081,10.015987111818617,9.616396779074945,0.7058003766413335,0.9644480900424386,2000,PPI_crossfit
glm_mis,PPI,100,0.5,plugin,TRUE,TRUE,FALSE,1,0,0.9185219905166081,10.015987111818617,9.616396779074945,0.7058003766413335,0.9644480900424386,2000,PPI_crossfit
glm_mis,PPI,150,0.5,plugin,FALSE,FALSE,FALSE,1,0,0.9772192052344061,10.314694552323946,8.791159780953311,0.7517249303590751,1.0505106456269866,2000,PPI_noncrossfit
glm_mis,PPI,150,0.5,plugin,FALSE,FALSE,TRUE,1,0,0.9772192052344061,10.314694552323946,8.791159780953311,0.7517249303590751,1.0505106456269866,2000,PPI_noncrossfit
glm_mis,PPI,150,0.5,plugin,FALSE,TRUE,FALSE,1,0,0.9772192052344061,10.314694552323946,8.791159780953311,0.7517249303590751,1.0505106456269866,2000,PPI_noncrossfit
glm_mis,PPI,150,0.5,plugin,TRUE,FALSE,FALSE,1,0,0.9090405106383674,9.934372447605242,8.905466220066447,0.7209874222024113,0.977218548936245,2000,PPI_crossfit
glm_mis,PPI,150,0.5,plugin,TRUE,FALSE,TRUE,1,0,0.9090405106383674,9.934372447605242,8.905466220066447,0.7209874222024113,0.977218548936245,2000,PPI_crossfit
glm_mis,PPI,150,0.5,plugin,TRUE,TRUE,FALSE,1,0,0.9090405106383674,9.934372447605242,8.905466220066447,0.7209874222024113,0.977218548936245,2000,PPI_crossfit
glm_mis,PPI,200,0.5,plugin,FALSE,FALSE,FALSE,1,0,0.9488748882051056,10.17826812183268,8.870314995751736,0.7486061508357796,1.0437623770256161,2000,PPI_noncrossfit
glm_mis,PPI,200,0.5,plugin,FALSE,FALSE,TRUE,1,0,0.9488748882051056,10.17826812183268,8.870314995751736,0.7486061508357796,1.0437623770256161,2000,PPI_noncrossfit
glm_mis,PPI,200,0.5,plugin,FALSE,TRUE,FALSE,1,0,0.9488748882051056,10.17826812183268,8.870314995751736,0.7486061508357796,1.0437623770256161,2000,PPI_noncrossfit
glm_mis,PPI,200,0.5,plugin,TRUE,FALSE,FALSE,1,0,0.892351632619633,10.02057896051697,8.863465706700492,0.7249935637558934,0.9815867958815964,2000,PPI_crossfit
glm_mis,PPI,200,0.5,plugin,TRUE,FALSE,TRUE,1,0,0.892351632619633,10.02057896051697,8.863465706700492,0.7249935637558934,0.9815867958815964,2000,PPI_crossfit
glm_mis,PPI,200,0.5,plugin,TRUE,TRUE,FALSE,1,0,0.892351632619633,10.02057896051697,8.863465706700492,0.7249935637558934,0.9815867958815964,2000,PPI_crossfit
glm_mis,PPI,300,0.5,plugin,FALSE,FALSE,FALSE,1,0,0.8927897157583149,10.33500780852401,8.367328785897534,0.7506892510289755,1.026708173122062,2000,PPI_noncrossfit
glm_mis,PPI,300,0.5,plugin,FALSE,FALSE,TRUE,1,0,0.8927897157583149,10.33500780852401,8.367328785897534,0.7506892510289755,1.026708173122062,2000,PPI_noncrossfit
glm_mis,PPI,300,0.5,plugin,FALSE,TRUE,FALSE,1,0,0.8927897157583149,10.33500780852401,8.367328785897534,0.7506892510289755,1.026708173122062,2000,PPI_noncrossfit
glm_mis,PPI,300,0.5,plugin,TRUE,FALSE,FALSE,1,0,0.8584148208866758,9.920563382609116,8.544188195513868,0.7305949729344713,0.987177044019677,2000,PPI_crossfit
glm_mis,PPI,300,0.5,plugin,TRUE,FALSE,TRUE,1,0,0.8584148208866758,9.920563382609116,8.544188195513868,0.7305949729344713,0.987177044019677,2000,PPI_crossfit
glm_mis,PPI,300,0.5,plugin,TRUE,TRUE,FALSE,1,0,0.8584148208866758,9.920563382609116,8.544188195513868,0.7305949729344713,0.987177044019677,2000,PPI_crossfit
glm_mis,PPI++,50,0.5,plugin,FALSE,FALSE,FALSE,0.9135420813896379,0.11043714709452548,0.9786371048070943,10.674146078605297,7.348220233686617,0.7817471157552551,1.0031030324272716,2000,PPI++_noncrossfit
glm_mis,PPI++,50,0.5,plugin,FALSE,FALSE,TRUE,0.8034445095710799,0.23860347336761784,1.0468137404469968,10.95060421049428,8.165501216133535,0.7463313489850375,1.0729840839581717,2000,PPI++_independent_split
glm_mis,PPI++,50,0.5,plugin,FALSE,TRUE,FALSE,0.8588564827099322,0.1444919718989845,0.9187243716974226,9.30785165447589,9.148130848238004,0.6926600890290265,0.9416924809898581,2000,PPI++_crossfit
glm_mis,PPI++,50,0.5,plugin,TRUE,FALSE,FALSE,0.9135420813896379,0.11043714709452548,0.9786371048070943,10.674146078605297,7.348220233686617,0.7817471157552551,1.0031030324272716,2000,PPI++_noncrossfit
glm_mis,PPI++,50,0.5,plugin,TRUE,FALSE,TRUE,0.8034445095710799,0.23860347336761784,1.0468137404469968,10.95060421049428,8.165501216133535,0.7463313489850375,1.0729840839581717,2000,PPI++_independent_split
glm_mis,PPI++,50,0.5,plugin,TRUE,TRUE,FALSE,0.8588564827099322,0.1444919718989845,0.9187243716974226,9.30785165447589,9.148130848238004,0.6926600890290265,0.9416924809898581,2000,PPI++_crossfit
glm_mis,PPI++,100,0.5,plugin,FALSE,FALSE,FALSE,0.9260003319812257,0.08057076505735299,0.956312234834579,10.213568879433732,7.45112716915437,0.7703508027142775,1.004127846576308,2000,PPI++_noncrossfit
glm_mis,PPI++,100,0.5,plugin,FALSE,FALSE,TRUE,0.8669823280481165,0.17448786781166786,1.028048892953238,10.177452776173043,8.763625262561181,0.7532908951812136,1.0794513376009,2000,PPI++_independent_split
glm_mis,PPI++,100,0.5,plugin,FALSE,TRUE,FALSE,0.8806361904081624,0.11353964343023633,0.9190730176374564,10.015987111818617,9.574022553031474,0.7058003766413335,0.9650266685193293,2000,PPI++_crossfit
glm_mis,PPI++,100,0.5,plugin,TRUE,FALSE,FALSE,0.9260003319812257,0.08057076505735299,0.956312234834579,10.213568879433732,7.45112716915437,0.7703508027142775,1.004127846576308,2000,PPI++_noncrossfit
glm_mis,PPI++,100,0.5,plugin,TRUE,FALSE,TRUE,0.8669823280481165,0.17448786781166786,1.028048892953238,10.177452776173043,8.763625262561181,0.7532908951812136,1.0794513376009,2000,PPI++_independent_split
glm_mis,PPI++,100,0.5,plugin,TRUE,TRUE,FALSE,0.8806361904081624,0.11353964343023633,0.9190730176374564,10.015987111818617,9.574022553031474,0.7058003766413335,0.9650266685193293,2000,PPI++_crossfit
glm_mis,PPI++,150,0.5,plugin,FALSE,FALSE,FALSE,0.9228926200896914,0.0754912137219533,0.9347771126244827,10.286999928940123,7.931804348136333,0.7633448424535888,1.0048853960713189,2000,PPI++_noncrossfit
glm_mis,PPI++,150,0.5,plugin,FALSE,FALSE,TRUE,0.8642714539195373,0.15877496502664293,0.9725252020098659,10.314694552323946,8.43561836417465,0.7517249303590751,1.0454645921606058,2000,PPI++_independent_split
glm_mis,PPI++,150,0.5,plugin,FALSE,TRUE,FALSE,0.8856909814305847,0.09001135461702112,0.9107393681733278,9.934372447605242,8.944838033500561,0.7209874222024113,0.9790448207863274,2000,PPI++_crossfit
glm_mis,PPI++,150,0.5,plugin,TRUE,FALSE,FALSE,0.9228926200896914,0.0754912137219533,0.9347771126244827,10.286999928940123,7.931804348136333,0.7633448424535888,1.0048853960713189,2000,PPI++_noncrossfit
glm_mis,PPI++,150,0.5,plugin,TRUE,FALSE,TRUE,0.8642714539195373,0.15877496502664293,0.9725252020098659,10.314694552323946,8.43561836417465,0.7517249303590751,1.0454645921606058,2000,PPI++_independent_split
glm_mis,PPI++,150,0.5,plugin,TRUE,TRUE,FALSE,0.8856909814305847,0.09001135461702112,0.9107393681733278,9.934372447605242,8.944838033500561,0.7209874222024113,0.9790448207863274,2000,PPI++_crossfit
glm_mis,PPI++,200,0.5,plugin,FALSE,FALSE,FALSE,0.9007816436268994,0.07072536208864925,0.9115500267136732,10.036803693791994,7.860346969153956,0.7570152507347321,1.0027050293850406,2000,PPI++_noncrossfit
glm_mis,PPI++,200,0.5,plugin,FALSE,FALSE,TRUE,0.8648860909082872,0.15510375338495153,0.9455045255557846,10.17826812183268,8.636420561558207,0.7486061508357796,1.040054978111363,2000,PPI++_independent_split
glm_mis,PPI++,200,0.5,plugin,FALSE,TRUE,FALSE,0.8778083202337796,0.08081391289739495,0.894418453741821,10.02057896051697,8.920815669391398,0.7249935637558934,0.9838602991160031,2000,PPI++_crossfit
glm_mis,PPI++,200,0.5,plugin,TRUE,FALSE,FALSE,0.9007816436268994,0.07072536208864925,0.9115500267136732,10.036803693791994,7.860346969153956,0.7570152507347321,1.0027050293850406,2000,PPI++_noncrossfit
glm_mis,PPI++,200,0.5,plugin,TRUE,FALSE,TRUE,0.8648860909082872,0.15510375338495153,0.9455045255557846,10.17826812183268,8.636420561558207,0.7486061508357796,1.040054978111363,2000,PPI++_independent_split
glm_mis,PPI++,200,0.5,plugin,TRUE,TRUE,FALSE,0.8778083202337796,0.08081391289739495,0.894418453741821,10.02057896051697,8.920815669391398,0.7249935637558934,0.9838602991160031,2000,PPI++_crossfit
glm_mis,PPI++,300,0.5,plugin,FALSE,FALSE,FALSE,0.8732679488581395,0.06347973682219918,0.8751287131093316,10.127056582663553,8.127958063122882,0.7548088451927707,1.0063980200757312,2000,PPI++_noncrossfit
glm_mis,PPI++,300,0.5,plugin,FALSE,FALSE,TRUE,0.8470863580947836,0.14735735544489045,0.8914948828778654,10.33500780852401,8.222052900942833,0.7506892510289755,1.0252191153095451,2000,PPI++_independent_split
glm_mis,PPI++,300,0.5,plugin,FALSE,TRUE,FALSE,0.8503992802908061,0.06756940180306299,0.8621278588782704,9.920563382609116,8.677644549900963,0.7305949729344713,0.9914470377100109,2000,PPI++_crossfit
glm_mis,PPI++,300,0.5,plugin,TRUE,FALSE,FALSE,0.8732679488581395,0.06347973682219918,0.8751287131093316,10.127056582663553,8.127958063122882,0.7548088451927707,1.0063980200757312,2000,PPI++_noncrossfit
glm_mis,PPI++,300,0.5,plugin,TRUE,FALSE,TRUE,0.8470863580947836,0.14735735544489045,0.8914948828778654,10.33500780852401,8.222052900942833,0.7506892510289755,1.0252191153095451,2000,PPI++_independent_split
glm_mis,PPI++,300,0.5,plugin,TRUE,TRUE,FALSE,0.8503992802908061,0.06756940180306299,0.8621278588782704,9.920563382609116,8.677644549900963,0.7305949729344713,0.9914470377100109,2000,PPI++_crossfit
glm_wrong,PPI,50,0.5,plugin,FALSE,FALSE,FALSE,1,0,-0.11502134791577938,3.976653370193835,19.18886008203925,0.10975625364074694,-0.11789688161367386,2000,PPI_noncrossfit
glm_wrong,PPI,50,0.5,plugin,FALSE,FALSE,TRUE,1,0,-0.11502134791577938,3.976653370193835,19.18886008203925,0.10975625364074694,-0.11789688161367386,2000,PPI_noncrossfit
glm_wrong,PPI,50,0.5,plugin,FALSE,TRUE,FALSE,1,0,-0.11502134791577938,3.976653370193835,19.18886008203925,0.10975625364074694,-0.11789688161367386,2000,PPI_noncrossfit
glm_wrong,PPI,50,0.5,plugin,TRUE,FALSE,FALSE,1,0,-3.3166236467675247,2.224195111071368,19.54783694117615,0.04509987484047557,-3.3995392379367124,2000,PPI_crossfit
glm_wrong,PPI,50,0.5,plugin,TRUE,FALSE,TRUE,1,0,-3.3166236467675247,2.224195111071368,19.54783694117615,0.04509987484047557,-3.3995392379367124,2000,PPI_crossfit
glm_wrong,PPI,50,0.5,plugin,TRUE,TRUE,FALSE,1,0,-3.3166236467675247,2.224195111071368,19.54783694117615,0.04509987484047557,-3.3995392379367124,2000,PPI_crossfit
glm_wrong,PPI,100,0.5,plugin,FALSE,FALSE,FALSE,1,0,-0.9221089946233579,2.4514312041744244,19.070390885898483,0.1460423151502902,-0.9682144443545259,2000,PPI_noncrossfit
glm_wrong,PPI,100,0.5,plugin,FALSE,FALSE,TRUE,1,0,-0.9221089946233579,2.4514312041744244,19.070390885898483,0.1460423151502902,-0.9682144443545259,2000,PPI_noncrossfit
glm_wrong,PPI,100,0.5,plugin,FALSE,TRUE,FALSE,1,0,-0.9221089946233579,2.4514312041744244,19.070390885898483,0.1460423151502902,-0.9682144443545259,2000,PPI_noncrossfit
glm_wrong,PPI,100,0.5,plugin,TRUE,FALSE,FALSE,1,0,-1.1383588415356383,1.7248281787765,19.62469135128211,0.08995317917038036,-1.1952767836124203,2000,PPI_crossfit
glm_wrong,PPI,100,0.5,plugin,TRUE,FALSE,TRUE,1,0,-1.1383588415356383,1.7248281787765,19.62469135128211,0.08995317917038036,-1.1952767836124203,2000,PPI_crossfit
glm_wrong,PPI,100,0.5,plugin,TRUE,TRUE,FALSE,1,0,-1.1383588415356383,1.7248281787765,19.62469135128211,0.08995317917038036,-1.1952767836124203,2000,PPI_crossfit
glm_wrong,PPI,150,0.5,plugin,FALSE,FALSE,FALSE,1,0,-0.1617908773861315,2.1678868932785846,18.39970295822242,0.1449831584021033,-0.17392519319009137,2000,PPI_noncrossfit
glm_wrong,PPI,150,0.5,plugin,FALSE,FALSE,TRUE,1,0,-0.1617908773861315,2.1678868932785846,18.39970295822242,0.1449831584021033,-0.17392519319009137,2000,PPI_noncrossfit
glm_wrong,PPI,150,0.5,plugin,FALSE,TRUE,FALSE,1,0,-0.1617908773861315,2.1678868932785846,18.39970295822242,0.1449831584021033,-0.17392519319009137,2000,PPI_noncrossfit
glm_wrong,PPI,150,0.5,plugin,TRUE,FALSE,FALSE,1,0,-1.1426563107524936,1.5854004562018305,18.45895107026343,0.11790977125316189,-1.2283555340589307,2000,PPI_crossfit
glm_wrong,PPI,150,0.5,plugin,TRUE,FALSE,TRUE,1,0,-1.1426563107524936,1.5854004562018305,18.45895107026343,0.11790977125316189,-1.2283555340589307,2000,PPI_crossfit
glm_wrong,PPI,150,0.5,plugin,TRUE,TRUE,FALSE,1,0,-1.1426563107524936,1.5854004562018305,18.45895107026343,0.11790977125316189,-1.2283555340589307,2000,PPI_crossfit
glm_wrong,PPI,200,0.5,plugin,FALSE,FALSE,FALSE,1,0,1.6745460836188024,1.877533637425832,18.233843319237018,0.1938317683593904,1.8420006919806828,2000,PPI_noncrossfit
glm_wrong,PPI,200,0.5,plugin,FALSE,FALSE,TRUE,1,0,1.6745460836188024,1.877533637425832,18.233843319237018,0.1938317683593904,1.8420006919806828,2000,PPI_noncrossfit
glm_wrong,PPI,200,0.5,plugin,FALSE,TRUE,FALSE,1,0,1.6745460836188024,1.877533637425832,18.233843319237018,0.1938317683593904,1.8420006919806828,2000,PPI_noncrossfit
glm_wrong,PPI,200,0.5,plugin,TRUE,FALSE,FALSE,1,0,-0.30332836103082955,1.558520658691212,18.372817432274765,0.1390226974626022,-0.3336611971339125,2000,PPI_crossfit
glm_wrong,PPI,200,0.5,plugin,TRUE,FALSE,TRUE,1,0,-0.30332836103082955,1.558520658691212,18.372817432274765,0.1390226974626022,-0.3336611971339125,2000,PPI_crossfit
glm_wrong,PPI,200,0.5,plugin,TRUE,TRUE,FALSE,1,0,-0.30332836103082955,1.558520658691212,18.372817432274765,0.1390226974626022,-0.3336611971339125,2000,PPI_crossfit
glm_wrong,PPI,300,0.5,plugin,FALSE,FALSE,FALSE,1,0,1.2869090367707874,1.86532785155277,17.68939368646203,0.2005565881646785,1.4799453922864054,2000,PPI_noncrossfit
glm_wrong,PPI,300,0.5,plugin,FALSE,FALSE,TRUE,1,0,1.2869090367707874,1.86532785155277,17.68939368646203,0.2005565881646785,1.4799453922864054,2000,PPI_noncrossfit
glm_wrong,PPI,300,0.5,plugin,FALSE,TRUE,FALSE,1,0,1.2869090367707874,1.86532785155277,17.68939368646203,0.2005565881646785,1.4799453922864054,2000,PPI_noncrossfit
glm_wrong,PPI,300,0.5,plugin,TRUE,FALSE,FALSE,1,0,-0.6395509128637614,1.3238043361355378,17.89082150311964,0.14862546651250297,-0.7354835497933255,2000,PPI_crossfit
glm_wrong,PPI,300,0.5,plugin,TRUE,FALSE,TRUE,1,0,-0.6395509128637614,1.3238043361355378,17.89082150311964,0.14862546651250297,-0.7354835497933255,2000,PPI_crossfit
glm_wrong,PPI,300,0.5,plugin,TRUE,TRUE,FALSE,1,0,-0.6395509128637614,1.3238043361355378,17.89082150311964,0.14862546651250297,-0.7354835497933255,2000,PPI_crossfit
glm_wrong,PPI++,50,0.5,plugin,FALSE,FALSE,FALSE,0.837248494632988,0.1895058504271762,0.9610822053847907,2.845381805094409,15.9077609906214,0.3217273536800975,0.9851092605194104,2000,PPI++_noncrossfit
glm_wrong,PPI++,50,0.5,plugin,FALSE,FALSE,TRUE,0.4091717704574677,0.41782346779964485,-0.08040515864706933,3.976653370193835,15.805136399441924,0.10975625364074694,-0.08241528761324605,2000,PPI++_independent_split
glm_wrong,PPI++,50,0.5,plugin,FALSE,TRUE,FALSE,0.31985327316757084,0.37034786640906986,-2.6313010801381576,2.224195111071368,16.027711537525033,0.04509987484047557,-2.6970836071416113,2000,PPI++_crossfit
glm_wrong,PPI++,50,0.5,plugin,TRUE,FALSE,FALSE,0.837248494632988,0.1895058504271762,0.9610822053847907,2.845381805094409,15.9077609906214,0.3217273536800975,0.9851092605194104,2000,PPI++_noncrossfit
glm_wrong,PPI++,50,0.5,plugin,TRUE,FALSE,TRUE,0.4091717704574677,0.41782346779964485,-0.08040515864706933,3.976653370193835,15.805136399441924,0.10975625364074694,-0.08241528761324605,2000,PPI++_independent_split
glm_wrong,PPI++,50,0.5,plugin,TRUE,TRUE,FALSE,0.31985327316757084,0.37034786640906986,-2.6313010801381576,2.224195111071368,16.027711537525033,0.04509987484047557,-2.6970836071416113,2000,PPI++_crossfit
glm_wrong,PPI++,100,0.5,plugin,FALSE,FALSE,FALSE,0.8813727178442188,0.14348623558845677,0.9597440891553884,1.865997888414792,16.14947312179691,0.27210067685466705,1.007731293613158,2000,PPI++_noncrossfit
glm_wrong,PPI++,100,0.5,plugin,FALSE,FALSE,TRUE,0.49208559983513367,0.418124773207987,-0.9056908708282654,2.4514312041744244,17.50224467337231,0.1460423151502902,-0.9509754143696787,2000,PPI++_independent_split
glm_wrong,PPI++,100,0.5,plugin,FALSE,TRUE,FALSE,0.3996341975497102,0.39407452019327344,-0.9962401011050162,1.7248281787765,17.689863657245958,0.08995317917038036,-1.046052106160267,2000,PPI++_crossfit
glm_wrong,PPI++,100,0.5,plugin,TRUE,FALSE,FALSE,0.8813727178442188,0.14348623558845677,0.9597440891553884,1.865997888414792,16.14947312179691,0.27210067685466705,1.007731293613158,2000,PPI++_noncrossfit
glm_wrong,PPI++,100,0.5,plugin,TRUE,FALSE,TRUE,0.49208559983513367,0.418124773207987,-0.9056908708282654,2.4514312041744244,17.50224467337231,0.1460423151502902,-0.9509754143696787,2000,PPI++_independent_split
glm_wrong,PPI++,100,0.5,plugin,TRUE,TRUE,FALSE,0.3996341975497102,0.39407452019327344,-0.9962401011050162,1.7248281787765,17.689863657245958,0.08995317917038036,-1.046052106160267,2000,PPI++_crossfit
glm_wrong,PPI++,150,0.5,plugin,FALSE,FALSE,FALSE,0.8832779108648576,0.12675875135873224,0.9329644215977002,1.7203744250385824,16.804832544106066,0.2614422065791154,1.0029367532175277,2000,PPI++_noncrossfit
glm_wrong,PPI++,150,0.5,plugin,FALSE,FALSE,TRUE,0.5359786296676898,0.40837520956126194,-0.1419285193807331,2.1678868932785846,17.153831621840574,0.1449831584021033,-0.15257315833428808,2000,PPI++_independent_split
glm_wrong,PPI++,150,0.5,plugin,FALSE,TRUE,FALSE,0.45652852912966235,0.36667592202924837,-1.024472968887475,1.5854004562018305,17.234132501288283,0.11790977125316189,-1.1013084415540355,2000,PPI++_crossfit
glm_wrong,PPI++,150,0.5,plugin,TRUE,FALSE,FALSE,0.8832779108648576,0.12675875135873224,0.9329644215977002,1.7203744250385824,16.804832544106066,0.2614422065791154,1.0029367532175277,2000,PPI++_noncrossfit
glm_wrong,PPI++,150,0.5,plugin,TRUE,FALSE,TRUE,0.5359786296676898,0.40837520956126194,-0.1419285193807331,2.1678868932785846,17.153831621840574,0.1449831584021033,-0.15257315833428808,2000,PPI++_independent_split
glm_wrong,PPI++,150,0.5,plugin,TRUE,TRUE,FALSE,0.45652852912966235,0.36667592202924837,-1.024472968887475,1.5854004562018305,17.234132501288283,0.11790977125316189,-1.1013084415540355,2000,PPI++_crossfit
glm_wrong,PPI++,200,0.5,plugin,FALSE,FALSE,FALSE,0.8790989311805764,0.11315977256051185,0.9086073783092671,1.5257076763067248,16.36865782187432,0.2547972777669294,0.9994681161401938,2000,PPI++_noncrossfit
glm_wrong,PPI++,200,0.5,plugin,FALSE,FALSE,TRUE,0.5999734193126601,0.39033525595644564,1.6791056641682733,1.877533637425832,17.418796055537488,0.1938317683593904,1.8470162305851008,2000,PPI++_independent_split
glm_wrong,PPI++,200,0.5,plugin,FALSE,TRUE,FALSE,0.49947260774061625,0.36603364654925324,-0.2472514930649307,1.558520658691212,17.31778825764133,0.1390226974626022,-0.27197664237142377,2000,PPI++_crossfit
glm_wrong,PPI++,200,0.5,plugin,TRUE,FALSE,FALSE,0.8790989311805764,0.11315977256051185,0.9086073783092671,1.5257076763067248,16.36865782187432,0.2547972777669294,0.9994681161401938,2000,PPI++_noncrossfit
glm_wrong,PPI++,200,0.5,plugin,TRUE,FALSE,TRUE,0.5999734193126601,0.39033525595644564,1.6791056641682733,1.877533637425832,17.418796055537488,0.1938317683593904,1.8470162305851008,2000,PPI++_independent_split
glm_wrong,PPI++,200,0.5,plugin,TRUE,TRUE,FALSE,0.49947260774061625,0.36603364654925324,-0.2472514930649307,1.558520658691212,17.31778825764133,0.1390226974626022,-0.27197664237142377,2000,PPI++_crossfit
glm_wrong,PPI++,300,0.5,plugin,FALSE,FALSE,FALSE,0.8641005412695126,0.1114468582597341,0.8742584710030054,1.2719538446756675,16.98066157209321,0.23918374767086173,1.005397241653456,2000,PPI++_noncrossfit
glm_wrong,PPI++,300,0.5,plugin,FALSE,FALSE,TRUE,0.610430191674531,0.367401962502341,1.2887067842861686,1.86532785155277,16.97564229101663,0.2005565881646785,1.4820128019290937,2000,PPI++_independent_split
glm_wrong,PPI++,300,0.5,plugin,FALSE,TRUE,FALSE,0.5168501378593445,0.32913133355853935,-0.5998333374224093,1.3238043361355378,17.246620450761423,0.14862546651250297,-0.6898083380357707,2000,PPI++_crossfit
glm_wrong,PPI++,300,0.5,plugin,TRUE,FALSE,FALSE,0.8641005412695126,0.1114468582597341,0.8742584710030054,1.2719538446756675,16.98066157209321,0.23918374767086173,1.005397241653456,2000,PPI++_noncrossfit
glm_wrong,PPI++,300,0.5,plugin,TRUE,FALSE,TRUE,0.610430191674531,0.367401962502341,1.2887067842861686,1.86532785155277,16.97564229101663,0.2005565881646785,1.4820128019290937,2000,PPI++_independent_split
glm_wrong,PPI++,300,0.5,plugin,TRUE,TRUE,FALSE,0.5168501378593445,0.32913133355853935,-0.5998333374224093,1.3238043361355378,17.246620450761423,0.14862546651250297,-0.6898083380357707,2000,PPI++_crossfit
rf,PPI,50,0.5,plugin,FALSE,FALSE,FALSE,1,0,1.393837943019836,3.4346514118856715,11.502886598053085,0.6770690093476815,1.4286838915953317,2000,PPI_noncrossfit
rf,PPI,50,0.5,plugin,FALSE,FALSE,TRUE,1,0,1.393837943019836,3.4346514118856715,11.502886598053085,0.6770690093476815,1.4286838915953317,2000,PPI_noncrossfit
rf,PPI,50,0.5,plugin,FALSE,TRUE,FALSE,1,0,1.393837943019836,3.4346514118856715,11.502886598053085,0.6770690093476815,1.4286838915953317,2000,PPI_noncrossfit
rf,PPI,50,0.5,plugin,TRUE,FALSE,FALSE,1,0,1.2512542527909447,2.7481640567152574,12.341594290579799,0.6051433169334939,1.2825356091107183,2000,PPI_crossfit
rf,PPI,50,0.5,plugin,TRUE,FALSE,TRUE,1,0,1.2512542527909447,2.7481640567152574,12.341594290579799,0.6051433169334939,1.2825356091107183,2000,PPI_crossfit
rf,PPI,50,0.5,plugin,TRUE,TRUE,FALSE,1,0,1.2512542527909447,2.7481640567152574,12.341594290579799,0.6051433169334939,1.2825356091107183,2000,PPI_crossfit
rf,PPI,100,0.5,plugin,FALSE,FALSE,FALSE,1,0,1.234940976199547,4.8522787684930035,8.817602115940273,0.7700195777063111,1.2966880250095243,2000,PPI_noncrossfit
rf,PPI,100,0.5,plugin,FALSE,FALSE,TRUE,1,0,1.234940976199547,4.8522787684930035,8.817602115940273,0.7700195777063111,1.2966880250095243,2000,PPI_noncrossfit
rf,PPI,100,0.5,plugin,FALSE,TRUE,FALSE,1,0,1.234940976199547,4.8522787684930035,8.817602115940273,0.7700195777063111,1.2966880250095243,2000,PPI_noncrossfit
rf,PPI,100,0.5,plugin,TRUE,FALSE,FALSE,1,0,1.213839010745785,4.0608517295174975,9.370006509809686,0.7411223028680717,1.2745309612830744,2000,PPI_crossfit
rf,PPI,100,0.5,plugin,TRUE,FALSE,TRUE,1,0,1.213839010745785,4.0608517295174975,9.370006509809686,0.7411223028680717,1.2745309612830744,2000,PPI_crossfit
rf,PPI,100,0.5,plugin,TRUE,TRUE,FALSE,1,0,1.213839010745785,4.0608517295174975,9.370006509809686,0.7411223028680717,1.2745309612830744,2000,PPI_crossfit
rf,PPI,150,0.5,plugin,FALSE,FALSE,FALSE,1,0,1.1536389923466672,5.6880652985011935,7.8073109512556105,0.8086902096172435,1.2401619167726672,2000,PPI_noncrossfit
rf,PPI,150,0.5,plugin,FALSE,FALSE,TRUE,1,0,1.1536389923466672,5.6880652985011935,7.8073109512556105,0.8086902096172435,1.2401619167726672,2000,PPI_noncrossfit
rf,PPI,150,0.5,plugin,FALSE,TRUE,FALSE,1,0,1.1536389923466672,5.6880652985011935,7.8073109512556105,0.8086902096172435,1.2401619167726672,2000,PPI_noncrossfit
rf,PPI,150,0.5,plugin,TRUE,FALSE,FALSE,1,0,1.1398105652503359,4.997570334622604,7.725611906977772,0.792587543041049,1.2252963576441112,2000,PPI_crossfit
rf,PPI,150,0.5,plugin,TRUE,FALSE,TRUE,1,0,1.1398105652503359,4.997570334622604,7.725611906977772,0.792587543041049,1.2252963576441112,2000,PPI_crossfit
rf,PPI,150,0.5,plugin,TRUE,TRUE,FALSE,1,0,1.1398105652503359,4.997570334622604,7.725611906977772,0.792587543041049,1.2252963576441112,2000,PPI_crossfit
rf,PPI,200,0.5,plugin,FALSE,FALSE,FALSE,1,0,1.0985692200744313,6.220336700468201,7.2709891031864755,0.8273193793327066,1.2084261420818745,2000,PPI_noncrossfit
rf,PPI,200,0.5,plugin,FALSE,FALSE,TRUE,1,0,1.0985692200744313,6.220336700468201,7.2709891031864755,0.8273193793327066,1.2084261420818745,2000,PPI_noncrossfit
rf,PPI,200,0.5,plugin,FALSE,TRUE,FALSE,1,0,1.0985692200744313,6.220336700468201,7.2709891031864755,0.8273193793327066,1.2084261420818745,2000,PPI_noncrossfit
rf,PPI,200,0.5,plugin,TRUE,FALSE,FALSE,1,0,1.0791767389359075,5.7473655632732035,6.875760182073053,0.8188243425334225,1.1870944128294982,2000,PPI_crossfit
rf,PPI,200,0.5,plugin,TRUE,FALSE,TRUE,1,0,1.0791767389359075,5.7473655632732035,6.875760182073053,0.8188243425334225,1.1870944128294982,2000,PPI_crossfit
rf,PPI,200,0.5,plugin,TRUE,TRUE,FALSE,1,0,1.0791767389359075,5.7473655632732035,6.875760182073053,0.8188243425334225,1.1870944128294982,2000,PPI_crossfit
rf,PPI,300,0.5,plugin,FALSE,FALSE,FALSE,1,0,1.0052953917181426,7.266002149558178,6.070504842566357,0.8564892250430831,1.156089700475864,2000,PPI_noncrossfit
rf,PPI,300,0.5,plugin,FALSE,FALSE,TRUE,1,0,1.0052953917181426,7.266002149558178,6.070504842566357,0.8564892250430831,1.156089700475864,2000,PPI_noncrossfit
rf,PPI,300,0.5,plugin,FALSE,TRUE,FALSE,1,0,1.0052953917181426,7.266002149558178,6.070504842566357,0.8564892250430831,1.156089700475864,2000,PPI_noncrossfit
rf,PPI,300,0.5,plugin,TRUE,FALSE,FALSE,1,0,0.9986505708160759,6.876177764128055,5.860244439323317,0.8531774770242612,1.1484481564384872,2000,PPI_crossfit
rf,PPI,300,0.5,plugin,TRUE,FALSE,TRUE,1,0,0.9986505708160759,6.876177764128055,5.860244439323317,0.8531774770242612,1.1484481564384872,2000,PPI_crossfit
rf,PPI,300,0.5,plugin,TRUE,TRUE,FALSE,1,0,0.9986505708160759,6.876177764128055,5.860244439323317,0.8531774770242612,1.1484481564384872,2000,PPI_crossfit
rf,PPI++,50,0.5,plugin,FALSE,FALSE,FALSE,1,0,1.1142733085434098,4.777077988014123,1.9953547565202017,0.9718057076060602,1.1421301412569949,2000,PPI++_noncrossfit
rf,PPI++,50,0.5,plugin,FALSE,FALSE,TRUE,0.9247550221518794,0.1643144361779588,1.395830121463752,3.4346514118856715,11.51423596910925,0.6770690093476815,1.4307258745003457,2000,PPI++_independent_split
rf,PPI++,50,0.5,plugin,FALSE,TRUE,FALSE,0.9495508537883688,0.14754145875353197,1.2513959208024206,2.7481640567152574,12.263715255650338,0.6051433169334939,1.282680818822481,2000,PPI++_crossfit
rf,PPI++,50,0.5,plugin,TRUE,FALSE,FALSE,1,0,1.1142733085434098,4.777077988014123,1.9953547565202017,0.9718057076060602,1.1421301412569949,2000,PPI++_noncrossfit
rf,PPI++,50,0.5,plugin,TRUE,FALSE,TRUE,0.9247550221518794,0.1643144361779588,1.395830121463752,3.4346514118856715,11.51423596910925,0.6770690093476815,1.4307258745003457,2000,PPI++_independent_split
rf,PPI++,50,0.5,plugin,TRUE,TRUE,FALSE,0.9495508537883688,0.14754145875353197,1.2513959208024206,2.7481640567152574,12.263715255650338,0.6051433169334939,1.282680818822481,2000,PPI++_crossfit
rf,PPI++,100,0.5,plugin,FALSE,FALSE,FALSE,0.999945892039247,0.0012098907836764925,1.0299989479017186,6.2402678896813955,1.4545558247332442,0.9771078881625996,1.0814988952968045,2000,PPI++_noncrossfit
rf,PPI++,100,0.5,plugin,FALSE,FALSE,TRUE,0.951778844533409,0.11157964360852342,1.2384740478569287,4.8522787684930035,8.885735302893007,0.7700195777063111,1.3003977502497752,2000,PPI++_independent_split
rf,PPI++,100,0.5,plugin,FALSE,TRUE,FALSE,0.9857431259473239,0.05908541132758358,1.2145754831399513,4.0608517295174975,9.376535257752488,0.7411223028680717,1.275304257296949,2000,PPI++_crossfit
rf,PPI++,100,0.5,plugin,TRUE,FALSE,FALSE,0.999945892039247,0.0012098907836764925,1.0299989479017186,6.2402678896813955,1.4545558247332442,0.9771078881625996,1.0814988952968045,2000,PPI++_noncrossfit
rf,PPI++,100,0.5,plugin,TRUE,FALSE,TRUE,0.951778844533409,0.11157964360852342,1.2384740478569287,4.8522787684930035,8.885735302893007,0.7700195777063111,1.3003977502497752,2000,PPI++_independent_split
rf,PPI++,100,0.5,plugin,TRUE,TRUE,FALSE,0.9857431259473239,0.05908541132758358,1.2145754831399513,4.0608517295174975,9.376535257752488,0.7411223028680717,1.275304257296949,2000,PPI++_crossfit
rf,PPI++,150,0.5,plugin,FALSE,FALSE,FALSE,0.9998654832029891,0.001869930285770012,0.9863540010801927,7.320886752796548,1.3224840935535922,0.9784003817346008,1.0603305511612071,2000,PPI++_noncrossfit
rf,PPI++,150,0.5,plugin,FALSE,FALSE,TRUE,0.9682522481703945,0.09166993216122549,1.1564561777505422,5.6880652985011935,7.868749378379932,0.8086902096172435,1.243190391081833,2000,PPI++_independent_split
rf,PPI++,150,0.5,plugin,FALSE,TRUE,FALSE,0.9934660582824013,0.02867916557657542,1.1405044193011757,4.997570334622604,7.738804543734541,0.792587543041049,1.2260422507487638,2000,PPI++_crossfit
rf,PPI++,150,0.5,plugin,TRUE,FALSE,FALSE,0.9998654832029891,0.001869930285770012,0.9863540010801927,7.320886752796548,1.3224840935535922,0.9784003817346008,1.0603305511612071,2000,PPI++_noncrossfit
rf,PPI++,150,0.5,plugin,TRUE,FALSE,TRUE,0.9682522481703945,0.09166993216122549,1.1564561777505422,5.6880652985011935,7.868749378379932,0.8086902096172435,1.243190391081833,2000,PPI++_independent_split
rf,PPI++,150,0.5,plugin,TRUE,TRUE,FALSE,0.9934660582824013,0.02867916557657542,1.1405044193011757,4.997570334622604,7.738804543734541,0.792587543041049,1.2260422507487638,2000,PPI++_crossfit
rf,PPI++,200,0.5,plugin,FALSE,FALSE,FALSE,0.9990466678643745,0.008903775024476656,0.9544729082063282,8.100274924428339,1.2186908474226905,0.9802838843172741,1.049920199026961,2000,PPI++_noncrossfit
rf,PPI++,200,0.5,plugin,FALSE,FALSE,TRUE,0.9713646988249438,0.07650949481550297,1.1019051490884515,6.220336700468201,7.355236454667585,0.8273193793327066,1.2120956639972966,2000,PPI++_independent_split
rf,PPI++,200,0.5,plugin,FALSE,TRUE,FALSE,0.9946335867604245,0.022574350966164992,1.0798158693541606,5.7473655632732035,6.888568275749022,0.8188243425334225,1.1877974562895768,2000,PPI++_crossfit
rf,PPI++,200,0.5,plugin,TRUE,FALSE,FALSE,0.9990466678643745,0.008903775024476656,0.9544729082063282,8.100274924428339,1.2186908474226905,0.9802838843172741,1.049920199026961,2000,PPI++_noncrossfit
rf,PPI++,200,0.5,plugin,TRUE,FALSE,TRUE,0.9713646988249438,0.07650949481550297,1.1019051490884515,6.220336700468201,7.355236454667585,0.8273193793327066,1.2120956639972966,2000,PPI++_independent_split
rf,PPI++,200,0.5,plugin,TRUE,TRUE,FALSE,0.9946335867604245,0.022574350966164992,1.0798158693541606,5.7473655632732035,6.888568275749022,0.8188243425334225,1.1877974562895768,2000,PPI++_crossfit
rf,PPI++,300,0.5,plugin,FALSE,FALSE,FALSE,0.9979976326756446,0.013913053375020551,0.8991857853152118,9.202939294229443,1.0020098145234104,0.9826009986379812,1.0340636531124934,2000,PPI++_noncrossfit
rf,PPI++,300,0.5,plugin,FALSE,FALSE,TRUE,0.973120976701717,0.06814859112428405,1.0085766247048142,7.266002149558178,6.15512494009829,0.8564892250430831,1.1598631184105364,2000,PPI++_independent_split
rf,PPI++,300,0.5,plugin,FALSE,TRUE,FALSE,0.9906358040383708,0.02976223607808841,0.9999444803419149,6.876177764128055,5.8896101568963095,0.8531774770242612,1.149936152393202,2000,PPI++_crossfit
rf,PPI++,300,0.5,plugin,TRUE,FALSE,FALSE,0.9979976326756446,0.013913053375020551,0.8991857853152118,9.202939294229443,1.0020098145234104,0.9826009986379812,1.0340636531124934,2000,PPI++_noncrossfit
rf,PPI++,300,0.5,plugin,TRUE,FALSE,TRUE,0.973120976701717,0.06814859112428405,1.0085766247048142,7.266002149558178,6.15512494009829,0.8564892250430831,1.1598631184105364,2000,PPI++_independent_split
rf,PPI++,300,0.5,plugin,TRUE,TRUE,FALSE,0.9906358040383708,0.02976223607808841,0.9999444803419149,6.876177764128055,5.8896101568963095,0.8531774770242612,1.149936152393202,2000,PPI++_crossfit
glm_correct,PPI,50,0.55,plugin,FALSE,FALSE,FALSE,1,0,0.9615152477348147,17.43043668003169,1.276781381842545,0.9490148197120085,0.9855531289281849,2000,PPI_noncrossfit
glm_correct,PPI,50,0.55,plugin,FALSE,FALSE,TRUE,1,0,0.9615152477348147,17.43043668003169,1.276781381842545,0.9490148197120085,0.9855531289281849,2000,PPI_noncrossfit
glm_correct,PPI,50,0.55,plugin,FALSE,TRUE,FALSE,1,0,0.9615152477348147,17.43043668003169,1.276781381842545,0.9490148197120085,0.9855531289281849,2000,PPI_noncrossfit
glm_correct,PPI,50,0.55,plugin,TRUE,FALSE,FALSE,1,0,0.9596470211632628,17.368486294025903,1.3961166606428488,0.9453169012438382,0.9836381966923443,2000,PPI_crossfit
glm_correct,PPI,50,0.55,plugin,TRUE,FALSE,TRUE,1,0,0.9596470211632628,17.368486294025903,1.3961166606428488,0.9453169012438382,0.9836381966923443,2000,PPI_crossfit
glm_correct,PPI,50,0.55,plugin,TRUE,TRUE,FALSE,1,0,0.9596470211632628,17.368486294025903,1.3961166606428488,0.9453169012438382,0.9836381966923443,2000,PPI_crossfit
glm_correct,PPI,100,0.55,plugin,FALSE,FALSE,FALSE,1,0,0.9479602388008264,17.08719441173925,1.0666643465646402,0.9649700402818863,0.9953582507408677,2000,PPI_noncrossfit
glm_correct,PPI,100,0.55,plugin,FALSE,FALSE,TRUE,1,0,0.9479602388008264,17.08719441173925,1.0666643465646402,0.9649700402818863,0.9953582507408677,2000,PPI_noncrossfit
glm_correct,PPI,100,0.55,plugin,FALSE,TRUE,FALSE,1,0,0.9479602388008264,17.08719441173925,1.0666643465646402,0.9649700402818863,0.9953582507408677,2000,PPI_noncrossfit
glm_correct,PPI,100,0.55,plugin,TRUE,FALSE,FALSE,1,0,0.9460268176940897,17.012824821430815,1.1214236744999968,0.9615069902323784,0.9933281585787942,2000,PPI_crossfit
glm_correct,PPI,100,0.55,plugin,TRUE,FALSE,TRUE,1,0,0.9460268176940897,17.012824821430815,1.1214236744999968,0.9615069902323784,0.9933281585787942,2000,PPI_crossfit
glm_correct,PPI,100,0.55,plugin,TRUE,TRUE,FALSE,1,0,0.9460268176940897,17.012824821430815,1.1214236744999968,0.9615069902323784,0.9933281585787942,2000,PPI_crossfit
glm_correct,PPI,150,0.55,plugin,FALSE,FALSE,FALSE,1,0,0.9267832431374059,16.897757578676213,1.0579157160209485,0.96585248162913,0.9962919863727113,2000,PPI_noncrossfit
glm_correct,PPI,150,0.55,plugin,FALSE,FALSE,TRUE,1,0,0.9267832431374059,16.897757578676213,1.0579157160209485,0.96585248162913,0.9962919863727113,2000,PPI_noncrossfit
glm_correct,PPI,150,0.55,plugin,FALSE,TRUE,FALSE,1,0,0.9267832431374059,16.897757578676213,1.0579157160209485,0.96585248162913,0.9962919863727113,2000,PPI_noncrossfit
glm_correct,PPI,150,0.55,plugin,TRUE,FALSE,FALSE,1,0,0.9257039581397399,17.086765940553825,1.0735184481054765,0.9646678840924694,0.9951317550002204,2000,PPI_crossfit
glm_correct,PPI,150,0.55,plugin,TRUE,FALSE,TRUE,1,0,0.9257039581397399,17.086765940553825,1.0735184481054765,0.9646678840924694,0.9951317550002204,2000,PPI_crossfit
glm_correct,PPI,150,0.55,plugin,TRUE,TRUE,FALSE,1,0,0.9257039581397399,17.086765940553825,1.0735184481054765,0.9646678840924694,0.9951317550002204,2000,PPI_crossfit
glm_correct,PPI,200,0.55,plugin,FALSE,FALSE,FALSE,1,0,0.9068105205123267,16.919910521992787,1.0345031122674606,0.9677453212929374,0.9974915725635594,2000,PPI_noncrossfit
glm_correct,PPI,200,0.55,plugin,FALSE,FALSE,TRUE,1,0,0.9068105205123267,16.919910521992787,1.0345031122674606,0.9677453212929374,0.9974915725635594,2000,PPI_noncrossfit
glm_correct,PPI,200,0.55,plugin,FALSE,TRUE,FALSE,1,0,0.9068105205123267,16.919910521992787,1.0345031122674606,0.9677453212929374,0.9974915725635594,2000,PPI_noncrossfit
glm_correct,PPI,200,0.55,plugin,TRUE,FALSE,FALSE,1,0,0.9060163469090141,16.984630587744977,1.0532612561360828,0.9666596494498496,0.9966179815999155,2000,PPI_crossfit
glm_correct,PPI,200,0.55,plugin,TRUE,FALSE,TRUE,1,0,0.9060163469090141,16.984630587744977,1.0532612561360828,0.9666596494498496,0.9966179815999155,2000,PPI_crossfit
glm_correct,PPI,200,0.55,plugin,TRUE,TRUE,FALSE,1,0,0.9060163469090141,16.984630587744977,1.0532612561360828,0.9666596494498496,0.9966179815999155,2000,PPI_crossfit
glm_correct,PPI,300,0.55,plugin,FALSE,FALSE,FALSE,1,0,0.8676188066462989,17.075041451500223,1.0223479041589634,0.9685799641022974,0.9977616276432436,2000,PPI_noncrossfit
glm_correct,PPI,300,0.55,plugin,FALSE,FALSE,TRUE,1,0,0.8676188066462989,17.075041451500223,1.0223479041589634,0.9685799641022974,0.9977616276432436,2000,PPI_noncrossfit
glm_correct,PPI,300,0.55,plugin,FALSE,TRUE,FALSE,1,0,0.8676188066462989,17.075041451500223,1.0223479041589634,0.9685799641022974,0.9977616276432436,2000,PPI_noncrossfit
glm_correct,PPI,300,0.55,plugin,TRUE,FALSE,FALSE,1,0,0.8672933108206086,17.032780574279585,1.039183003911575,0.9677857598002145,0.9973873074436997,2000,PPI_crossfit
glm_correct,PPI,300,0.55,plugin,TRUE,FALSE,TRUE,1,0,0.8672933108206086,17.032780574279585,1.039183003911575,0.9677857598002145,0.9973873074436997,2000,PPI_crossfit
glm_correct,PPI,300,0.55,plugin,TRUE,TRUE,FALSE,1,0,0.8672933108206086,17.032780574279585,1.039183003911575,0.9677857598002145,0.9973873074436997,2000,PPI_crossfit
glm_correct,PPI++,50,0.55,plugin,FALSE,FALSE,FALSE,0.726162361704627,0.2706462923097799,0.9886951639681655,16.984770458208136,1.9785143715317277,0.9600541545725166,1.0134125430673695,2000,PPI++_noncrossfit
glm_correct,PPI++,50,0.55,plugin,FALSE,FALSE,TRUE,0.6839734902216453,0.275929182753045,0.9874939675496025,17.43043668003169,2.3250751624375763,0.9490148197120085,1.0121813167383424,2000,PPI++_independent_split
glm_correct,PPI++,50,0.55,plugin,FALSE,TRUE,FALSE,0.6965215954080625,0.2613171722842752,0.9851561574257589,17.368486294025903,2.4402369750888484,0.9453169012438382,1.0097850613614028,2000,PPI++_crossfit
glm_correct,PPI++,50,0.55,plugin,TRUE,FALSE,FALSE,0.726162361704627,0.2706462923097799,0.9886951639681655,16.984770458208136,1.9785143715317277,0.9600541545725166,1.0134125430673695,2000,PPI++_noncrossfit
glm_correct,PPI++,50,0.55,plugin,TRUE,FALSE,TRUE,0.6839734902216453,0.275929182753045,0.9874939675496025,17.43043668003169,2.3250751624375763,0.9490148197120085,1.0121813167383424,2000,PPI++_independent_split
glm_correct,PPI++,50,0.55,plugin,TRUE,TRUE,FALSE,0.6965215954080625,0.2613171722842752,0.9851561574257589,17.368486294025903,2.4402369750888484,0.9453169012438382,1.0097850613614028,2000,PPI++_crossfit
glm_correct,PPI++,100,0.55,plugin,FALSE,FALSE,FALSE,0.7806060906555916,0.22357513879766347,0.9671187463548981,17.057086100131947,1.8300883384915543,0.9659520331594825,1.0154746836726432,2000,PPI++_noncrossfit
glm_correct,PPI++,100,0.55,plugin,FALSE,FALSE,TRUE,0.7854537300317058,0.22163306892306595,0.968052863659294,17.08719441173925,1.8829279261718297,0.9649700402818863,1.0164555068422587,2000,PPI++_independent_split
glm_correct,PPI++,100,0.55,plugin,FALSE,TRUE,FALSE,0.7861659816874043,0.2265477264292535,0.9660527086927642,17.012824821430815,1.9396825015174033,0.9615069902323784,1.0143553441274025,2000,PPI++_crossfit
glm_correct,PPI++,100,0.55,plugin,TRUE,FALSE,FALSE,0.7806060906555916,0.22357513879766347,0.9671187463548981,17.057086100131947,1.8300883384915543,0.9659520331594825,1.0154746836726432,2000,PPI++_noncrossfit
glm_correct,PPI++,100,0.55,plugin,TRUE,FALSE,TRUE,0.7854537300317058,0.22163306892306595,0.968052863659294,17.08719441173925,1.8829279261718297,0.9649700402818863,1.0164555068422587,2000,PPI++_independent_split
glm_correct,PPI++,100,0.55,plugin,TRUE,TRUE,FALSE,0.7861659816874043,0.2265477264292535,0.9660527086927642,17.012824821430815,1.9396825015174033,0.9615069902323784,1.0143553441274025,2000,PPI++_crossfit
glm_correct,PPI++,150,0.55,plugin,FALSE,FALSE,FALSE,0.810353517897356,0.20024855509376288,0.9443354651935828,17.032209106555637,1.7303968659379463,0.968052297935601,1.0151606250831016,2000,PPI++_noncrossfit
glm_correct,PPI++,150,0.55,plugin,FALSE,FALSE,TRUE,0.8035319804191473,0.19802420302404047,0.9453083162161673,16.897757578676213,1.8305192610611094,0.96585248162913,1.0162064399323798,2000,PPI++_independent_split
glm_correct,PPI++,150,0.55,plugin,FALSE,TRUE,FALSE,0.8012531604378856,0.20470199595019822,0.9442301010209269,17.086765940553825,1.8714612468362846,0.9646678840924694,1.0150473585974964,2000,PPI++_crossfit
glm_correct,PPI++,150,0.55,plugin,TRUE,FALSE,FALSE,0.810353517897356,0.20024855509376288,0.9443354651935828,17.032209106555637,1.7303968659379463,0.968052297935601,1.0151606250831016,2000,PPI++_noncrossfit
glm_correct,PPI++,150,0.55,plugin,TRUE,FALSE,TRUE,0.8035319804191473,0.19802420302404047,0.9453083162161673,16.897757578676213,1.8305192610611094,0.96585248162913,1.0162064399323798,2000,PPI++_independent_split
glm_correct,PPI++,150,0.55,plugin,TRUE,TRUE,FALSE,0.8012531604378856,0.20470199595019822,0.9442301010209269,17.086765940553825,1.8714612468362846,0.9646678840924694,1.0150473585974964,2000,PPI++_crossfit
glm_correct,PPI++,200,0.55,plugin,FALSE,FALSE,FALSE,0.806999749776501,0.18676012551120658,0.9235037099796111,17.081440219421673,1.7606294412249832,0.9680065715868642,1.0158540809775722,2000,PPI++_noncrossfit
glm_correct,PPI++,200,0.55,plugin,FALSE,FALSE,TRUE,0.8174194347713876,0.18803328434028105,0.9234979902283623,16.919910521992787,1.7545918908059635,0.9677453212929374,1.0158477892511986,2000,PPI++_independent_split
glm_correct,PPI++,200,0.55,plugin,FALSE,TRUE,FALSE,0.818904270848704,0.1861806106736234,0.922223796494278,16.984630587744977,1.7434334571147996,0.9666596494498496,1.0144461761437058,2000,PPI++_crossfit
glm_correct,PPI++,200,0.55,plugin,TRUE,FALSE,FALSE,0.806999749776501,0.18676012551120658,0.9235037099796111,17.081440219421673,1.7606294412249832,0.9680065715868642,1.0158540809775722,2000,PPI++_noncrossfit
glm_correct,PPI++,200,0.55,plugin,TRUE,FALSE,TRUE,0.8174194347713876,0.18803328434028105,0.9234979902283623,16.919910521992787,1.7545918908059635,0.9677453212929374,1.0158477892511986,2000,PPI++_independent_split
glm_correct,PPI++,200,0.55,plugin,TRUE,TRUE,FALSE,0.818904270848704,0.1861806106736234,0.922223796494278,16.984630587744977,1.7434334571147996,0.9666596494498496,1.0144461761437058,2000,PPI++_crossfit
glm_correct,PPI++,300,0.55,plugin,FALSE,FALSE,FALSE,0.8163665022137329,0.16761298321091647,0.8845518272534736,16.920287057744513,1.7368370919575467,0.9696097578446224,1.0172346013414946,2000,PPI++_noncrossfit
glm_correct,PPI++,300,0.55,plugin,FALSE,FALSE,TRUE,0.8105382238379254,0.16968319833865797,0.8845737707039035,17.075041451500223,1.7812420311321513,0.9685799641022974,1.017259836309489,2000,PPI++_independent_split
glm_correct,PPI++,300,0.55,plugin,FALSE,TRUE,FALSE,0.8055621637559176,0.1737292928818494,0.8849561655464278,17.032780574279585,1.8367471594188713,0.9677857598002145,1.0176995903783919,2000,PPI++_crossfit
glm_correct,PPI++,300,0.55,plugin,TRUE,FALSE,FALSE,0.8163665022137329,0.16761298321091647,0.8845518272534736,16.920287057744513,1.7368370919575467,0.9696097578446224,1.0172346013414946,2000,PPI++_noncrossfit
glm_correct,PPI++,300,0.55,plugin,TRUE,FALSE,TRUE,0.8105382238379254,0.16968319833865797,0.8845737707039035,17.075041451500223,1.7812420311321513,0.9685799641022974,1.017259836309489,2000,PPI++_independent_split
glm_correct,PPI++,300,0.55,plugin,TRUE,TRUE,FALSE,0.8055621637559176,0.1737292928818494,0.8849561655464278,17.032780574279585,1.8367471594188713,0.9677857598002145,1.0176995903783919,2000,PPI++_crossfit
glm_mis,PPI,50,0.55,plugin,FALSE,FALSE,FALSE,1,0,1.0608301851420936,10.95060421049428,9.33014872643282,0.7463313489850375,1.0873509397706458,2000,PPI_noncrossfit
glm_mis,PPI,50,0.55,plugin,FALSE,FALSE,TRUE,1,0,1.0608301851420936,10.95060421049428,9.33014872643282,0.7463313489850375,1.0873509397706458,2000,PPI_noncrossfit
glm_mis,PPI,50,0.55,plugin,FALSE,TRUE,FALSE,1,0,1.0608301851420936,10.95060421049428,9.33014872643282,0.7463313489850375,1.0873509397706458,2000,PPI_noncrossfit
glm_mis,PPI,50,0.55,plugin,TRUE,FALSE,FALSE,1,0,0.9200807205999597,9.30785165447589,9.30305219974046,0.6926600890290265,0.9430827386149586,2000,PPI_crossfit
glm_mis,PPI,50,0.55,plugin,TRUE,FALSE,TRUE,1,0,0.9200807205999597,9.30785165447589,9.30305219974046,0.6926600890290265,0.9430827386149586,2000,PPI_crossfit
glm_mis,PPI,50,0.55,plugin,TRUE,TRUE,FALSE,1,0,0.9200807205999597,9.30785165447589,9.30305219974046,0.6926600890290265,0.9430827386149586,2000,PPI_crossfit
glm_mis,PPI,100,0.55,plugin,FALSE,FALSE,FALSE,1,0,1.0350795202775478,10.177452776173043,9.284794534731224,0.7532908951812136,1.0868334962914252,2000,PPI_noncrossfit
glm_mis,PPI,100,0.55,plugin,FALSE,FALSE,TRUE,1,0,1.0350795202775478,10.177452776173043,9.284794534731224,0.7532908951812136,1.0868334962914252,2000,PPI_noncrossfit
glm_mis,PPI,100,0.55,plugin,FALSE,TRUE,FALSE,1,0,1.0350795202775478,10.177452776173043,9.284794534731224,0.7532908951812136,1.0868334962914252,2000,PPI_noncrossfit
glm_mis,PPI,100,0.55,plugin,TRUE,FALSE,FALSE,1,0,0.9185219905166081,10.015987111818617,9.616396779074945,0.7058003766413335,0.9644480900424386,2000,PPI_crossfit
glm_mis,PPI,100,0.55,plugin,TRUE,FALSE,TRUE,1,0,0.9185219905166081,10.015987111818617,9.616396779074945,0.7058003766413335,0.9644480900424386,2000,PPI_crossfit
glm_mis,PPI,100,0.55,plugin,TRUE,TRUE,FALSE,1,0,0.9185219905166081,10.015987111818617,9.616396779074945,0.7058003766413335,0.9644480900424386,2000,PPI_crossfit
glm_mis,PPI,150,0.55,plugin,FALSE,FALSE,FALSE,1,0,0.9772192052344061,10.314694552323946,8.791159780953311,0.7517249303590751,1.0505106456269866,2000,PPI_noncrossfit
glm_mis,PPI,150,0.55,plugin,FALSE,FALSE,TRUE,1,0,0.9772192052344061,10.314694552323946,8.791159780953311,0.7517249303590751,1.0505106456269866,2000,PPI_noncrossfit
glm_mis,PPI,150,0.55,plugin,FALSE,TRUE,FALSE,1,0,0.9772192052344061,10.314694552323946,8.791159780953311,0.7517249303590751,1.0505106456269866,2000,PPI_noncrossfit
glm_mis,PPI,150,0.55,plugin,TRUE,FALSE,FALSE,1,0,0.9090405106383674,9.934372447605242,8.905466220066447,0.7209874222024113,0.977218548936245,2000,PPI_crossfit
glm_mis,PPI,150,0.55,plugin,TRUE,FALSE,TRUE,1,0,0.9090405106383674,9.934372447605242,8.905466220066447,0.7209874222024113,0.977218548936245,2000,PPI_crossfit
glm_mis,PPI,150,0.55,plugin,TRUE,TRUE,FALSE,1,0,0.9090405106383674,9.934372447605242,8.905466220066447,0.7209874222024113,0.977218548936245,2000,PPI_crossfit
glm_mis,PPI,200,0.55,plugin,FALSE,FALSE,FALSE,1,0,0.9488748882051056,10.17826812183268,8.870314995751736,0.7486061508357796,1.0437623770256161,2000,PPI_noncrossfit
glm_mis,PPI,200,0.55,plugin,FALSE,FALSE,TRUE,1,0,0.9488748882051056,10.17826812183268,8.870314995751736,0.7486061508357796,1.0437623770256161,2000,PPI_noncrossfit
glm_mis,PPI,200,0.55,plugin,FALSE,TRUE,FALSE,1,0,0.9488748882051056,10.17826812183268,8.870314995751736,0.7486061508357796,1.0437623770256161,2000,PPI_noncrossfit
glm_mis,PPI,200,0.55,plugin,TRUE,FALSE,FALSE,1,0,0.892351632619633,10.02057896051697,8.863465706700492,0.7249935637558934,0.9815867958815964,2000,PPI_crossfit
glm_mis,PPI,200,0.55,plugin,TRUE,FALSE,TRUE,1,0,0.892351632619633,10.02057896051697,8.863465706700492,0.7249935637558934,0.9815867958815964,2000,PPI_crossfit
glm_mis,PPI,200,0.55,plugin,TRUE,TRUE,FALSE,1,0,0.892351632619633,10.02057896051697,8.863465706700492,0.7249935637558934,0.9815867958815964,2000,PPI_crossfit
glm_mis,PPI,300,0.55,plugin,FALSE,FALSE,FALSE,1,0,0.8927897157583149,10.335007808524008,8.367328785897534,0.7506892510289755,1.026708173122062,2000,PPI_noncrossfit
glm_mis,PPI,300,0.55,plugin,FALSE,FALSE,TRUE,1,0,0.8927897157583149,10.335007808524008,8.367328785897534,0.7506892510289755,1.026708173122062,2000,PPI_noncrossfit
glm_mis,PPI,300,0.55,plugin,FALSE,TRUE,FALSE,1,0,0.8927897157583149,10.335007808524008,8.367328785897534,0.7506892510289755,1.026708173122062,2000,PPI_noncrossfit
glm_mis,PPI,300,0.55,plugin,TRUE,FALSE,FALSE,1,0,0.8584148208866758,9.920563382609116,8.544188195513868,0.7305949729344714,0.987177044019677,2000,PPI_crossfit
glm_mis,PPI,300,0.55,plugin,TRUE,FALSE,TRUE,1,0,0.8584148208866758,9.920563382609116,8.544188195513868,0.7305949729344714,0.987177044019677,2000,PPI_crossfit
glm_mis,PPI,300,0.55,plugin,TRUE,TRUE,FALSE,1,0,0.8584148208866758,9.920563382609116,8.544188195513868,0.7305949729344714,0.987177044019677,2000,PPI_crossfit
glm_mis,PPI++,50,0.55,plugin,FALSE,FALSE,FALSE,0.9135420813896379,0.11043714709452548,0.9786371048070943,10.674146078605297,7.348220233686617,0.7817471157552551,1.0031030324272716,2000,PPI++_noncrossfit
glm_mis,PPI++,50,0.55,plugin,FALSE,FALSE,TRUE,0.8034445095710799,0.23860347336761784,1.0468137404469968,10.95060421049428,8.165501216133535,0.7463313489850375,1.0729840839581717,2000,PPI++_independent_split
glm_mis,PPI++,50,0.55,plugin,FALSE,TRUE,FALSE,0.8588564827099322,0.14449197189898452,0.9187243716974226,9.30785165447589,9.148130848238004,0.6926600890290265,0.9416924809898581,2000,PPI++_crossfit
glm_mis,PPI++,50,0.55,plugin,TRUE,FALSE,FALSE,0.9135420813896379,0.11043714709452548,0.9786371048070943,10.674146078605297,7.348220233686617,0.7817471157552551,1.0031030324272716,2000,PPI++_noncrossfit
glm_mis,PPI++,50,0.55,plugin,TRUE,FALSE,TRUE,0.8034445095710799,0.23860347336761784,1.0468137404469968,10.95060421049428,8.165501216133535,0.7463313489850375,1.0729840839581717,2000,PPI++_independent_split
glm_mis,PPI++,50,0.55,plugin,TRUE,TRUE,FALSE,0.8588564827099322,0.14449197189898452,0.9187243716974226,9.30785165447589,9.148130848238004,0.6926600890290265,0.9416924809898581,2000,PPI++_crossfit
glm_mis,PPI++,100,0.55,plugin,FALSE,FALSE,FALSE,0.9260003319812257,0.08057076505735299,0.956312234834579,10.213568879433732,7.45112716915437,0.7703508027142775,1.004127846576308,2000,PPI++_noncrossfit
glm_mis,PPI++,100,0.55,plugin,FALSE,FALSE,TRUE,0.8669823280481165,0.17448786781166786,1.028048892953238,10.177452776173043,8.763625262561181,0.7532908951812136,1.0794513376009,2000,PPI++_independent_split
glm_mis,PPI++,100,0.55,plugin,FALSE,TRUE,FALSE,0.8806361904081624,0.11353964343023633,0.9190730176374564,10.015987111818617,9.574022553031474,0.7058003766413335,0.9650266685193293,2000,PPI++_crossfit
glm_mis,PPI++,100,0.55,plugin,TRUE,FALSE,FALSE,0.9260003319812257,0.08057076505735299,0.956312234834579,10.213568879433732,7.45112716915437,0.7703508027142775,1.004127846576308,2000,PPI++_noncrossfit
glm_mis,PPI++,100,0.55,plugin,TRUE,FALSE,TRUE,0.8669823280481165,0.17448786781166786,1.028048892953238,10.177452776173043,8.763625262561181,0.7532908951812136,1.0794513376009,2000,PPI++_independent_split
glm_mis,PPI++,100,0.55,plugin,TRUE,TRUE,FALSE,0.8806361904081624,0.11353964343023633,0.9190730176374564,10.015987111818617,9.574022553031474,0.7058003766413335,0.9650266685193293,2000,PPI++_crossfit
glm_mis,PPI++,150,0.55,plugin,FALSE,FALSE,FALSE,0.9228926200896914,0.07549121372195332,0.9347771126244827,10.286999928940123,7.931804348136333,0.7633448424535888,1.0048853960713189,2000,PPI++_noncrossfit
glm_mis,PPI++,150,0.55,plugin,FALSE,FALSE,TRUE,0.8642714539195373,0.15877496502664293,0.9725252020098659,10.314694552323946,8.43561836417465,0.7517249303590751,1.0454645921606058,2000,PPI++_independent_split
glm_mis,PPI++,150,0.55,plugin,FALSE,TRUE,FALSE,0.8856909814305847,0.09001135461702112,0.9107393681733278,9.934372447605242,8.944838033500561,0.7209874222024113,0.9790448207863274,2000,PPI++_crossfit
glm_mis,PPI++,150,0.55,plugin,TRUE,FALSE,FALSE,0.9228926200896914,0.07549121372195332,0.9347771126244827,10.286999928940123,7.931804348136333,0.7633448424535888,1.0048853960713189,2000,PPI++_noncrossfit
glm_mis,PPI++,150,0.55,plugin,TRUE,FALSE,TRUE,0.8642714539195373,0.15877496502664293,0.9725252020098659,10.314694552323946,8.43561836417465,0.7517249303590751,1.0454645921606058,2000,PPI++_independent_split
glm_mis,PPI++,150,0.55,plugin,TRUE,TRUE,FALSE,0.8856909814305847,0.09001135461702112,0.9107393681733278,9.934372447605242,8.944838033500561,0.7209874222024113,0.9790448207863274,2000,PPI++_crossfit
glm_mis,PPI++,200,0.55,plugin,FALSE,FALSE,FALSE,0.9007816436268994,0.07072536208864925,0.9115500267136732,10.036803693791994,7.860346969153956,0.7570152507347321,1.0027050293850406,2000,PPI++_noncrossfit
glm_mis,PPI++,200,0.55,plugin,FALSE,FALSE,TRUE,0.8648860909082872,0.15510375338495153,0.9455045255557846,10.17826812183268,8.636420561558207,0.7486061508357796,1.040054978111363,2000,PPI++_independent_split
glm_mis,PPI++,200,0.55,plugin,FALSE,TRUE,FALSE,0.8778083202337796,0.08081391289739495,0.894418453741821,10.02057896051697,8.920815669391398,0.7249935637558934,0.9838602991160031,2000,PPI++_crossfit
glm_mis,PPI++,200,0.55,plugin,TRUE,FALSE,FALSE,0.9007816436268994,0.07072536208864925,0.9115500267136732,10.036803693791994,7.860346969153956,0.7570152507347321,1.0027050293850406,2000,PPI++_noncrossfit
glm_mis,PPI++,200,0.55,plugin,TRUE,FALSE,TRUE,0.8648860909082872,0.15510375338495153,0.9455045255557846,10.17826812183268,8.636420561558207,0.7486061508357796,1.040054978111363,2000,PPI++_independent_split
glm_mis,PPI++,200,0.55,plugin,TRUE,TRUE,FALSE,0.8778083202337796,0.08081391289739495,0.894418453741821,10.02057896051697,8.920815669391398,0.7249935637558934,0.9838602991160031,2000,PPI++_crossfit
glm_mis,PPI++,300,0.55,plugin,FALSE,FALSE,FALSE,0.8732679488581395,0.06347973682219918,0.8751287131093316,10.127056582663553,8.127958063122882,0.7548088451927707,1.0063980200757312,2000,PPI++_noncrossfit
glm_mis,PPI++,300,0.55,plugin,FALSE,FALSE,TRUE,0.8470863580947836,0.14735735544489045,0.8914948828778654,10.335007808524008,8.222052900942833,0.7506892510289755,1.0252191153095451,2000,PPI++_independent_split
glm_mis,PPI++,300,0.55,plugin,FALSE,TRUE,FALSE,0.8503992802908061,0.06756940180306299,0.8621278588782705,9.920563382609116,8.677644549900963,0.7305949729344714,0.991447037710011,2000,PPI++_crossfit
glm_mis,PPI++,300,0.55,plugin,TRUE,FALSE,FALSE,0.8732679488581395,0.06347973682219918,0.8751287131093316,10.127056582663553,8.127958063122882,0.7548088451927707,1.0063980200757312,2000,PPI++_noncrossfit
glm_mis,PPI++,300,0.55,plugin,TRUE,FALSE,TRUE,0.8470863580947836,0.14735735544489045,0.8914948828778654,10.335007808524008,8.222052900942833,0.7506892510289755,1.0252191153095451,2000,PPI++_independent_split
glm_mis,PPI++,300,0.55,plugin,TRUE,TRUE,FALSE,0.8503992802908061,0.06756940180306299,0.8621278588782705,9.920563382609116,8.677644549900963,0.7305949729344714,0.991447037710011,2000,PPI++_crossfit
glm_wrong,PPI,50,0.55,plugin,FALSE,FALSE,FALSE,1,0,-0.11502134791578028,3.976653370193835,19.18886008203925,0.10975625364074694,-0.11789688161367477,2000,PPI_noncrossfit
glm_wrong,PPI,50,0.55,plugin,FALSE,FALSE,TRUE,1,0,-0.11502134791578028,3.976653370193835,19.18886008203925,0.10975625364074694,-0.11789688161367477,2000,PPI_noncrossfit
glm_wrong,PPI,50,0.55,plugin,FALSE,TRUE,FALSE,1,0,-0.11502134791578028,3.976653370193835,19.18886008203925,0.10975625364074694,-0.11789688161367477,2000,PPI_noncrossfit
glm_wrong,PPI,50,0.55,plugin,TRUE,FALSE,FALSE,1,0,-3.316623646767527,2.224195111071368,19.54783694117615,0.04509987484047557,-3.3995392379367146,2000,PPI_crossfit
glm_wrong,PPI,50,0.55,plugin,TRUE,FALSE,TRUE,1,0,-3.316623646767527,2.224195111071368,19.54783694117615,0.04509987484047557,-3.3995392379367146,2000,PPI_crossfit
glm_wrong,PPI,50,0.55,plugin,TRUE,TRUE,FALSE,1,0,-3.316623646767527,2.224195111071368,19.54783694117615,0.04509987484047557,-3.3995392379367146,2000,PPI_crossfit
glm_wrong,PPI,100,0.55,plugin,FALSE,FALSE,FALSE,1,0,-0.9221089946232827,2.4514312041744244,19.070390885898483,0.1460423151502902,-0.9682144443544468,2000,PPI_noncrossfit
glm_wrong,PPI,100,0.55,plugin,FALSE,FALSE,TRUE,1,0,-0.9221089946232827,2.4514312041744244,19.070390885898483,0.1460423151502902,-0.9682144443544468,2000,PPI_noncrossfit
glm_wrong,PPI,100,0.55,plugin,FALSE,TRUE,FALSE,1,0,-0.9221089946232827,2.4514312041744244,19.070390885898483,0.1460423151502902,-0.9682144443544468,2000,PPI_noncrossfit
glm_wrong,PPI,100,0.55,plugin,TRUE,FALSE,FALSE,1,0,-1.1383588415356347,1.7248281787765,19.62469135128211,0.08995317917038036,-1.1952767836124165,2000,PPI_crossfit
glm_wrong,PPI,100,0.55,plugin,TRUE,FALSE,TRUE,1,0,-1.1383588415356347,1.7248281787765,19.62469135128211,0.08995317917038036,-1.1952767836124165,2000,PPI_crossfit
glm_wrong,PPI,100,0.55,plugin,TRUE,TRUE,FALSE,1,0,-1.1383588415356347,1.7248281787765,19.62469135128211,0.08995317917038036,-1.1952767836124165,2000,PPI_crossfit
glm_wrong,PPI,150,0.55,plugin,FALSE,FALSE,FALSE,1,0,-0.16179087738614115,2.1678868932785846,18.39970295822242,0.1449831584021033,-0.17392519319010175,2000,PPI_noncrossfit
glm_wrong,PPI,150,0.55,plugin,FALSE,FALSE,TRUE,1,0,-0.16179087738614115,2.1678868932785846,18.39970295822242,0.1449831584021033,-0.17392519319010175,2000,PPI_noncrossfit
glm_wrong,PPI,150,0.55,plugin,FALSE,TRUE,FALSE,1,0,-0.16179087738614115,2.1678868932785846,18.39970295822242,0.1449831584021033,-0.17392519319010175,2000,PPI_noncrossfit
glm_wrong,PPI,150,0.55,plugin,TRUE,FALSE,FALSE,1,0,-1.1426563107524865,1.5854004562018305,18.45895107026343,0.11790977125316189,-1.228355534058923,2000,PPI_crossfit
glm_wrong,PPI,150,0.55,plugin,TRUE,FALSE,TRUE,1,0,-1.1426563107524865,1.5854004562018305,18.45895107026343,0.11790977125316189,-1.228355534058923,2000,PPI_crossfit
glm_wrong,PPI,150,0.55,plugin,TRUE,TRUE,FALSE,1,0,-1.1426563107524865,1.5854004562018305,18.45895107026343,0.11790977125316189,-1.228355534058923,2000,PPI_crossfit
glm_wrong,PPI,200,0.55,plugin,FALSE,FALSE,FALSE,1,0,1.674546083618809,1.877533637425832,18.233843319237018,0.1938317683593904,1.84200069198069,2000,PPI_noncrossfit
glm_wrong,PPI,200,0.55,plugin,FALSE,FALSE,TRUE,1,0,1.674546083618809,1.877533637425832,18.233843319237018,0.1938317683593904,1.84200069198069,2000,PPI_noncrossfit
glm_wrong,PPI,200,0.55,plugin,FALSE,TRUE,FALSE,1,0,1.674546083618809,1.877533637425832,18.233843319237018,0.1938317683593904,1.84200069198069,2000,PPI_noncrossfit
glm_wrong,PPI,200,0.55,plugin,TRUE,FALSE,FALSE,1,0,-0.3033283610308284,1.558520658691212,18.372817432274765,0.1390226974626022,-0.33366119713391124,2000,PPI_crossfit
glm_wrong,PPI,200,0.55,plugin,TRUE,FALSE,TRUE,1,0,-0.3033283610308284,1.558520658691212,18.372817432274765,0.1390226974626022,-0.33366119713391124,2000,PPI_crossfit
glm_wrong,PPI,200,0.55,plugin,TRUE,TRUE,FALSE,1,0,-0.3033283610308284,1.558520658691212,18.372817432274765,0.1390226974626022,-0.33366119713391124,2000,PPI_crossfit
glm_wrong,PPI,300,0.55,plugin,FALSE,FALSE,FALSE,1,0,1.2869090367707832,1.86532785155277,17.68939368646203,0.2005565881646785,1.4799453922864005,2000,PPI_noncrossfit
glm_wrong,PPI,300,0.55,plugin,FALSE,FALSE,TRUE,1,0,1.2869090367707832,1.86532785155277,17.68939368646203,0.2005565881646785,1.4799453922864005,2000,PPI_noncrossfit
glm_wrong,PPI,300,0.55,plugin,FALSE,TRUE,FALSE,1,0,1.2869090367707832,1.86532785155277,17.68939368646203,0.2005565881646785,1.4799453922864005,2000,PPI_noncrossfit
glm_wrong,PPI,300,0.55,plugin,TRUE,FALSE,FALSE,1,0,-0.6395509128637671,1.3238043361355378,17.89082150311964,0.14862546651250297,-0.7354835497933321,2000,PPI_crossfit
glm_wrong,PPI,300,0.55,plugin,TRUE,FALSE,TRUE,1,0,-0.6395509128637671,1.3238043361355378,17.89082150311964,0.14862546651250297,-0.7354835497933321,2000,PPI_crossfit
glm_wrong,PPI,300,0.55,plugin,TRUE,TRUE,FALSE,1,0,-0.6395509128637671,1.3238043361355378,17.89082150311964,0.14862546651250297,-0.7354835497933321,2000,PPI_crossfit
glm_wrong,PPI++,50,0.55,plugin,FALSE,FALSE,FALSE,0.8372484946329884,0.18950585042717608,0.9610822053847913,2.845381805094409,15.907760990621401,0.3217273536800976,0.985109260519411,2000,PPI++_noncrossfit
glm_wrong,PPI++,50,0.55,plugin,FALSE,FALSE,TRUE,0.4091717704574677,0.41782346779964485,-0.08040515864707017,3.976653370193835,15.805136399441924,0.10975625364074694,-0.08241528761324692,2000,PPI++_independent_split
glm_wrong,PPI++,50,0.55,plugin,FALSE,TRUE,FALSE,0.31985327316757084,0.37034786640906986,-2.6313010801381593,2.224195111071368,16.027711537525033,0.04509987484047557,-2.697083607141613,2000,PPI++_crossfit
glm_wrong,PPI++,50,0.55,plugin,TRUE,FALSE,FALSE,0.8372484946329884,0.18950585042717608,0.9610822053847913,2.845381805094409,15.907760990621401,0.3217273536800976,0.985109260519411,2000,PPI++_noncrossfit
glm_wrong,PPI++,50,0.55,plugin,TRUE,FALSE,TRUE,0.4091717704574677,0.41782346779964485,-0.08040515864707017,3.976653370193835,15.805136399441924,0.10975625364074694,-0.08241528761324692,2000,PPI++_independent_split
glm_wrong,PPI++,50,0.55,plugin,TRUE,TRUE,FALSE,0.31985327316757084,0.37034786640906986,-2.6313010801381593,2.224195111071368,16.027711537525033,0.04509987484047557,-2.697083607141613,2000,PPI++_crossfit
glm_wrong,PPI++,100,0.55,plugin,FALSE,FALSE,FALSE,0.881372717844219,0.14348623558845613,0.9597440891553903,1.865997888414792,16.14947312179691,0.27210067685466705,1.00773129361316,2000,PPI++_noncrossfit
glm_wrong,PPI++,100,0.55,plugin,FALSE,FALSE,TRUE,0.49208559983513367,0.418124773207987,-0.90569087082819,2.4514312041744244,17.50224467337231,0.1460423151502902,-0.9509754143695995,2000,PPI++_independent_split
glm_wrong,PPI++,100,0.55,plugin,FALSE,TRUE,FALSE,0.3996341975497102,0.39407452019327344,-0.9962401011050129,1.7248281787765,17.689863657245958,0.08995317917038036,-1.0460521061602637,2000,PPI++_crossfit
glm_wrong,PPI++,100,0.55,plugin,TRUE,FALSE,FALSE,0.881372717844219,0.14348623558845613,0.9597440891553903,1.865997888414792,16.14947312179691,0.27210067685466705,1.00773129361316,2000,PPI++_noncrossfit
glm_wrong,PPI++,100,0.55,plugin,TRUE,FALSE,TRUE,0.49208559983513367,0.418124773207987,-0.90569087082819,2.4514312041744244,17.50224467337231,0.1460423151502902,-0.9509754143695995,2000,PPI++_independent_split
glm_wrong,PPI++,100,0.55,plugin,TRUE,TRUE,FALSE,0.3996341975497102,0.39407452019327344,-0.9962401011050129,1.7248281787765,17.689863657245958,0.08995317917038036,-1.0460521061602637,2000,PPI++_crossfit
glm_wrong,PPI++,150,0.55,plugin,FALSE,FALSE,FALSE,0.8832779108648475,0.12675875135873169,0.9329644215976887,1.7203744250385824,16.804832544106066,0.2614422065791154,1.0029367532175153,2000,PPI++_noncrossfit
glm_wrong,PPI++,150,0.55,plugin,FALSE,FALSE,TRUE,0.5359786296676898,0.408375209561262,-0.14192851938074294,2.1678868932785846,17.153831621840574,0.1449831584021033,-0.15257315833429866,2000,PPI++_independent_split
glm_wrong,PPI++,150,0.55,plugin,FALSE,TRUE,FALSE,0.45652852912966235,0.36667592202924837,-1.024472968887468,1.5854004562018305,17.234132501288283,0.11790977125316189,-1.1013084415540282,2000,PPI++_crossfit
glm_wrong,PPI++,150,0.55,plugin,TRUE,FALSE,FALSE,0.8832779108648475,0.12675875135873169,0.9329644215976887,1.7203744250385824,16.804832544106066,0.2614422065791154,1.0029367532175153,2000,PPI++_noncrossfit
glm_wrong,PPI++,150,0.55,plugin,TRUE,FALSE,TRUE,0.5359786296676898,0.408375209561262,-0.14192851938074294,2.1678868932785846,17.153831621840574,0.1449831584021033,-0.15257315833429866,2000,PPI++_independent_split
glm_wrong,PPI++,150,0.55,plugin,TRUE,TRUE,FALSE,0.45652852912966235,0.36667592202924837,-1.024472968887468,1.5854004562018305,17.234132501288283,0.11790977125316189,-1.1013084415540282,2000,PPI++_crossfit
glm_wrong,PPI++,200,0.55,plugin,FALSE,FALSE,FALSE,0.8790989311805764,0.11315977256051199,0.9086073783092669,1.5257076763067248,16.36865782187432,0.2547972777669294,0.9994681161401936,2000,PPI++_noncrossfit
glm_wrong,PPI++,200,0.55,plugin,FALSE,FALSE,TRUE,0.5999734193126601,0.39033525595644564,1.67910566416828,1.877533637425832,17.418796055537488,0.1938317683593904,1.847016230585108,2000,PPI++_independent_split
glm_wrong,PPI++,200,0.55,plugin,FALSE,TRUE,FALSE,0.49947260774061625,0.3660336465492533,-0.24725149306492958,1.558520658691212,17.31778825764133,0.1390226974626022,-0.27197664237142255,2000,PPI++_crossfit
glm_wrong,PPI++,200,0.55,plugin,TRUE,FALSE,FALSE,0.8790989311805764,0.11315977256051199,0.9086073783092669,1.5257076763067248,16.36865782187432,0.2547972777669294,0.9994681161401936,2000,PPI++_noncrossfit
glm_wrong,PPI++,200,0.55,plugin,TRUE,FALSE,TRUE,0.5999734193126601,0.39033525595644564,1.67910566416828,1.877533637425832,17.418796055537488,0.1938317683593904,1.847016230585108,2000,PPI++_independent_split
glm_wrong,PPI++,200,0.55,plugin,TRUE,TRUE,FALSE,0.49947260774061625,0.3660336465492533,-0.24725149306492958,1.558520658691212,17.31778825764133,0.1390226974626022,-0.27197664237142255,2000,PPI++_crossfit
glm_wrong,PPI++,300,0.55,plugin,FALSE,FALSE,FALSE,0.8641005412695123,0.1114468582597339,0.8742584710030051,1.2719538446756675,16.98066157209321,0.23918374767086173,1.0053972416534558,2000,PPI++_noncrossfit
glm_wrong,PPI++,300,0.55,plugin,FALSE,FALSE,TRUE,0.610430191674531,0.367401962502341,1.2887067842861641,1.86532785155277,16.97564229101663,0.2005565881646785,1.4820128019290886,2000,PPI++_independent_split
glm_wrong,PPI++,300,0.55,plugin,FALSE,TRUE,FALSE,0.5168501378593445,0.3291313335585394,-0.5998333374224151,1.3238043361355378,17.246620450761423,0.14862546651250297,-0.6898083380357772,2000,PPI++_crossfit
glm_wrong,PPI++,300,0.55,plugin,TRUE,FALSE,FALSE,0.8641005412695123,0.1114468582597339,0.8742584710030051,1.2719538446756675,16.98066157209321,0.23918374767086173,1.0053972416534558,2000,PPI++_noncrossfit
glm_wrong,PPI++,300,0.55,plugin,TRUE,FALSE,TRUE,0.610430191674531,0.367401962502341,1.2887067842861641,1.86532785155277,16.97564229101663,0.2005565881646785,1.4820128019290886,2000,PPI++_independent_split
glm_wrong,PPI++,300,0.55,plugin,TRUE,TRUE,FALSE,0.5168501378593445,0.3291313335585394,-0.5998333374224151,1.3238043361355378,17.246620450761423,0.14862546651250297,-0.6898083380357772,2000,PPI++_crossfit
rf,PPI,50,0.55,plugin,FALSE,FALSE,FALSE,1,0,1.393837943019836,3.434651411885672,11.502886598053085,0.6770690093476815,1.4286838915953317,2000,PPI_noncrossfit
rf,PPI,50,0.55,plugin,FALSE,FALSE,TRUE,1,0,1.393837943019836,3.434651411885672,11.502886598053085,0.6770690093476815,1.4286838915953317,2000,PPI_noncrossfit
rf,PPI,50,0.55,plugin,FALSE,TRUE,FALSE,1,0,1.393837943019836,3.434651411885672,11.502886598053085,0.6770690093476815,1.4286838915953317,2000,PPI_noncrossfit
rf,PPI,50,0.55,plugin,TRUE,FALSE,FALSE,1,0,1.2512542527909447,2.7481640567152574,12.341594290579799,0.6051433169334939,1.2825356091107183,2000,PPI_crossfit
rf,PPI,50,0.55,plugin,TRUE,FALSE,TRUE,1,0,1.2512542527909447,2.7481640567152574,12.341594290579799,0.6051433169334939,1.2825356091107183,2000,PPI_crossfit
rf,PPI,50,0.55,plugin,TRUE,TRUE,FALSE,1,0,1.2512542527909447,2.7481640567152574,12.341594290579799,0.6051433169334939,1.2825356091107183,2000,PPI_crossfit
rf,PPI,100,0.55,plugin,FALSE,FALSE,FALSE,1,0,1.234940976199547,4.8522787684930035,8.817602115940273,0.7700195777063111,1.2966880250095243,2000,PPI_noncrossfit
rf,PPI,100,0.55,plugin,FALSE,FALSE,TRUE,1,0,1.234940976199547,4.8522787684930035,8.817602115940273,0.7700195777063111,1.2966880250095243,2000,PPI_noncrossfit
rf,PPI,100,0.55,plugin,FALSE,TRUE,FALSE,1,0,1.234940976199547,4.8522787684930035,8.817602115940273,0.7700195777063111,1.2966880250095243,2000,PPI_noncrossfit
rf,PPI,100,0.55,plugin,TRUE,FALSE,FALSE,1,0,1.213839010745785,4.0608517295174975,9.370006509809686,0.7411223028680718,1.2745309612830744,2000,PPI_crossfit
rf,PPI,100,0.55,plugin,TRUE,FALSE,TRUE,1,0,1.213839010745785,4.0608517295174975,9.370006509809686,0.7411223028680718,1.2745309612830744,2000,PPI_crossfit
rf,PPI,100,0.55,plugin,TRUE,TRUE,FALSE,1,0,1.213839010745785,4.0608517295174975,9.370006509809686,0.7411223028680718,1.2745309612830744,2000,PPI_crossfit
rf,PPI,150,0.55,plugin,FALSE,FALSE,FALSE,1,0,1.1536389923466672,5.6880652985011935,7.8073109512556105,0.8086902096172435,1.2401619167726672,2000,PPI_noncrossfit
rf,PPI,150,0.55,plugin,FALSE,FALSE,TRUE,1,0,1.1536389923466672,5.6880652985011935,7.8073109512556105,0.8086902096172435,1.2401619167726672,2000,PPI_noncrossfit
rf,PPI,150,0.55,plugin,FALSE,TRUE,FALSE,1,0,1.1536389923466672,5.6880652985011935,7.8073109512556105,0.8086902096172435,1.2401619167726672,2000,PPI_noncrossfit
rf,PPI,150,0.55,plugin,TRUE,FALSE,FALSE,1,0,1.1398105652503359,4.997570334622604,7.725611906977772,0.792587543041049,1.2252963576441112,2000,PPI_crossfit
rf,PPI,150,0.55,plugin,TRUE,FALSE,TRUE,1,0,1.1398105652503359,4.997570334622604,7.725611906977772,0.792587543041049,1.2252963576441112,2000,PPI_crossfit
rf,PPI,150,0.55,plugin,TRUE,TRUE,FALSE,1,0,1.1398105652503359,4.997570334622604,7.725611906977772,0.792587543041049,1.2252963576441112,2000,PPI_crossfit
rf,PPI,200,0.55,plugin,FALSE,FALSE,FALSE,1,0,1.0985692200744313,6.220336700468201,7.2709891031864755,0.8273193793327066,1.2084261420818745,2000,PPI_noncrossfit
rf,PPI,200,0.55,plugin,FALSE,FALSE,TRUE,1,0,1.0985692200744313,6.220336700468201,7.2709891031864755,0.8273193793327066,1.2084261420818745,2000,PPI_noncrossfit
rf,PPI,200,0.55,plugin,FALSE,TRUE,FALSE,1,0,1.0985692200744313,6.220336700468201,7.2709891031864755,0.8273193793327066,1.2084261420818745,2000,PPI_noncrossfit
rf,PPI,200,0.55,plugin,TRUE,FALSE,FALSE,1,0,1.0791767389359075,5.7473655632732035,6.875760182073053,0.8188243425334225,1.1870944128294982,2000,PPI_crossfit
rf,PPI,200,0.55,plugin,TRUE,FALSE,TRUE,1,0,1.0791767389359075,5.7473655632732035,6.875760182073053,0.8188243425334225,1.1870944128294982,2000,PPI_crossfit
rf,PPI,200,0.55,plugin,TRUE,TRUE,FALSE,1,0,1.0791767389359075,5.7473655632732035,6.875760182073053,0.8188243425334225,1.1870944128294982,2000,PPI_crossfit
rf,PPI,300,0.55,plugin,FALSE,FALSE,FALSE,1,0,1.0052953917181426,7.266002149558178,6.070504842566357,0.8564892250430831,1.156089700475864,2000,PPI_noncrossfit
rf,PPI,300,0.55,plugin,FALSE,FALSE,TRUE,1,0,1.0052953917181426,7.266002149558178,6.070504842566357,0.8564892250430831,1.156089700475864,2000,PPI_noncrossfit
rf,PPI,300,0.55,plugin,FALSE,TRUE,FALSE,1,0,1.0052953917181426,7.266002149558178,6.070504842566357,0.8564892250430831,1.156089700475864,2000,PPI_noncrossfit
rf,PPI,300,0.55,plugin,TRUE,FALSE,FALSE,1,0,0.9986505708160759,6.876177764128055,5.860244439323317,0.8531774770242612,1.1484481564384872,2000,PPI_crossfit
rf,PPI,300,0.55,plugin,TRUE,FALSE,TRUE,1,0,0.9986505708160759,6.876177764128055,5.860244439323317,0.8531774770242612,1.1484481564384872,2000,PPI_crossfit
rf,PPI,300,0.55,plugin,TRUE,TRUE,FALSE,1,0,0.9986505708160759,6.876177764128055,5.860244439323317,0.8531774770242612,1.1484481564384872,2000,PPI_crossfit
rf,PPI++,50,0.55,plugin,FALSE,FALSE,FALSE,1,0,1.11427330854341,4.777077988014122,1.9953547565202026,0.9718057076060602,1.142130141256995,2000,PPI++_noncrossfit
rf,PPI++,50,0.55,plugin,FALSE,FALSE,TRUE,0.9247550221518794,0.16431443617795882,1.395830121463752,3.434651411885672,11.51423596910925,0.6770690093476815,1.4307258745003457,2000,PPI++_independent_split
rf,PPI++,50,0.55,plugin,FALSE,TRUE,FALSE,0.9495508537883688,0.14754145875353197,1.2513959208024206,2.7481640567152574,12.263715255650338,0.6051433169334939,1.282680818822481,2000,PPI++_crossfit
rf,PPI++,50,0.55,plugin,TRUE,FALSE,FALSE,1,0,1.11427330854341,4.777077988014122,1.9953547565202026,0.9718057076060602,1.142130141256995,2000,PPI++_noncrossfit
rf,PPI++,50,0.55,plugin,TRUE,FALSE,TRUE,0.9247550221518794,0.16431443617795882,1.395830121463752,3.434651411885672,11.51423596910925,0.6770690093476815,1.4307258745003457,2000,PPI++_independent_split
rf,PPI++,50,0.55,plugin,TRUE,TRUE,FALSE,0.9495508537883688,0.14754145875353197,1.2513959208024206,2.7481640567152574,12.263715255650338,0.6051433169334939,1.282680818822481,2000,PPI++_crossfit
rf,PPI++,100,0.55,plugin,FALSE,FALSE,FALSE,0.999945892039247,0.0012098907836764925,1.0299989479017186,6.2402678896813955,1.454555824733245,0.9771078881625996,1.0814988952968045,2000,PPI++_noncrossfit
rf,PPI++,100,0.55,plugin,FALSE,FALSE,TRUE,0.951778844533409,0.11157964360852347,1.2384740478569287,4.8522787684930035,8.885735302893007,0.7700195777063111,1.3003977502497752,2000,PPI++_independent_split
rf,PPI++,100,0.55,plugin,FALSE,TRUE,FALSE,0.9857431259473239,0.05908541132758358,1.2145754831399513,4.0608517295174975,9.376535257752488,0.7411223028680718,1.275304257296949,2000,PPI++_crossfit
rf,PPI++,100,0.55,plugin,TRUE,FALSE,FALSE,0.999945892039247,0.0012098907836764925,1.0299989479017186,6.2402678896813955,1.454555824733245,0.9771078881625996,1.0814988952968045,2000,PPI++_noncrossfit
rf,PPI++,100,0.55,plugin,TRUE,FALSE,TRUE,0.951778844533409,0.11157964360852347,1.2384740478569287,4.8522787684930035,8.885735302893007,0.7700195777063111,1.3003977502497752,2000,PPI++_independent_split
rf,PPI++,100,0.55,plugin,TRUE,TRUE,FALSE,0.9857431259473239,0.05908541132758358,1.2145754831399513,4.0608517295174975,9.376535257752488,0.7411223028680718,1.275304257296949,2000,PPI++_crossfit
rf,PPI++,150,0.55,plugin,FALSE,FALSE,FALSE,0.9998654832029891,0.0018699302857699978,0.9863540010801927,7.320886752796548,1.3224840935535918,0.9784003817346008,1.0603305511612071,2000,PPI++_noncrossfit
rf,PPI++,150,0.55,plugin,FALSE,FALSE,TRUE,0.9682522481703945,0.09166993216122547,1.1564561777505422,5.6880652985011935,7.868749378379931,0.8086902096172435,1.243190391081833,2000,PPI++_independent_split
rf,PPI++,150,0.55,plugin,FALSE,TRUE,FALSE,0.9934660582824013,0.02867916557657543,1.1405044193011757,4.997570334622604,7.738804543734542,0.792587543041049,1.2260422507487638,2000,PPI++_crossfit
rf,PPI++,150,0.55,plugin,TRUE,FALSE,FALSE,0.9998654832029891,0.0018699302857699978,0.9863540010801927,7.320886752796548,1.3224840935535918,0.9784003817346008,1.0603305511612071,2000,PPI++_noncrossfit
rf,PPI++,150,0.55,plugin,TRUE,FALSE,TRUE,0.9682522481703945,0.09166993216122547,1.1564561777505422,5.6880652985011935,7.868749378379931,0.8086902096172435,1.243190391081833,2000,PPI++_independent_split
rf,PPI++,150,0.55,plugin,TRUE,TRUE,FALSE,0.9934660582824013,0.02867916557657543,1.1405044193011757,4.997570334622604,7.738804543734542,0.792587543041049,1.2260422507487638,2000,PPI++_crossfit
rf,PPI++,200,0.55,plugin,FALSE,FALSE,FALSE,0.9990466678643745,0.008903775024476644,0.9544729082063282,8.100274924428339,1.2186908474226903,0.9802838843172741,1.049920199026961,2000,PPI++_noncrossfit
rf,PPI++,200,0.55,plugin,FALSE,FALSE,TRUE,0.9713646988249438,0.07650949481550297,1.1019051490884515,6.220336700468201,7.355236454667584,0.8273193793327066,1.2120956639972966,2000,PPI++_independent_split
rf,PPI++,200,0.55,plugin,FALSE,TRUE,FALSE,0.9946335867604243,0.022574350966165026,1.0798158693541606,5.7473655632732035,6.888568275749022,0.8188243425334225,1.1877974562895768,2000,PPI++_crossfit
rf,PPI++,200,0.55,plugin,TRUE,FALSE,FALSE,0.9990466678643745,0.008903775024476644,0.9544729082063282,8.100274924428339,1.2186908474226903,0.9802838843172741,1.049920199026961,2000,PPI++_noncrossfit
rf,PPI++,200,0.55,plugin,TRUE,FALSE,TRUE,0.9713646988249438,0.07650949481550297,1.1019051490884515,6.220336700468201,7.355236454667584,0.8273193793327066,1.2120956639972966,2000,PPI++_independent_split
rf,PPI++,200,0.55,plugin,TRUE,TRUE,FALSE,0.9946335867604243,0.022574350966165026,1.0798158693541606,5.7473655632732035,6.888568275749022,0.8188243425334225,1.1877974562895768,2000,PPI++_crossfit
rf,PPI++,300,0.55,plugin,FALSE,FALSE,FALSE,0.9979976326756446,0.013913053375020539,0.8991857853152119,9.202939294229443,1.002009814523411,0.9826009986379812,1.0340636531124936,2000,PPI++_noncrossfit
rf,PPI++,300,0.55,plugin,FALSE,FALSE,TRUE,0.973120976701717,0.06814859112428406,1.0085766247048142,7.266002149558178,6.15512494009829,0.8564892250430831,1.1598631184105364,2000,PPI++_independent_split
rf,PPI++,300,0.55,plugin,FALSE,TRUE,FALSE,0.9906358040383708,0.029762236078088426,0.9999444803419149,6.876177764128055,5.8896101568963095,0.8531774770242612,1.149936152393202,2000,PPI++_crossfit
rf,PPI++,300,0.55,plugin,TRUE,FALSE,FALSE,0.9979976326756446,0.013913053375020539,0.8991857853152119,9.202939294229443,1.002009814523411,0.9826009986379812,1.0340636531124936,2000,PPI++_noncrossfit
rf,PPI++,300,0.55,plugin,TRUE,FALSE,TRUE,0.973120976701717,0.06814859112428406,1.0085766247048142,7.266002149558178,6.15512494009829,0.8564892250430831,1.1598631184105364,2000,PPI++_independent_split
rf,PPI++,300,0.55,plugin,TRUE,TRUE,FALSE,0.9906358040383708,0.029762236078088426,0.9999444803419149,6.876177764128055,5.8896101568963095,0.8531774770242612,1.149936152393202,2000,PPI++_crossfit
glm_correct,PPI,50,0.6,plugin,FALSE,FALSE,FALSE,1,0,0.9615152477348147,17.430436680031686,1.276781381842545,0.9490148197120085,0.9855531289281849,2000,PPI_noncrossfit
glm_correct,PPI,50,0.6,plugin,FALSE,FALSE,TRUE,1,0,0.9615152477348147,17.430436680031686,1.276781381842545,0.9490148197120085,0.9855531289281849,2000,PPI_noncrossfit
glm_correct,PPI,50,0.6,plugin,FALSE,TRUE,FALSE,1,0,0.9615152477348147,17.430436680031686,1.276781381842545,0.9490148197120085,0.9855531289281849,2000,PPI_noncrossfit
glm_correct,PPI,50,0.6,plugin,TRUE,FALSE,FALSE,1,0,0.9596470211632628,17.368486294025903,1.3961166606428488,0.9453169012438382,0.9836381966923443,2000,PPI_crossfit
glm_correct,PPI,50,0.6,plugin,TRUE,FALSE,TRUE,1,0,0.9596470211632628,17.368486294025903,1.3961166606428488,0.9453169012438382,0.9836381966923443,2000,PPI_crossfit
glm_correct,PPI,50,0.6,plugin,TRUE,TRUE,FALSE,1,0,0.9596470211632628,17.368486294025903,1.3961166606428488,0.9453169012438382,0.9836381966923443,2000,PPI_crossfit
glm_correct,PPI,100,0.6,plugin,FALSE,FALSE,FALSE,1,0,0.9479602388008264,17.087194411739247,1.0666643465646402,0.9649700402818863,0.9953582507408677,2000,PPI_noncrossfit
glm_correct,PPI,100,0.6,plugin,FALSE,FALSE,TRUE,1,0,0.9479602388008264,17.087194411739247,1.0666643465646402,0.9649700402818863,0.9953582507408677,2000,PPI_noncrossfit
glm_correct,PPI,100,0.6,plugin,FALSE,TRUE,FALSE,1,0,0.9479602388008264,17.087194411739247,1.0666643465646402,0.9649700402818863,0.9953582507408677,2000,PPI_noncrossfit
glm_correct,PPI,100,0.6,plugin,TRUE,FALSE,FALSE,1,0,0.9460268176940897,17.012824821430815,1.1214236744999968,0.9615069902323784,0.9933281585787942,2000,PPI_crossfit
glm_correct,PPI,100,0.6,plugin,TRUE,FALSE,TRUE,1,0,0.9460268176940897,17.012824821430815,1.1214236744999968,0.9615069902323784,0.9933281585787942,2000,PPI_crossfit
glm_correct,PPI,100,0.6,plugin,TRUE,TRUE,FALSE,1,0,0.9460268176940897,17.012824821430815,1.1214236744999968,0.9615069902323784,0.9933281585787942,2000,PPI_crossfit
glm_correct,PPI,150,0.6,plugin,FALSE,FALSE,FALSE,1,0,0.9267832431374059,16.89775757867621,1.0579157160209485,0.96585248162913,0.9962919863727113,2000,PPI_noncrossfit
glm_correct,PPI,150,0.6,plugin,FALSE,FALSE,TRUE,1,0,0.9267832431374059,16.89775757867621,1.0579157160209485,0.96585248162913,0.9962919863727113,2000,PPI_noncrossfit
glm_correct,PPI,150,0.6,plugin,FALSE,TRUE,FALSE,1,0,0.9267832431374059,16.89775757867621,1.0579157160209485,0.96585248162913,0.9962919863727113,2000,PPI_noncrossfit
glm_correct,PPI,150,0.6,plugin,TRUE,FALSE,FALSE,1,0,0.9257039581397399,17.086765940553825,1.0735184481054765,0.9646678840924694,0.9951317550002204,2000,PPI_crossfit
glm_correct,PPI,150,0.6,plugin,TRUE,FALSE,TRUE,1,0,0.9257039581397399,17.086765940553825,1.0735184481054765,0.9646678840924694,0.9951317550002204,2000,PPI_crossfit
glm_correct,PPI,150,0.6,plugin,TRUE,TRUE,FALSE,1,0,0.9257039581397399,17.086765940553825,1.0735184481054765,0.9646678840924694,0.9951317550002204,2000,PPI_crossfit
glm_correct,PPI,200,0.6,plugin,FALSE,FALSE,FALSE,1,0,0.9068105205123267,16.919910521992787,1.0345031122674606,0.9677453212929374,0.9974915725635594,2000,PPI_noncrossfit
glm_correct,PPI,200,0.6,plugin,FALSE,FALSE,TRUE,1,0,0.9068105205123267,16.919910521992787,1.0345031122674606,0.9677453212929374,0.9974915725635594,2000,PPI_noncrossfit
glm_correct,PPI,200,0.6,plugin,FALSE,TRUE,FALSE,1,0,0.9068105205123267,16.919910521992787,1.0345031122674606,0.9677453212929374,0.9974915725635594,2000,PPI_noncrossfit
glm_correct,PPI,200,0.6,plugin,TRUE,FALSE,FALSE,1,0,0.9060163469090142,16.984630587744977,1.0532612561360828,0.9666596494498496,0.9966179815999157,2000,PPI_crossfit
glm_correct,PPI,200,0.6,plugin,TRUE,FALSE,TRUE,1,0,0.9060163469090142,16.984630587744977,1.0532612561360828,0.9666596494498496,0.9966179815999157,2000,PPI_crossfit
glm_correct,PPI,200,0.6,plugin,TRUE,TRUE,FALSE,1,0,0.9060163469090142,16.984630587744977,1.0532612561360828,0.9666596494498496,0.9966179815999157,2000,PPI_crossfit
glm_correct,PPI,300,0.6,plugin,FALSE,FALSE,FALSE,1,0,0.8676188066462989,17.075041451500223,1.0223479041589634,0.9685799641022974,0.9977616276432436,2000,PPI_noncrossfit
glm_correct,PPI,300,0.6,plugin,FALSE,FALSE,TRUE,1,0,0.8676188066462989,17.075041451500223,1.0223479041589634,0.9685799641022974,0.9977616276432436,2000,PPI_noncrossfit
glm_correct,PPI,300,0.6,plugin,FALSE,TRUE,FALSE,1,0,0.8676188066462989,17.075041451500223,1.0223479041589634,0.9685799641022974,0.9977616276432436,2000,PPI_noncrossfit
glm_correct,PPI,300,0.6,plugin,TRUE,FALSE,FALSE,1,0,0.8672933108206086,17.032780574279585,1.039183003911575,0.9677857598002145,0.9973873074436997,2000,PPI_crossfit
glm_correct,PPI,300,0.6,plugin,TRUE,FALSE,TRUE,1,0,0.8672933108206086,17.032780574279585,1.039183003911575,0.9677857598002145,0.9973873074436997,2000,PPI_crossfit
glm_correct,PPI,300,0.6,plugin,TRUE,TRUE,FALSE,1,0,0.8672933108206086,17.032780574279585,1.039183003911575,0.9677857598002145,0.9973873074436997,2000,PPI_crossfit
glm_correct,PPI++,50,0.6,plugin,FALSE,FALSE,FALSE,0.7261623617046269,0.2706462923097799,0.9886951639681655,16.984770458208136,1.9785143715317277,0.9600541545725166,1.0134125430673695,2000,PPI++_noncrossfit
glm_correct,PPI++,50,0.6,plugin,FALSE,FALSE,TRUE,0.6839734902216453,0.275929182753045,0.9874939675496025,17.430436680031686,2.3250751624375763,0.9490148197120085,1.0121813167383424,2000,PPI++_independent_split
glm_correct,PPI++,50,0.6,plugin,FALSE,TRUE,FALSE,0.6965215954080625,0.2613171722842752,0.9851561574257589,17.368486294025903,2.4402369750888484,0.9453169012438382,1.0097850613614028,2000,PPI++_crossfit
glm_correct,PPI++,50,0.6,plugin,TRUE,FALSE,FALSE,0.7261623617046269,0.2706462923097799,0.9886951639681655,16.984770458208136,1.9785143715317277,0.9600541545725166,1.0134125430673695,2000,PPI++_noncrossfit
glm_correct,PPI++,50,0.6,plugin,TRUE,FALSE,TRUE,0.6839734902216453,0.275929182753045,0.9874939675496025,17.430436680031686,2.3250751624375763,0.9490148197120085,1.0121813167383424,2000,PPI++_independent_split
glm_correct,PPI++,50,0.6,plugin,TRUE,TRUE,FALSE,0.6965215954080625,0.2613171722842752,0.9851561574257589,17.368486294025903,2.4402369750888484,0.9453169012438382,1.0097850613614028,2000,PPI++_crossfit
glm_correct,PPI++,100,0.6,plugin,FALSE,FALSE,FALSE,0.7806060906555916,0.22357513879766347,0.9671187463548981,17.057086100131947,1.8300883384915545,0.9659520331594825,1.0154746836726432,2000,PPI++_noncrossfit
glm_correct,PPI++,100,0.6,plugin,FALSE,FALSE,TRUE,0.7854537300317059,0.22163306892306595,0.968052863659294,17.087194411739247,1.8829279261718297,0.9649700402818863,1.0164555068422587,2000,PPI++_independent_split
glm_correct,PPI++,100,0.6,plugin,FALSE,TRUE,FALSE,0.7861659816874043,0.2265477264292535,0.9660527086927642,17.012824821430815,1.9396825015174033,0.9615069902323784,1.0143553441274025,2000,PPI++_crossfit
glm_correct,PPI++,100,0.6,plugin,TRUE,FALSE,FALSE,0.7806060906555916,0.22357513879766347,0.9671187463548981,17.057086100131947,1.8300883384915545,0.9659520331594825,1.0154746836726432,2000,PPI++_noncrossfit
glm_correct,PPI++,100,0.6,plugin,TRUE,FALSE,TRUE,0.7854537300317059,0.22163306892306595,0.968052863659294,17.087194411739247,1.8829279261718297,0.9649700402818863,1.0164555068422587,2000,PPI++_independent_split
glm_correct,PPI++,100,0.6,plugin,TRUE,TRUE,FALSE,0.7861659816874043,0.2265477264292535,0.9660527086927642,17.012824821430815,1.9396825015174033,0.9615069902323784,1.0143553441274025,2000,PPI++_crossfit
glm_correct,PPI++,150,0.6,plugin,FALSE,FALSE,FALSE,0.810353517897356,0.20024855509376288,0.9443354651935828,17.032209106555637,1.7303968659379463,0.968052297935601,1.0151606250831016,2000,PPI++_noncrossfit
glm_correct,PPI++,150,0.6,plugin,FALSE,FALSE,TRUE,0.8035319804191473,0.19802420302404047,0.9453083162161673,16.89775757867621,1.8305192610611094,0.96585248162913,1.0162064399323798,2000,PPI++_independent_split
glm_correct,PPI++,150,0.6,plugin,FALSE,TRUE,FALSE,0.8012531604378856,0.20470199595019822,0.9442301010209269,17.086765940553825,1.8714612468362846,0.9646678840924694,1.0150473585974964,2000,PPI++_crossfit
glm_correct,PPI++,150,0.6,plugin,TRUE,FALSE,FALSE,0.810353517897356,0.20024855509376288,0.9443354651935828,17.032209106555637,1.7303968659379463,0.968052297935601,1.0151606250831016,2000,PPI++_noncrossfit
glm_correct,PPI++,150,0.6,plugin,TRUE,FALSE,TRUE,0.8035319804191473,0.19802420302404047,0.9453083162161673,16.89775757867621,1.8305192610611094,0.96585248162913,1.0162064399323798,2000,PPI++_independent_split
glm_correct,PPI++,150,0.6,plugin,TRUE,TRUE,FALSE,0.8012531604378856,0.20470199595019822,0.9442301010209269,17.086765940553825,1.8714612468362846,0.9646678840924694,1.0150473585974964,2000,PPI++_crossfit
glm_correct,PPI++,200,0.6,plugin,FALSE,FALSE,FALSE,0.806999749776501,0.18676012551120658,0.9235037099796111,17.081440219421673,1.7606294412249832,0.9680065715868642,1.0158540809775722,2000,PPI++_noncrossfit
glm_correct,PPI++,200,0.6,plugin,FALSE,FALSE,TRUE,0.8174194347713876,0.18803328434028105,0.9234979902283623,16.919910521992787,1.7545918908059635,0.9677453212929374,1.0158477892511986,2000,PPI++_independent_split
glm_correct,PPI++,200,0.6,plugin,FALSE,TRUE,FALSE,0.818904270848704,0.1861806106736234,0.922223796494278,16.984630587744977,1.7434334571147996,0.9666596494498496,1.0144461761437058,2000,PPI++_crossfit
glm_correct,PPI++,200,0.6,plugin,TRUE,FALSE,FALSE,0.806999749776501,0.18676012551120658,0.9235037099796111,17.081440219421673,1.7606294412249832,0.9680065715868642,1.0158540809775722,2000,PPI++_noncrossfit
glm_correct,PPI++,200,0.6,plugin,TRUE,FALSE,TRUE,0.8174194347713876,0.18803328434028105,0.9234979902283623,16.919910521992787,1.7545918908059635,0.9677453212929374,1.0158477892511986,2000,PPI++_independent_split
glm_correct,PPI++,200,0.6,plugin,TRUE,TRUE,FALSE,0.818904270848704,0.1861806106736234,0.922223796494278,16.984630587744977,1.7434334571147996,0.9666596494498496,1.0144461761437058,2000,PPI++_crossfit
glm_correct,PPI++,300,0.6,plugin,FALSE,FALSE,FALSE,0.8163665022137329,0.16761298321091647,0.8845518272534736,16.92028705774451,1.7368370919575467,0.9696097578446224,1.0172346013414946,2000,PPI++_noncrossfit
glm_correct,PPI++,300,0.6,plugin,FALSE,FALSE,TRUE,0.8105382238379254,0.16968319833865797,0.8845737707039035,17.075041451500223,1.7812420311321513,0.9685799641022974,1.017259836309489,2000,PPI++_independent_split
glm_correct,PPI++,300,0.6,plugin,FALSE,TRUE,FALSE,0.8055621637559176,0.1737292928818494,0.8849561655464278,17.032780574279585,1.8367471594188713,0.9677857598002145,1.0176995903783919,2000,PPI++_crossfit
glm_correct,PPI++,300,0.6,plugin,TRUE,FALSE,FALSE,0.8163665022137329,0.16761298321091647,0.8845518272534736,16.92028705774451,1.7368370919575467,0.9696097578446224,1.0172346013414946,2000,PPI++_noncrossfit
glm_correct,PPI++,300,0.6,plugin,TRUE,FALSE,TRUE,0.8105382238379254,0.16968319833865797,0.8845737707039035,17.075041451500223,1.7812420311321513,0.9685799641022974,1.017259836309489,2000,PPI++_independent_split
glm_correct,PPI++,300,0.6,plugin,TRUE,TRUE,FALSE,0.8055621637559176,0.1737292928818494,0.8849561655464278,17.032780574279585,1.8367471594188713,0.9677857598002145,1.0176995903783919,2000,PPI++_crossfit
glm_mis,PPI,50,0.6,plugin,FALSE,FALSE,FALSE,1,0,1.0608301851420936,10.95060421049428,9.330148726432821,0.7463313489850375,1.0873509397706458,2000,PPI_noncrossfit
glm_mis,PPI,50,0.6,plugin,FALSE,FALSE,TRUE,1,0,1.0608301851420936,10.95060421049428,9.330148726432821,0.7463313489850375,1.0873509397706458,2000,PPI_noncrossfit
glm_mis,PPI,50,0.6,plugin,FALSE,TRUE,FALSE,1,0,1.0608301851420936,10.95060421049428,9.330148726432821,0.7463313489850375,1.0873509397706458,2000,PPI_noncrossfit
glm_mis,PPI,50,0.6,plugin,TRUE,FALSE,FALSE,1,0,0.9200807205999597,9.30785165447589,9.30305219974046,0.6926600890290265,0.9430827386149586,2000,PPI_crossfit
glm_mis,PPI,50,0.6,plugin,TRUE,FALSE,TRUE,1,0,0.9200807205999597,9.30785165447589,9.30305219974046,0.6926600890290265,0.9430827386149586,2000,PPI_crossfit
glm_mis,PPI,50,0.6,plugin,TRUE,TRUE,FALSE,1,0,0.9200807205999597,9.30785165447589,9.30305219974046,0.6926600890290265,0.9430827386149586,2000,PPI_crossfit
glm_mis,PPI,100,0.6,plugin,FALSE,FALSE,FALSE,1,0,1.0350795202775478,10.177452776173043,9.284794534731224,0.7532908951812136,1.0868334962914252,2000,PPI_noncrossfit
glm_mis,PPI,100,0.6,plugin,FALSE,FALSE,TRUE,1,0,1.0350795202775478,10.177452776173043,9.284794534731224,0.7532908951812136,1.0868334962914252,2000,PPI_noncrossfit
glm_mis,PPI,100,0.6,plugin,FALSE,TRUE,FALSE,1,0,1.0350795202775478,10.177452776173043,9.284794534731224,0.7532908951812136,1.0868334962914252,2000,PPI_noncrossfit
glm_mis,PPI,100,0.6,plugin,TRUE,FALSE,FALSE,1,0,0.9185219905166081,10.015987111818617,9.616396779074947,0.7058003766413335,0.9644480900424386,2000,PPI_crossfit
glm_mis,PPI,100,0.6,plugin,TRUE,FALSE,TRUE,1,0,0.9185219905166081,10.015987111818617,9.616396779074947,0.7058003766413335,0.9644480900424386,2000,PPI_crossfit
glm_mis,PPI,100,0.6,plugin,TRUE,TRUE,FALSE,1,0,0.9185219905166081,10.015987111818617,9.616396779074947,0.7058003766413335,0.9644480900424386,2000,PPI_crossfit
glm_mis,PPI,150,0.6,plugin,FALSE,FALSE,FALSE,1,0,0.9772192052344061,10.314694552323946,8.791159780953311,0.7517249303590751,1.0505106456269866,2000,PPI_noncrossfit
glm_mis,PPI,150,0.6,plugin,FALSE,FALSE,TRUE,1,0,0.9772192052344061,10.314694552323946,8.791159780953311,0.7517249303590751,1.0505106456269866,2000,PPI_noncrossfit
glm_mis,PPI,150,0.6,plugin,FALSE,TRUE,FALSE,1,0,0.9772192052344061,10.314694552323946,8.791159780953311,0.7517249303590751,1.0505106456269866,2000,PPI_noncrossfit
glm_mis,PPI,150,0.6,plugin,TRUE,FALSE,FALSE,1,0,0.9090405106383674,9.934372447605242,8.905466220066447,0.7209874222024113,0.977218548936245,2000,PPI_crossfit
glm_mis,PPI,150,0.6,plugin,TRUE,FALSE,TRUE,1,0,0.9090405106383674,9.934372447605242,8.905466220066447,0.7209874222024113,0.977218548936245,2000,PPI_crossfit
glm_mis,PPI,150,0.6,plugin,TRUE,TRUE,FALSE,1,0,0.9090405106383674,9.934372447605242,8.905466220066447,0.7209874222024113,0.977218548936245,2000,PPI_crossfit
glm_mis,PPI,200,0.6,plugin,FALSE,FALSE,FALSE,1,0,0.9488748882051056,10.17826812183268,8.870314995751736,0.7486061508357796,1.0437623770256161,2000,PPI_noncrossfit
glm_mis,PPI,200,0.6,plugin,FALSE,FALSE,TRUE,1,0,0.9488748882051056,10.17826812183268,8.870314995751736,0.7486061508357796,1.0437623770256161,2000,PPI_noncrossfit
glm_mis,PPI,200,0.6,plugin,FALSE,TRUE,FALSE,1,0,0.9488748882051056,10.17826812183268,8.870314995751736,0.7486061508357796,1.0437623770256161,2000,PPI_noncrossfit
glm_mis,PPI,200,0.6,plugin,TRUE,FALSE,FALSE,1,0,0.892351632619633,10.02057896051697,8.863465706700492,0.7249935637558934,0.9815867958815964,2000,PPI_crossfit
glm_mis,PPI,200,0.6,plugin,TRUE,FALSE,TRUE,1,0,0.892351632619633,10.02057896051697,8.863465706700492,0.7249935637558934,0.9815867958815964,2000,PPI_crossfit
glm_mis,PPI,200,0.6,plugin,TRUE,TRUE,FALSE,1,0,0.892351632619633,10.02057896051697,8.863465706700492,0.7249935637558934,0.9815867958815964,2000,PPI_crossfit
glm_mis,PPI,300,0.6,plugin,FALSE,FALSE,FALSE,1,0,0.8927897157583149,10.335007808524008,8.367328785897534,0.7506892510289755,1.026708173122062,2000,PPI_noncrossfit
glm_mis,PPI,300,0.6,plugin,FALSE,FALSE,TRUE,1,0,0.8927897157583149,10.335007808524008,8.367328785897534,0.7506892510289755,1.026708173122062,2000,PPI_noncrossfit
glm_mis,PPI,300,0.6,plugin,FALSE,TRUE,FALSE,1,0,0.8927897157583149,10.335007808524008,8.367328785897534,0.7506892510289755,1.026708173122062,2000,PPI_noncrossfit
glm_mis,PPI,300,0.6,plugin,TRUE,FALSE,FALSE,1,0,0.8584148208866758,9.920563382609116,8.544188195513868,0.7305949729344714,0.987177044019677,2000,PPI_crossfit
glm_mis,PPI,300,0.6,plugin,TRUE,FALSE,TRUE,1,0,0.8584148208866758,9.920563382609116,8.544188195513868,0.7305949729344714,0.987177044019677,2000,PPI_crossfit
glm_mis,PPI,300,0.6,plugin,TRUE,TRUE,FALSE,1,0,0.8584148208866758,9.920563382609116,8.544188195513868,0.7305949729344714,0.987177044019677,2000,PPI_crossfit
glm_mis,PPI++,50,0.6,plugin,FALSE,FALSE,FALSE,0.9135420813896379,0.11043714709452548,0.9786371048070943,10.674146078605297,7.348220233686618,0.7817471157552551,1.0031030324272716,2000,PPI++_noncrossfit
glm_mis,PPI++,50,0.6,plugin,FALSE,FALSE,TRUE,0.8034445095710799,0.23860347336761784,1.0468137404469968,10.95060421049428,8.165501216133535,0.7463313489850375,1.0729840839581717,2000,PPI++_independent_split
glm_mis,PPI++,50,0.6,plugin,FALSE,TRUE,FALSE,0.8588564827099322,0.14449197189898452,0.9187243716974226,9.30785165447589,9.148130848238004,0.6926600890290265,0.9416924809898581,2000,PPI++_crossfit
glm_mis,PPI++,50,0.6,plugin,TRUE,FALSE,FALSE,0.9135420813896379,0.11043714709452548,0.9786371048070943,10.674146078605297,7.348220233686618,0.7817471157552551,1.0031030324272716,2000,PPI++_noncrossfit
glm_mis,PPI++,50,0.6,plugin,TRUE,FALSE,TRUE,0.8034445095710799,0.23860347336761784,1.0468137404469968,10.95060421049428,8.165501216133535,0.7463313489850375,1.0729840839581717,2000,PPI++_independent_split
glm_mis,PPI++,50,0.6,plugin,TRUE,TRUE,FALSE,0.8588564827099322,0.14449197189898452,0.9187243716974226,9.30785165447589,9.148130848238004,0.6926600890290265,0.9416924809898581,2000,PPI++_crossfit
glm_mis,PPI++,100,0.6,plugin,FALSE,FALSE,FALSE,0.9260003319812257,0.08057076505735299,0.956312234834579,10.213568879433732,7.45112716915437,0.7703508027142775,1.004127846576308,2000,PPI++_noncrossfit
glm_mis,PPI++,100,0.6,plugin,FALSE,FALSE,TRUE,0.8669823280481165,0.17448786781166786,1.028048892953238,10.177452776173043,8.763625262561181,0.7532908951812136,1.0794513376009,2000,PPI++_independent_split
glm_mis,PPI++,100,0.6,plugin,FALSE,TRUE,FALSE,0.8806361904081624,0.11353964343023633,0.9190730176374564,10.015987111818617,9.574022553031474,0.7058003766413335,0.9650266685193293,2000,PPI++_crossfit
glm_mis,PPI++,100,0.6,plugin,TRUE,FALSE,FALSE,0.9260003319812257,0.08057076505735299,0.956312234834579,10.213568879433732,7.45112716915437,0.7703508027142775,1.004127846576308,2000,PPI++_noncrossfit
glm_mis,PPI++,100,0.6,plugin,TRUE,FALSE,TRUE,0.8669823280481165,0.17448786781166786,1.028048892953238,10.177452776173043,8.763625262561181,0.7532908951812136,1.0794513376009,2000,PPI++_independent_split
glm_mis,PPI++,100,0.6,plugin,TRUE,TRUE,FALSE,0.8806361904081624,0.11353964343023633,0.9190730176374564,10.015987111818617,9.574022553031474,0.7058003766413335,0.9650266685193293,2000,PPI++_crossfit
glm_mis,PPI++,150,0.6,plugin,FALSE,FALSE,FALSE,0.9228926200896914,0.0754912137219533,0.9347771126244827,10.286999928940123,7.931804348136333,0.7633448424535888,1.0048853960713189,2000,PPI++_noncrossfit
glm_mis,PPI++,150,0.6,plugin,FALSE,FALSE,TRUE,0.8642714539195373,0.15877496502664293,0.9725252020098659,10.314694552323946,8.43561836417465,0.7517249303590751,1.0454645921606058,2000,PPI++_independent_split
glm_mis,PPI++,150,0.6,plugin,FALSE,TRUE,FALSE,0.8856909814305847,0.0900113546170211,0.9107393681733278,9.934372447605242,8.944838033500561,0.7209874222024113,0.9790448207863274,2000,PPI++_crossfit
glm_mis,PPI++,150,0.6,plugin,TRUE,FALSE,FALSE,0.9228926200896914,0.0754912137219533,0.9347771126244827,10.286999928940123,7.931804348136333,0.7633448424535888,1.0048853960713189,2000,PPI++_noncrossfit
glm_mis,PPI++,150,0.6,plugin,TRUE,FALSE,TRUE,0.8642714539195373,0.15877496502664293,0.9725252020098659,10.314694552323946,8.43561836417465,0.7517249303590751,1.0454645921606058,2000,PPI++_independent_split
glm_mis,PPI++,150,0.6,plugin,TRUE,TRUE,FALSE,0.8856909814305847,0.0900113546170211,0.9107393681733278,9.934372447605242,8.944838033500561,0.7209874222024113,0.9790448207863274,2000,PPI++_crossfit
glm_mis,PPI++,200,0.6,plugin,FALSE,FALSE,FALSE,0.9007816436268994,0.07072536208864925,0.9115500267136732,10.036803693791994,7.860346969153956,0.7570152507347321,1.0027050293850406,2000,PPI++_noncrossfit
glm_mis,PPI++,200,0.6,plugin,FALSE,FALSE,TRUE,0.8648860909082872,0.15510375338495153,0.9455045255557846,10.17826812183268,8.636420561558207,0.7486061508357796,1.040054978111363,2000,PPI++_independent_split
glm_mis,PPI++,200,0.6,plugin,FALSE,TRUE,FALSE,0.8778083202337796,0.08081391289739495,0.894418453741821,10.02057896051697,8.920815669391398,0.7249935637558934,0.9838602991160031,2000,PPI++_crossfit
glm_mis,PPI++,200,0.6,plugin,TRUE,FALSE,FALSE,0.9007816436268994,0.07072536208864925,0.9115500267136732,10.036803693791994,7.860346969153956,0.7570152507347321,1.0027050293850406,2000,PPI++_noncrossfit
glm_mis,PPI++,200,0.6,plugin,TRUE,FALSE,TRUE,0.8648860909082872,0.15510375338495153,0.9455045255557846,10.17826812183268,8.636420561558207,0.7486061508357796,1.040054978111363,2000,PPI++_independent_split
glm_mis,PPI++,200,0.6,plugin,TRUE,TRUE,FALSE,0.8778083202337796,0.08081391289739495,0.894418453741821,10.02057896051697,8.920815669391398,0.7249935637558934,0.9838602991160031,2000,PPI++_crossfit
glm_mis,PPI++,300,0.6,plugin,FALSE,FALSE,FALSE,0.8732679488581395,0.06347973682219918,0.8751287131093316,10.127056582663553,8.127958063122882,0.7548088451927707,1.0063980200757312,2000,PPI++_noncrossfit
glm_mis,PPI++,300,0.6,plugin,FALSE,FALSE,TRUE,0.8470863580947836,0.14735735544489045,0.8914948828778654,10.335007808524008,8.222052900942833,0.7506892510289755,1.0252191153095451,2000,PPI++_independent_split
glm_mis,PPI++,300,0.6,plugin,FALSE,TRUE,FALSE,0.8503992802908061,0.06756940180306299,0.8621278588782705,9.920563382609116,8.677644549900963,0.7305949729344714,0.991447037710011,2000,PPI++_crossfit
glm_mis,PPI++,300,0.6,plugin,TRUE,FALSE,FALSE,0.8732679488581395,0.06347973682219918,0.8751287131093316,10.127056582663553,8.127958063122882,0.7548088451927707,1.0063980200757312,2000,PPI++_noncrossfit
glm_mis,PPI++,300,0.6,plugin,TRUE,FALSE,TRUE,0.8470863580947836,0.14735735544489045,0.8914948828778654,10.335007808524008,8.222052900942833,0.7506892510289755,1.0252191153095451,2000,PPI++_independent_split
glm_mis,PPI++,300,0.6,plugin,TRUE,TRUE,FALSE,0.8503992802908061,0.06756940180306299,0.8621278588782705,9.920563382609116,8.677644549900963,0.7305949729344714,0.991447037710011,2000,PPI++_crossfit
glm_wrong,PPI,50,0.6,plugin,FALSE,FALSE,FALSE,1,0,-0.11502134791564678,3.9766533701938345,19.18886008203925,0.10975625364074694,-0.11789688161353794,2000,PPI_noncrossfit
glm_wrong,PPI,50,0.6,plugin,FALSE,FALSE,TRUE,1,0,-0.11502134791564678,3.9766533701938345,19.18886008203925,0.10975625364074694,-0.11789688161353794,2000,PPI_noncrossfit
glm_wrong,PPI,50,0.6,plugin,FALSE,TRUE,FALSE,1,0,-0.11502134791564678,3.9766533701938345,19.18886008203925,0.10975625364074694,-0.11789688161353794,2000,PPI_noncrossfit
glm_wrong,PPI,50,0.6,plugin,TRUE,FALSE,FALSE,1,0,-3.3166236467674817,2.224195111071368,19.54783694117615,0.04509987484047556,-3.3995392379366685,2000,PPI_crossfit
glm_wrong,PPI,50,0.6,plugin,TRUE,FALSE,TRUE,1,0,-3.3166236467674817,2.224195111071368,19.54783694117615,0.04509987484047556,-3.3995392379366685,2000,PPI_crossfit
glm_wrong,PPI,50,0.6,plugin,TRUE,TRUE,FALSE,1,0,-3.3166236467674817,2.224195111071368,19.54783694117615,0.04509987484047556,-3.3995392379366685,2000,PPI_crossfit
glm_wrong,PPI,100,0.6,plugin,FALSE,FALSE,FALSE,1,0,-0.9221089946233291,2.4514312041744244,19.070390885898483,0.1460423151502902,-0.9682144443544956,2000,PPI_noncrossfit
glm_wrong,PPI,100,0.6,plugin,FALSE,FALSE,TRUE,1,0,-0.9221089946233291,2.4514312041744244,19.070390885898483,0.1460423151502902,-0.9682144443544956,2000,PPI_noncrossfit
glm_wrong,PPI,100,0.6,plugin,FALSE,TRUE,FALSE,1,0,-0.9221089946233291,2.4514312041744244,19.070390885898483,0.1460423151502902,-0.9682144443544956,2000,PPI_noncrossfit
glm_wrong,PPI,100,0.6,plugin,TRUE,FALSE,FALSE,1,0,-1.1383588415356387,1.7248281787765,19.62469135128211,0.08995317917038036,-1.1952767836124207,2000,PPI_crossfit
glm_wrong,PPI,100,0.6,plugin,TRUE,FALSE,TRUE,1,0,-1.1383588415356387,1.7248281787765,19.62469135128211,0.08995317917038036,-1.1952767836124207,2000,PPI_crossfit
glm_wrong,PPI,100,0.6,plugin,TRUE,TRUE,FALSE,1,0,-1.1383588415356387,1.7248281787765,19.62469135128211,0.08995317917038036,-1.1952767836124207,2000,PPI_crossfit
glm_wrong,PPI,150,0.6,plugin,FALSE,FALSE,FALSE,1,0,-0.1617908773861171,2.1678868932785846,18.39970295822242,0.1449831584021033,-0.1739251931900759,2000,PPI_noncrossfit
glm_wrong,PPI,150,0.6,plugin,FALSE,FALSE,TRUE,1,0,-0.1617908773861171,2.1678868932785846,18.39970295822242,0.1449831584021033,-0.1739251931900759,2000,PPI_noncrossfit
glm_wrong,PPI,150,0.6,plugin,FALSE,TRUE,FALSE,1,0,-0.1617908773861171,2.1678868932785846,18.39970295822242,0.1449831584021033,-0.1739251931900759,2000,PPI_noncrossfit
glm_wrong,PPI,150,0.6,plugin,TRUE,FALSE,FALSE,1,0,-1.1426563107524885,1.5854004562018305,18.45895107026343,0.11790977125316189,-1.2283555340589252,2000,PPI_crossfit
glm_wrong,PPI,150,0.6,plugin,TRUE,FALSE,TRUE,1,0,-1.1426563107524885,1.5854004562018305,18.45895107026343,0.11790977125316189,-1.2283555340589252,2000,PPI_crossfit
glm_wrong,PPI,150,0.6,plugin,TRUE,TRUE,FALSE,1,0,-1.1426563107524885,1.5854004562018305,18.45895107026343,0.11790977125316189,-1.2283555340589252,2000,PPI_crossfit
glm_wrong,PPI,200,0.6,plugin,FALSE,FALSE,FALSE,1,0,1.6745460836188526,1.8775336374258318,18.233843319237018,0.1938317683593904,1.842000691980738,2000,PPI_noncrossfit
glm_wrong,PPI,200,0.6,plugin,FALSE,FALSE,TRUE,1,0,1.6745460836188526,1.8775336374258318,18.233843319237018,0.1938317683593904,1.842000691980738,2000,PPI_noncrossfit
glm_wrong,PPI,200,0.6,plugin,FALSE,TRUE,FALSE,1,0,1.6745460836188526,1.8775336374258318,18.233843319237018,0.1938317683593904,1.842000691980738,2000,PPI_noncrossfit
glm_wrong,PPI,200,0.6,plugin,TRUE,FALSE,FALSE,1,0,-0.30332836103082755,1.558520658691212,18.372817432274765,0.1390226974626022,-0.3336611971339103,2000,PPI_crossfit
glm_wrong,PPI,200,0.6,plugin,TRUE,FALSE,TRUE,1,0,-0.30332836103082755,1.558520658691212,18.372817432274765,0.1390226974626022,-0.3336611971339103,2000,PPI_crossfit
glm_wrong,PPI,200,0.6,plugin,TRUE,TRUE,FALSE,1,0,-0.30332836103082755,1.558520658691212,18.372817432274765,0.1390226974626022,-0.3336611971339103,2000,PPI_crossfit
glm_wrong,PPI,300,0.6,plugin,FALSE,FALSE,FALSE,1,0,1.2869090367707974,1.86532785155277,17.68939368646203,0.2005565881646785,1.4799453922864167,2000,PPI_noncrossfit
glm_wrong,PPI,300,0.6,plugin,FALSE,FALSE,TRUE,1,0,1.2869090367707974,1.86532785155277,17.68939368646203,0.2005565881646785,1.4799453922864167,2000,PPI_noncrossfit
glm_wrong,PPI,300,0.6,plugin,FALSE,TRUE,FALSE,1,0,1.2869090367707974,1.86532785155277,17.68939368646203,0.2005565881646785,1.4799453922864167,2000,PPI_noncrossfit
glm_wrong,PPI,300,0.6,plugin,TRUE,FALSE,FALSE,1,0,-0.6395509128638149,1.3238043361355378,17.89082150311964,0.14862546651250297,-0.7354835497933871,2000,PPI_crossfit
glm_wrong,PPI,300,0.6,plugin,TRUE,FALSE,TRUE,1,0,-0.6395509128638149,1.3238043361355378,17.89082150311964,0.14862546651250297,-0.7354835497933871,2000,PPI_crossfit
glm_wrong,PPI,300,0.6,plugin,TRUE,TRUE,FALSE,1,0,-0.6395509128638149,1.3238043361355378,17.89082150311964,0.14862546651250297,-0.7354835497933871,2000,PPI_crossfit
glm_wrong,PPI++,50,0.6,plugin,FALSE,FALSE,FALSE,0.8372484946329877,0.18950585042717716,0.9610822053847903,2.845381805094409,15.907760990621401,0.3217273536800975,0.98510926051941,2000,PPI++_noncrossfit
glm_wrong,PPI++,50,0.6,plugin,FALSE,FALSE,TRUE,0.4091717704574677,0.41782346779964485,-0.0804051586469365,3.9766533701938345,15.805136399441924,0.10975625364074694,-0.0824152876131099,2000,PPI++_independent_split
glm_wrong,PPI++,50,0.6,plugin,FALSE,TRUE,FALSE,0.31985327316757084,0.37034786640906986,-2.631301080138126,2.224195111071368,16.027711537525033,0.04509987484047556,-2.697083607141579,2000,PPI++_crossfit
glm_wrong,PPI++,50,0.6,plugin,TRUE,FALSE,FALSE,0.8372484946329877,0.18950585042717716,0.9610822053847903,2.845381805094409,15.907760990621401,0.3217273536800975,0.98510926051941,2000,PPI++_noncrossfit
glm_wrong,PPI++,50,0.6,plugin,TRUE,FALSE,TRUE,0.4091717704574677,0.41782346779964485,-0.0804051586469365,3.9766533701938345,15.805136399441924,0.10975625364074694,-0.0824152876131099,2000,PPI++_independent_split
glm_wrong,PPI++,50,0.6,plugin,TRUE,TRUE,FALSE,0.31985327316757084,0.37034786640906986,-2.631301080138126,2.224195111071368,16.027711537525033,0.04509987484047556,-2.697083607141579,2000,PPI++_crossfit
glm_wrong,PPI++,100,0.6,plugin,FALSE,FALSE,FALSE,0.8813727178442184,0.14348623558845752,0.9597440891553896,1.865997888414792,16.14947312179691,0.27210067685466705,1.007731293613159,2000,PPI++_noncrossfit
glm_wrong,PPI++,100,0.6,plugin,FALSE,FALSE,TRUE,0.49208559983513367,0.418124773207987,-0.9056908708282365,2.4514312041744244,17.50224467337231,0.1460423151502902,-0.9509754143696484,2000,PPI++_independent_split
glm_wrong,PPI++,100,0.6,plugin,FALSE,TRUE,FALSE,0.3996341975497102,0.39407452019327344,-0.9962401011050168,1.7248281787765,17.689863657245958,0.08995317917038036,-1.0460521061602677,2000,PPI++_crossfit
glm_wrong,PPI++,100,0.6,plugin,TRUE,FALSE,FALSE,0.8813727178442184,0.14348623558845752,0.9597440891553896,1.865997888414792,16.14947312179691,0.27210067685466705,1.007731293613159,2000,PPI++_noncrossfit
glm_wrong,PPI++,100,0.6,plugin,TRUE,FALSE,TRUE,0.49208559983513367,0.418124773207987,-0.9056908708282365,2.4514312041744244,17.50224467337231,0.1460423151502902,-0.9509754143696484,2000,PPI++_independent_split
glm_wrong,PPI++,100,0.6,plugin,TRUE,TRUE,FALSE,0.3996341975497102,0.39407452019327344,-0.9962401011050168,1.7248281787765,17.689863657245958,0.08995317917038036,-1.0460521061602677,2000,PPI++_crossfit
glm_wrong,PPI++,150,0.6,plugin,FALSE,FALSE,FALSE,0.8832779108648614,0.12675875135873216,0.9329644215977062,1.7203744250385824,16.804832544106066,0.2614422065791154,1.0029367532175342,2000,PPI++_noncrossfit
glm_wrong,PPI++,150,0.6,plugin,FALSE,FALSE,TRUE,0.5359786296676898,0.408375209561262,-0.1419285193807188,2.1678868932785846,17.153831621840574,0.1449831584021033,-0.1525731583342727,2000,PPI++_independent_split
glm_wrong,PPI++,150,0.6,plugin,FALSE,TRUE,FALSE,0.45652852912966235,0.36667592202924837,-1.0244729688874699,1.5854004562018305,17.234132501288283,0.11790977125316189,-1.1013084415540302,2000,PPI++_crossfit
glm_wrong,PPI++,150,0.6,plugin,TRUE,FALSE,FALSE,0.8832779108648614,0.12675875135873216,0.9329644215977062,1.7203744250385824,16.804832544106066,0.2614422065791154,1.0029367532175342,2000,PPI++_noncrossfit
glm_wrong,PPI++,150,0.6,plugin,TRUE,FALSE,TRUE,0.5359786296676898,0.408375209561262,-0.1419285193807188,2.1678868932785846,17.153831621840574,0.1449831584021033,-0.1525731583342727,2000,PPI++_independent_split
glm_wrong,PPI++,150,0.6,plugin,TRUE,TRUE,FALSE,0.45652852912966235,0.36667592202924837,-1.0244729688874699,1.5854004562018305,17.234132501288283,0.11790977125316189,-1.1013084415540302,2000,PPI++_crossfit
glm_wrong,PPI++,200,0.6,plugin,FALSE,FALSE,FALSE,0.8790989311805764,0.11315977256051186,0.9086073783092669,1.5257076763067248,16.36865782187432,0.2547972777669294,0.9994681161401936,2000,PPI++_noncrossfit
glm_wrong,PPI++,200,0.6,plugin,FALSE,FALSE,TRUE,0.5999734193126601,0.39033525595644564,1.6791056641683235,1.8775336374258318,17.418796055537488,0.1938317683593904,1.8470162305851558,2000,PPI++_independent_split
glm_wrong,PPI++,200,0.6,plugin,FALSE,TRUE,FALSE,0.49947260774061625,0.36603364654925324,-0.24725149306492872,1.558520658691212,17.31778825764133,0.1390226974626022,-0.2719766423714216,2000,PPI++_crossfit
glm_wrong,PPI++,200,0.6,plugin,TRUE,FALSE,FALSE,0.8790989311805764,0.11315977256051186,0.9086073783092669,1.5257076763067248,16.36865782187432,0.2547972777669294,0.9994681161401936,2000,PPI++_noncrossfit
glm_wrong,PPI++,200,0.6,plugin,TRUE,FALSE,TRUE,0.5999734193126601,0.39033525595644564,1.6791056641683235,1.8775336374258318,17.418796055537488,0.1938317683593904,1.8470162305851558,2000,PPI++_independent_split
glm_wrong,PPI++,200,0.6,plugin,TRUE,TRUE,FALSE,0.49947260774061625,0.36603364654925324,-0.24725149306492872,1.558520658691212,17.31778825764133,0.1390226974626022,-0.2719766423714216,2000,PPI++_crossfit
glm_wrong,PPI++,300,0.6,plugin,FALSE,FALSE,FALSE,0.8641005412695126,0.11144685825973408,0.8742584710030055,1.2719538446756675,16.98066157209321,0.23918374767086173,1.0053972416534562,2000,PPI++_noncrossfit
glm_wrong,PPI++,300,0.6,plugin,FALSE,FALSE,TRUE,0.610430191674531,0.367401962502341,1.2887067842861781,1.86532785155277,16.97564229101663,0.2005565881646785,1.4820128019291048,2000,PPI++_independent_split
glm_wrong,PPI++,300,0.6,plugin,FALSE,TRUE,FALSE,0.5168501378593445,0.3291313335585394,-0.5998333374224628,1.3238043361355378,17.246620450761423,0.14862546651250297,-0.6898083380358322,2000,PPI++_crossfit
glm_wrong,PPI++,300,0.6,plugin,TRUE,FALSE,FALSE,0.8641005412695126,0.11144685825973408,0.8742584710030055,1.2719538446756675,16.98066157209321,0.23918374767086173,1.0053972416534562,2000,PPI++_noncrossfit
glm_wrong,PPI++,300,0.6,plugin,TRUE,FALSE,TRUE,0.610430191674531,0.367401962502341,1.2887067842861781,1.86532785155277,16.97564229101663,0.2005565881646785,1.4820128019291048,2000,PPI++_independent_split
glm_wrong,PPI++,300,0.6,plugin,TRUE,TRUE,FALSE,0.5168501378593445,0.3291313335585394,-0.5998333374224628,1.3238043361355378,17.246620450761423,0.14862546651250297,-0.6898083380358322,2000,PPI++_crossfit
rf,PPI,50,0.6,plugin,FALSE,FALSE,FALSE,1,0,1.3938379430198362,3.4346514118856715,11.502886598053085,0.6770690093476815,1.428683891595332,2000,PPI_noncrossfit
rf,PPI,50,0.6,plugin,FALSE,FALSE,TRUE,1,0,1.3938379430198362,3.4346514118856715,11.502886598053085,0.6770690093476815,1.428683891595332,2000,PPI_noncrossfit
rf,PPI,50,0.6,plugin,FALSE,TRUE,FALSE,1,0,1.3938379430198362,3.4346514118856715,11.502886598053085,0.6770690093476815,1.428683891595332,2000,PPI_noncrossfit
rf,PPI,50,0.6,plugin,TRUE,FALSE,FALSE,1,0,1.2512542527909447,2.7481640567152574,12.341594290579799,0.6051433169334939,1.2825356091107183,2000,PPI_crossfit
rf,PPI,50,0.6,plugin,TRUE,FALSE,TRUE,1,0,1.2512542527909447,2.7481640567152574,12.341594290579799,0.6051433169334939,1.2825356091107183,2000,PPI_crossfit
rf,PPI,50,0.6,plugin,TRUE,TRUE,FALSE,1,0,1.2512542527909447,2.7481640567152574,12.341594290579799,0.6051433169334939,1.2825356091107183,2000,PPI_crossfit
rf,PPI,100,0.6,plugin,FALSE,FALSE,FALSE,1,0,1.234940976199547,4.8522787684930035,8.817602115940273,0.7700195777063111,1.2966880250095243,2000,PPI_noncrossfit
rf,PPI,100,0.6,plugin,FALSE,FALSE,TRUE,1,0,1.234940976199547,4.8522787684930035,8.817602115940273,0.7700195777063111,1.2966880250095243,2000,PPI_noncrossfit
rf,PPI,100,0.6,plugin,FALSE,TRUE,FALSE,1,0,1.234940976199547,4.8522787684930035,8.817602115940273,0.7700195777063111,1.2966880250095243,2000,PPI_noncrossfit
rf,PPI,100,0.6,plugin,TRUE,FALSE,FALSE,1,0,1.213839010745785,4.0608517295174975,9.370006509809686,0.7411223028680718,1.2745309612830744,2000,PPI_crossfit
rf,PPI,100,0.6,plugin,TRUE,FALSE,TRUE,1,0,1.213839010745785,4.0608517295174975,9.370006509809686,0.7411223028680718,1.2745309612830744,2000,PPI_crossfit
rf,PPI,100,0.6,plugin,TRUE,TRUE,FALSE,1,0,1.213839010745785,4.0608517295174975,9.370006509809686,0.7411223028680718,1.2745309612830744,2000,PPI_crossfit
rf,PPI,150,0.6,plugin,FALSE,FALSE,FALSE,1,0,1.1536389923466672,5.6880652985011935,7.807310951255611,0.8086902096172435,1.2401619167726672,2000,PPI_noncrossfit
rf,PPI,150,0.6,plugin,FALSE,FALSE,TRUE,1,0,1.1536389923466672,5.6880652985011935,7.807310951255611,0.8086902096172435,1.2401619167726672,2000,PPI_noncrossfit
rf,PPI,150,0.6,plugin,FALSE,TRUE,FALSE,1,0,1.1536389923466672,5.6880652985011935,7.807310951255611,0.8086902096172435,1.2401619167726672,2000,PPI_noncrossfit
rf,PPI,150,0.6,plugin,TRUE,FALSE,FALSE,1,0,1.1398105652503359,4.997570334622603,7.725611906977772,0.792587543041049,1.2252963576441112,2000,PPI_crossfit
rf,PPI,150,0.6,plugin,TRUE,FALSE,TRUE,1,0,1.1398105652503359,4.997570334622603,7.725611906977772,0.792587543041049,1.2252963576441112,2000,PPI_crossfit
rf,PPI,150,0.6,plugin,TRUE,TRUE,FALSE,1,0,1.1398105652503359,4.997570334622603,7.725611906977772,0.792587543041049,1.2252963576441112,2000,PPI_crossfit
rf,PPI,200,0.6,plugin,FALSE,FALSE,FALSE,1,0,1.0985692200744313,6.2203367004682,7.2709891031864755,0.8273193793327066,1.2084261420818745,2000,PPI_noncrossfit
rf,PPI,200,0.6,plugin,FALSE,FALSE,TRUE,1,0,1.0985692200744313,6.2203367004682,7.2709891031864755,0.8273193793327066,1.2084261420818745,2000,PPI_noncrossfit
rf,PPI,200,0.6,plugin,FALSE,TRUE,FALSE,1,0,1.0985692200744313,6.2203367004682,7.2709891031864755,0.8273193793327066,1.2084261420818745,2000,PPI_noncrossfit
rf,PPI,200,0.6,plugin,TRUE,FALSE,FALSE,1,0,1.0791767389359075,5.7473655632732035,6.875760182073053,0.8188243425334224,1.1870944128294982,2000,PPI_crossfit
rf,PPI,200,0.6,plugin,TRUE,FALSE,TRUE,1,0,1.0791767389359075,5.7473655632732035,6.875760182073053,0.8188243425334224,1.1870944128294982,2000,PPI_crossfit
rf,PPI,200,0.6,plugin,TRUE,TRUE,FALSE,1,0,1.0791767389359075,5.7473655632732035,6.875760182073053,0.8188243425334224,1.1870944128294982,2000,PPI_crossfit
rf,PPI,300,0.6,plugin,FALSE,FALSE,FALSE,1,0,1.0052953917181426,7.266002149558178,6.070504842566357,0.8564892250430831,1.156089700475864,2000,PPI_noncrossfit
rf,PPI,300,0.6,plugin,FALSE,FALSE,TRUE,1,0,1.0052953917181426,7.266002149558178,6.070504842566357,0.8564892250430831,1.156089700475864,2000,PPI_noncrossfit
rf,PPI,300,0.6,plugin,FALSE,TRUE,FALSE,1,0,1.0052953917181426,7.266002149558178,6.070504842566357,0.8564892250430831,1.156089700475864,2000,PPI_noncrossfit
rf,PPI,300,0.6,plugin,TRUE,FALSE,FALSE,1,0,0.9986505708160759,6.876177764128055,5.860244439323317,0.8531774770242612,1.1484481564384872,2000,PPI_crossfit
rf,PPI,300,0.6,plugin,TRUE,FALSE,TRUE,1,0,0.9986505708160759,6.876177764128055,5.860244439323317,0.8531774770242612,1.1484481564384872,2000,PPI_crossfit
rf,PPI,300,0.6,plugin,TRUE,TRUE,FALSE,1,0,0.9986505708160759,6.876177764128055,5.860244439323317,0.8531774770242612,1.1484481564384872,2000,PPI_crossfit
rf,PPI++,50,0.6,plugin,FALSE,FALSE,FALSE,1,0,1.11427330854341,4.777077988014122,1.9953547565202026,0.9718057076060602,1.142130141256995,2000,PPI++_noncrossfit
rf,PPI++,50,0.6,plugin,FALSE,FALSE,TRUE,0.9247550221518794,0.16431443617795877,1.3958301214637523,3.4346514118856715,11.51423596910925,0.6770690093476815,1.430725874500346,2000,PPI++_independent_split
rf,PPI++,50,0.6,plugin,FALSE,TRUE,FALSE,0.9495508537883688,0.14754145875353197,1.2513959208024206,2.7481640567152574,12.263715255650338,0.6051433169334939,1.282680818822481,2000,PPI++_crossfit
rf,PPI++,50,0.6,plugin,TRUE,FALSE,FALSE,1,0,1.11427330854341,4.777077988014122,1.9953547565202026,0.9718057076060602,1.142130141256995,2000,PPI++_noncrossfit
rf,PPI++,50,0.6,plugin,TRUE,FALSE,TRUE,0.9247550221518794,0.16431443617795877,1.3958301214637523,3.4346514118856715,11.51423596910925,0.6770690093476815,1.430725874500346,2000,PPI++_independent_split
rf,PPI++,50,0.6,plugin,TRUE,TRUE,FALSE,0.9495508537883688,0.14754145875353197,1.2513959208024206,2.7481640567152574,12.263715255650338,0.6051433169334939,1.282680818822481,2000,PPI++_crossfit
rf,PPI++,100,0.6,plugin,FALSE,FALSE,FALSE,0.999945892039247,0.0012098907836764826,1.0299989479017186,6.2402678896813955,1.4545558247332449,0.9771078881625996,1.0814988952968045,2000,PPI++_noncrossfit
rf,PPI++,100,0.6,plugin,FALSE,FALSE,TRUE,0.951778844533409,0.11157964360852345,1.2384740478569287,4.8522787684930035,8.885735302893007,0.7700195777063111,1.3003977502497752,2000,PPI++_independent_split
rf,PPI++,100,0.6,plugin,FALSE,TRUE,FALSE,0.9857431259473239,0.05908541132758357,1.2145754831399513,4.0608517295174975,9.376535257752488,0.7411223028680718,1.275304257296949,2000,PPI++_crossfit
rf,PPI++,100,0.6,plugin,TRUE,FALSE,FALSE,0.999945892039247,0.0012098907836764826,1.0299989479017186,6.2402678896813955,1.4545558247332449,0.9771078881625996,1.0814988952968045,2000,PPI++_noncrossfit
rf,PPI++,100,0.6,plugin,TRUE,FALSE,TRUE,0.951778844533409,0.11157964360852345,1.2384740478569287,4.8522787684930035,8.885735302893007,0.7700195777063111,1.3003977502497752,2000,PPI++_independent_split
rf,PPI++,100,0.6,plugin,TRUE,TRUE,FALSE,0.9857431259473239,0.05908541132758357,1.2145754831399513,4.0608517295174975,9.376535257752488,0.7411223028680718,1.275304257296949,2000,PPI++_crossfit
rf,PPI++,150,0.6,plugin,FALSE,FALSE,FALSE,0.9998654832029891,0.0018699302857699866,0.9863540010801927,7.320886752796548,1.322484093553592,0.9784003817346008,1.0603305511612071,2000,PPI++_noncrossfit
rf,PPI++,150,0.6,plugin,FALSE,FALSE,TRUE,0.9682522481703945,0.0916699321612255,1.1564561777505422,5.6880652985011935,7.868749378379932,0.8086902096172435,1.243190391081833,2000,PPI++_independent_split
rf,PPI++,150,0.6,plugin,FALSE,TRUE,FALSE,0.9934660582824013,0.028679165576575426,1.1405044193011757,4.997570334622603,7.738804543734542,0.792587543041049,1.2260422507487638,2000,PPI++_crossfit
rf,PPI++,150,0.6,plugin,TRUE,FALSE,FALSE,0.9998654832029891,0.0018699302857699866,0.9863540010801927,7.320886752796548,1.322484093553592,0.9784003817346008,1.0603305511612071,2000,PPI++_noncrossfit
rf,PPI++,150,0.6,plugin,TRUE,FALSE,TRUE,0.9682522481703945,0.0916699321612255,1.1564561777505422,5.6880652985011935,7.868749378379932,0.8086902096172435,1.243190391081833,2000,PPI++_independent_split
rf,PPI++,150,0.6,plugin,TRUE,TRUE,FALSE,0.9934660582824013,0.028679165576575426,1.1405044193011757,4.997570334622603,7.738804543734542,0.792587543041049,1.2260422507487638,2000,PPI++_crossfit
rf,PPI++,200,0.6,plugin,FALSE,FALSE,FALSE,0.9990466678643745,0.00890377502447664,0.9544729082063282,8.100274924428337,1.2186908474226903,0.9802838843172741,1.049920199026961,2000,PPI++_noncrossfit
rf,PPI++,200,0.6,plugin,FALSE,FALSE,TRUE,0.9713646988249438,0.07650949481550298,1.1019051490884515,6.2203367004682,7.355236454667585,0.8273193793327066,1.2120956639972966,2000,PPI++_independent_split
rf,PPI++,200,0.6,plugin,FALSE,TRUE,FALSE,0.9946335867604243,0.022574350966165026,1.0798158693541606,5.7473655632732035,6.888568275749022,0.8188243425334224,1.1877974562895768,2000,PPI++_crossfit
rf,PPI++,200,0.6,plugin,TRUE,FALSE,FALSE,0.9990466678643745,0.00890377502447664,0.9544729082063282,8.100274924428337,1.2186908474226903,0.9802838843172741,1.049920199026961,2000,PPI++_noncrossfit
rf,PPI++,200,0.6,plugin,TRUE,FALSE,TRUE,0.9713646988249438,0.07650949481550298,1.1019051490884515,6.2203367004682,7.355236454667585,0.8273193793327066,1.2120956639972966,2000,PPI++_independent_split
rf,PPI++,200,0.6,plugin,TRUE,TRUE,FALSE,0.9946335867604243,0.022574350966165026,1.0798158693541606,5.7473655632732035,6.888568275749022,0.8188243425334224,1.1877974562895768,2000,PPI++_crossfit
rf,PPI++,300,0.6,plugin,FALSE,FALSE,FALSE,0.9979976326756446,0.013913053375020551,0.8991857853152119,9.202939294229443,1.0020098145234109,0.9826009986379812,1.0340636531124936,2000,PPI++_noncrossfit
rf,PPI++,300,0.6,plugin,FALSE,FALSE,TRUE,0.973120976701717,0.06814859112428406,1.0085766247048142,7.266002149558178,6.155124940098289,0.8564892250430831,1.1598631184105364,2000,PPI++_independent_split
rf,PPI++,300,0.6,plugin,FALSE,TRUE,FALSE,0.9906358040383708,0.029762236078088426,0.9999444803419149,6.876177764128055,5.8896101568963095,0.8531774770242612,1.149936152393202,2000,PPI++_crossfit
rf,PPI++,300,0.6,plugin,TRUE,FALSE,FALSE,0.9979976326756446,0.013913053375020551,0.8991857853152119,9.202939294229443,1.0020098145234109,0.9826009986379812,1.0340636531124936,2000,PPI++_noncrossfit
rf,PPI++,300,0.6,plugin,TRUE,FALSE,TRUE,0.973120976701717,0.06814859112428406,1.0085766247048142,7.266002149558178,6.155124940098289,0.8564892250430831,1.1598631184105364,2000,PPI++_independent_split
rf,PPI++,300,0.6,plugin,TRUE,TRUE,FALSE,0.9906358040383708,0.029762236078088426,0.9999444803419149,6.876177764128055,5.8896101568963095,0.8531774770242612,1.149936152393202,2000,PPI++_crossfit
