"model_type","ppi_type","design","n","delta","emp_power","mc_se"
"glm_correct","PPI","PPI_crossfit",50,0,0.036,0.0083311463797007
"glm_correct","PPI","PPI_crossfit",50,0,0.036,0.0083311463797007
"glm_correct","PPI","PPI_crossfit",50,0,0.036,0.0083311463797007
"glm_correct","PPI","PPI_crossfit",50,0.05,0.066,0.0111035129576184
"glm_correct","PPI","PPI_crossfit",50,0.05,0.066,0.0111035129576184
"glm_correct","PPI","PPI_crossfit",50,0.05,0.066,0.0111035129576184
"glm_correct","PPI","PPI_crossfit",50,0.1,0.086,0.0125382614424808
"glm_correct","PPI","PPI_crossfit",50,0.1,0.086,0.0125382614424808
"glm_correct","PPI","PPI_crossfit",50,0.1,0.086,0.0125382614424808
"glm_correct","PPI","PPI_crossfit",50,0.15,0.118,0.0144274737913468
"glm_correct","PPI","PPI_crossfit",50,0.15,0.118,0.0144274737913468
"glm_correct","PPI","PPI_crossfit",50,0.15,0.118,0.0144274737913468
"glm_correct","PPI","PPI_crossfit",50,0.2,0.162,0.016477621187538
"glm_correct","PPI","PPI_crossfit",50,0.2,0.162,0.016477621187538
"glm_correct","PPI","PPI_crossfit",50,0.2,0.162,0.016477621187538
"glm_correct","PPI","PPI_crossfit",50,0.25,0.248,0.0193130008025682
"glm_correct","PPI","PPI_crossfit",50,0.25,0.248,0.0193130008025682
"glm_correct","PPI","PPI_crossfit",50,0.25,0.248,0.0193130008025682
"glm_correct","PPI","PPI_crossfit",50,0.3,0.35,0.0213307290077015
"glm_correct","PPI","PPI_crossfit",50,0.3,0.35,0.0213307290077015
"glm_correct","PPI","PPI_crossfit",50,0.3,0.35,0.0213307290077015
"glm_correct","PPI","PPI_crossfit",50,0.35,0.43,0.0221404606998138
"glm_correct","PPI","PPI_crossfit",50,0.35,0.43,0.0221404606998138
"glm_correct","PPI","PPI_crossfit",50,0.35,0.43,0.0221404606998138
"glm_correct","PPI","PPI_crossfit",50,0.4,0.55,0.022248595461287
"glm_correct","PPI","PPI_crossfit",50,0.4,0.55,0.022248595461287
"glm_correct","PPI","PPI_crossfit",50,0.4,0.55,0.022248595461287
"glm_correct","PPI","PPI_crossfit",50,0.45,0.65,0.0213307290077015
"glm_correct","PPI","PPI_crossfit",50,0.45,0.65,0.0213307290077015
"glm_correct","PPI","PPI_crossfit",50,0.45,0.65,0.0213307290077015
"glm_correct","PPI","PPI_crossfit",50,0.5,0.756,0.0192074985357282
"glm_correct","PPI","PPI_crossfit",50,0.5,0.756,0.0192074985357282
"glm_correct","PPI","PPI_crossfit",50,0.5,0.756,0.0192074985357282
"glm_correct","PPI","PPI_crossfit",50,0.55,0.826,0.0169542914921267
"glm_correct","PPI","PPI_crossfit",50,0.55,0.826,0.0169542914921267
"glm_correct","PPI","PPI_crossfit",50,0.55,0.826,0.0169542914921267
"glm_correct","PPI","PPI_crossfit",50,0.6,0.878,0.0146366662871024
"glm_correct","PPI","PPI_crossfit",50,0.6,0.878,0.0146366662871024
"glm_correct","PPI","PPI_crossfit",50,0.6,0.878,0.0146366662871024
"glm_correct","PPI","PPI_crossfit",100,0,0.036,0.0083311463797007
"glm_correct","PPI","PPI_crossfit",100,0,0.036,0.0083311463797007
"glm_correct","PPI","PPI_crossfit",100,0,0.036,0.0083311463797007
"glm_correct","PPI","PPI_crossfit",100,0.05,0.05,0.00974679434480896
"glm_correct","PPI","PPI_crossfit",100,0.05,0.05,0.00974679434480896
"glm_correct","PPI","PPI_crossfit",100,0.05,0.05,0.00974679434480896
"glm_correct","PPI","PPI_crossfit",100,0.1,0.094,0.0130509769749241
"glm_correct","PPI","PPI_crossfit",100,0.1,0.094,0.0130509769749241
"glm_correct","PPI","PPI_crossfit",100,0.1,0.094,0.0130509769749241
"glm_correct","PPI","PPI_crossfit",100,0.15,0.208,0.0181513635851415
"glm_correct","PPI","PPI_crossfit",100,0.15,0.208,0.0181513635851415
"glm_correct","PPI","PPI_crossfit",100,0.15,0.208,0.0181513635851415
"glm_correct","PPI","PPI_crossfit",100,0.2,0.316,0.020791536739741
"glm_correct","PPI","PPI_crossfit",100,0.2,0.316,0.020791536739741
"glm_correct","PPI","PPI_crossfit",100,0.2,0.316,0.020791536739741
"glm_correct","PPI","PPI_crossfit",100,0.25,0.432,0.0221529230576915
"glm_correct","PPI","PPI_crossfit",100,0.25,0.432,0.0221529230576915
"glm_correct","PPI","PPI_crossfit",100,0.25,0.432,0.0221529230576915
"glm_correct","PPI","PPI_crossfit",100,0.3,0.576,0.022100859711785
"glm_correct","PPI","PPI_crossfit",100,0.3,0.576,0.022100859711785
"glm_correct","PPI","PPI_crossfit",100,0.3,0.576,0.022100859711785
"glm_correct","PPI","PPI_crossfit",100,0.35,0.706,0.0203746901816936
"glm_correct","PPI","PPI_crossfit",100,0.35,0.706,0.0203746901816936
"glm_correct","PPI","PPI_crossfit",100,0.35,0.706,0.0203746901816936
"glm_correct","PPI","PPI_crossfit",100,0.4,0.83,0.016798809481627
"glm_correct","PPI","PPI_crossfit",100,0.4,0.83,0.016798809481627
"glm_correct","PPI","PPI_crossfit",100,0.4,0.83,0.016798809481627
"glm_correct","PPI","PPI_crossfit",100,0.45,0.904,0.0131745208641529
"glm_correct","PPI","PPI_crossfit",100,0.45,0.904,0.0131745208641529
"glm_correct","PPI","PPI_crossfit",100,0.45,0.904,0.0131745208641529
"glm_correct","PPI","PPI_crossfit",100,0.5,0.948,0.00992935043192656
"glm_correct","PPI","PPI_crossfit",100,0.5,0.948,0.00992935043192656
"glm_correct","PPI","PPI_crossfit",100,0.5,0.948,0.00992935043192656
"glm_correct","PPI","PPI_crossfit",100,0.55,0.982,0.005945754788082
"glm_correct","PPI","PPI_crossfit",100,0.55,0.982,0.005945754788082
"glm_correct","PPI","PPI_crossfit",100,0.55,0.982,0.005945754788082
"glm_correct","PPI","PPI_crossfit",100,0.6,0.996,0.00282276460230038
"glm_correct","PPI","PPI_crossfit",100,0.6,0.996,0.00282276460230038
"glm_correct","PPI","PPI_crossfit",100,0.6,0.996,0.00282276460230038
"glm_correct","PPI","PPI_crossfit",150,0,0.042,0.00897061870775924
"glm_correct","PPI","PPI_crossfit",150,0,0.042,0.00897061870775924
"glm_correct","PPI","PPI_crossfit",150,0,0.042,0.00897061870775924
"glm_correct","PPI","PPI_crossfit",150,0.05,0.068,0.0112584190719657
"glm_correct","PPI","PPI_crossfit",150,0.05,0.068,0.0112584190719657
"glm_correct","PPI","PPI_crossfit",150,0.05,0.068,0.0112584190719657
"glm_correct","PPI","PPI_crossfit",150,0.1,0.116,0.0143208938268531
"glm_correct","PPI","PPI_crossfit",150,0.1,0.116,0.0143208938268531
"glm_correct","PPI","PPI_crossfit",150,0.1,0.116,0.0143208938268531
"glm_correct","PPI","PPI_crossfit",150,0.15,0.222,0.0185858010319706
"glm_correct","PPI","PPI_crossfit",150,0.15,0.222,0.0185858010319706
"glm_correct","PPI","PPI_crossfit",150,0.15,0.222,0.0185858010319706
"glm_correct","PPI","PPI_crossfit",150,0.2,0.35,0.0213307290077015
"glm_correct","PPI","PPI_crossfit",150,0.2,0.35,0.0213307290077015
"glm_correct","PPI","PPI_crossfit",150,0.2,0.35,0.0213307290077015
"glm_correct","PPI","PPI_crossfit",150,0.25,0.54,0.0222890107452081
"glm_correct","PPI","PPI_crossfit",150,0.25,0.54,0.0222890107452081
"glm_correct","PPI","PPI_crossfit",150,0.25,0.54,0.0222890107452081
"glm_correct","PPI","PPI_crossfit",150,0.3,0.686,0.0207559148196364
"glm_correct","PPI","PPI_crossfit",150,0.3,0.686,0.0207559148196364
"glm_correct","PPI","PPI_crossfit",150,0.3,0.686,0.0207559148196364
"glm_correct","PPI","PPI_crossfit",150,0.35,0.806,0.0176841171676734
"glm_correct","PPI","PPI_crossfit",150,0.35,0.806,0.0176841171676734
"glm_correct","PPI","PPI_crossfit",150,0.35,0.806,0.0176841171676734
"glm_correct","PPI","PPI_crossfit",150,0.4,0.892,0.0138806339912844
"glm_correct","PPI","PPI_crossfit",150,0.4,0.892,0.0138806339912844
"glm_correct","PPI","PPI_crossfit",150,0.4,0.892,0.0138806339912844
"glm_correct","PPI","PPI_crossfit",150,0.45,0.954,0.00936845771725528
"glm_correct","PPI","PPI_crossfit",150,0.45,0.954,0.00936845771725528
"glm_correct","PPI","PPI_crossfit",150,0.45,0.954,0.00936845771725528
"glm_correct","PPI","PPI_crossfit",150,0.5,0.986,0.00525433154644813
"glm_correct","PPI","PPI_crossfit",150,0.5,0.986,0.00525433154644813
"glm_correct","PPI","PPI_crossfit",150,0.5,0.986,0.00525433154644813
"glm_correct","PPI","PPI_crossfit",150,0.55,0.992,0.0039839678713564
"glm_correct","PPI","PPI_crossfit",150,0.55,0.992,0.0039839678713564
"glm_correct","PPI","PPI_crossfit",150,0.55,0.992,0.0039839678713564
"glm_correct","PPI","PPI_crossfit",150,0.6,0.994,0.00345369367489359
"glm_correct","PPI","PPI_crossfit",150,0.6,0.994,0.00345369367489359
"glm_correct","PPI","PPI_crossfit",150,0.6,0.994,0.00345369367489359
"glm_correct","PPI","PPI_crossfit",200,0,0.064,0.0109456840809517
"glm_correct","PPI","PPI_crossfit",200,0,0.064,0.0109456840809517
"glm_correct","PPI","PPI_crossfit",200,0,0.064,0.0109456840809517
"glm_correct","PPI","PPI_crossfit",200,0.05,0.082,0.0122699633251286
"glm_correct","PPI","PPI_crossfit",200,0.05,0.082,0.0122699633251286
"glm_correct","PPI","PPI_crossfit",200,0.05,0.082,0.0122699633251286
"glm_correct","PPI","PPI_crossfit",200,0.1,0.16,0.0163951212255354
"glm_correct","PPI","PPI_crossfit",200,0.1,0.16,0.0163951212255354
"glm_correct","PPI","PPI_crossfit",200,0.1,0.16,0.0163951212255354
"glm_correct","PPI","PPI_crossfit",200,0.15,0.262,0.0196649942791754
"glm_correct","PPI","PPI_crossfit",200,0.15,0.262,0.0196649942791754
"glm_correct","PPI","PPI_crossfit",200,0.15,0.262,0.0196649942791754
"glm_correct","PPI","PPI_crossfit",200,0.2,0.402,0.0219269696948758
"glm_correct","PPI","PPI_crossfit",200,0.2,0.402,0.0219269696948758
"glm_correct","PPI","PPI_crossfit",200,0.2,0.402,0.0219269696948758
"glm_correct","PPI","PPI_crossfit",200,0.25,0.558,0.0222097275985096
"glm_correct","PPI","PPI_crossfit",200,0.25,0.558,0.0222097275985096
"glm_correct","PPI","PPI_crossfit",200,0.25,0.558,0.0222097275985096
"glm_correct","PPI","PPI_crossfit",200,0.3,0.71,0.0202928558857545
"glm_correct","PPI","PPI_crossfit",200,0.3,0.71,0.0202928558857545
"glm_correct","PPI","PPI_crossfit",200,0.3,0.71,0.0202928558857545
"glm_correct","PPI","PPI_crossfit",200,0.35,0.83,0.016798809481627
"glm_correct","PPI","PPI_crossfit",200,0.35,0.83,0.016798809481627
"glm_correct","PPI","PPI_crossfit",200,0.35,0.83,0.016798809481627
"glm_correct","PPI","PPI_crossfit",200,0.4,0.902,0.0132963152790538
"glm_correct","PPI","PPI_crossfit",200,0.4,0.902,0.0132963152790538
"glm_correct","PPI","PPI_crossfit",200,0.4,0.902,0.0132963152790538
"glm_correct","PPI","PPI_crossfit",200,0.45,0.966,0.00810481338464989
"glm_correct","PPI","PPI_crossfit",200,0.45,0.966,0.00810481338464989
"glm_correct","PPI","PPI_crossfit",200,0.45,0.966,0.00810481338464989
"glm_correct","PPI","PPI_crossfit",200,0.5,0.99,0.0044497190922574
"glm_correct","PPI","PPI_crossfit",200,0.5,0.99,0.0044497190922574
"glm_correct","PPI","PPI_crossfit",200,0.5,0.99,0.0044497190922574
"glm_correct","PPI","PPI_crossfit",200,0.55,0.994,0.00345369367489359
"glm_correct","PPI","PPI_crossfit",200,0.55,0.994,0.00345369367489359
"glm_correct","PPI","PPI_crossfit",200,0.55,0.994,0.00345369367489359
"glm_correct","PPI","PPI_crossfit",200,0.6,1,0
"glm_correct","PPI","PPI_crossfit",200,0.6,1,0
"glm_correct","PPI","PPI_crossfit",200,0.6,1,0
"glm_correct","PPI","PPI_crossfit",300,0,0.034,0.00810481338464989
"glm_correct","PPI","PPI_crossfit",300,0,0.034,0.00810481338464989
"glm_correct","PPI","PPI_crossfit",300,0,0.034,0.00810481338464989
"glm_correct","PPI","PPI_crossfit",300,0.05,0.062,0.0107848041243223
"glm_correct","PPI","PPI_crossfit",300,0.05,0.062,0.0107848041243223
"glm_correct","PPI","PPI_crossfit",300,0.05,0.062,0.0107848041243223
"glm_correct","PPI","PPI_crossfit",300,0.1,0.166,0.0166399519230075
"glm_correct","PPI","PPI_crossfit",300,0.1,0.166,0.0166399519230075
"glm_correct","PPI","PPI_crossfit",300,0.1,0.166,0.0166399519230075
"glm_correct","PPI","PPI_crossfit",300,0.15,0.306,0.0206089301032344
"glm_correct","PPI","PPI_crossfit",300,0.15,0.306,0.0206089301032344
"glm_correct","PPI","PPI_crossfit",300,0.15,0.306,0.0206089301032344
"glm_correct","PPI","PPI_crossfit",300,0.2,0.476,0.0223349054173059
"glm_correct","PPI","PPI_crossfit",300,0.2,0.476,0.0223349054173059
"glm_correct","PPI","PPI_crossfit",300,0.2,0.476,0.0223349054173059
"glm_correct","PPI","PPI_crossfit",300,0.25,0.666,0.0210923682880799
"glm_correct","PPI","PPI_crossfit",300,0.25,0.666,0.0210923682880799
"glm_correct","PPI","PPI_crossfit",300,0.25,0.666,0.0210923682880799
"glm_correct","PPI","PPI_crossfit",300,0.3,0.816,0.0173288199251998
"glm_correct","PPI","PPI_crossfit",300,0.3,0.816,0.0173288199251998
"glm_correct","PPI","PPI_crossfit",300,0.3,0.816,0.0173288199251998
"glm_correct","PPI","PPI_crossfit",300,0.35,0.916,0.0124051602166195
"glm_correct","PPI","PPI_crossfit",300,0.35,0.916,0.0124051602166195
"glm_correct","PPI","PPI_crossfit",300,0.35,0.916,0.0124051602166195
"glm_correct","PPI","PPI_crossfit",300,0.4,0.976,0.00684455988358638
"glm_correct","PPI","PPI_crossfit",300,0.4,0.976,0.00684455988358638
"glm_correct","PPI","PPI_crossfit",300,0.4,0.976,0.00684455988358638
"glm_correct","PPI","PPI_crossfit",300,0.45,0.994,0.00345369367489359
"glm_correct","PPI","PPI_crossfit",300,0.45,0.994,0.00345369367489359
"glm_correct","PPI","PPI_crossfit",300,0.45,0.994,0.00345369367489359
"glm_correct","PPI","PPI_crossfit",300,0.5,0.996,0.00282276460230038
"glm_correct","PPI","PPI_crossfit",300,0.5,0.996,0.00282276460230038
"glm_correct","PPI","PPI_crossfit",300,0.5,0.996,0.00282276460230038
"glm_correct","PPI","PPI_crossfit",300,0.55,1,0
"glm_correct","PPI","PPI_crossfit",300,0.55,1,0
"glm_correct","PPI","PPI_crossfit",300,0.55,1,0
"glm_correct","PPI","PPI_crossfit",300,0.6,1,0
"glm_correct","PPI","PPI_crossfit",300,0.6,1,0
"glm_correct","PPI","PPI_crossfit",300,0.6,1,0
"glm_correct","PPI","PPI_noncrossfit",50,0,0.052,0.00992935043192655
"glm_correct","PPI","PPI_noncrossfit",50,0,0.052,0.00992935043192655
"glm_correct","PPI","PPI_noncrossfit",50,0,0.052,0.00992935043192655
"glm_correct","PPI","PPI_noncrossfit",50,0.05,0.082,0.0122699633251286
"glm_correct","PPI","PPI_noncrossfit",50,0.05,0.082,0.0122699633251286
"glm_correct","PPI","PPI_noncrossfit",50,0.05,0.082,0.0122699633251286
"glm_correct","PPI","PPI_noncrossfit",50,0.1,0.114,0.0142129518397833
"glm_correct","PPI","PPI_noncrossfit",50,0.1,0.114,0.0142129518397833
"glm_correct","PPI","PPI_noncrossfit",50,0.1,0.114,0.0142129518397833
"glm_correct","PPI","PPI_noncrossfit",50,0.15,0.158,0.0163117135825762
"glm_correct","PPI","PPI_noncrossfit",50,0.15,0.158,0.0163117135825762
"glm_correct","PPI","PPI_noncrossfit",50,0.15,0.158,0.0163117135825762
"glm_correct","PPI","PPI_noncrossfit",50,0.2,0.21,0.018215378118502
"glm_correct","PPI","PPI_noncrossfit",50,0.2,0.21,0.018215378118502
"glm_correct","PPI","PPI_noncrossfit",50,0.2,0.21,0.018215378118502
"glm_correct","PPI","PPI_noncrossfit",50,0.25,0.286,0.0202091068580479
"glm_correct","PPI","PPI_noncrossfit",50,0.25,0.286,0.0202091068580479
"glm_correct","PPI","PPI_noncrossfit",50,0.25,0.286,0.0202091068580479
"glm_correct","PPI","PPI_noncrossfit",50,0.3,0.366,0.0215427017804174
"glm_correct","PPI","PPI_noncrossfit",50,0.3,0.366,0.0215427017804174
"glm_correct","PPI","PPI_noncrossfit",50,0.3,0.366,0.0215427017804174
"glm_correct","PPI","PPI_noncrossfit",50,0.35,0.478,0.0223390241505756
"glm_correct","PPI","PPI_noncrossfit",50,0.35,0.478,0.0223390241505756
"glm_correct","PPI","PPI_noncrossfit",50,0.35,0.478,0.0223390241505756
"glm_correct","PPI","PPI_noncrossfit",50,0.4,0.596,0.0219446576642243
"glm_correct","PPI","PPI_noncrossfit",50,0.4,0.596,0.0219446576642243
"glm_correct","PPI","PPI_noncrossfit",50,0.4,0.596,0.0219446576642243
"glm_correct","PPI","PPI_noncrossfit",50,0.45,0.678,0.0208957411928843
"glm_correct","PPI","PPI_noncrossfit",50,0.45,0.678,0.0208957411928843
"glm_correct","PPI","PPI_noncrossfit",50,0.45,0.678,0.0208957411928843
"glm_correct","PPI","PPI_noncrossfit",50,0.5,0.782,0.0184648855940133
"glm_correct","PPI","PPI_noncrossfit",50,0.5,0.782,0.0184648855940133
"glm_correct","PPI","PPI_noncrossfit",50,0.5,0.782,0.0184648855940133
"glm_correct","PPI","PPI_noncrossfit",50,0.55,0.842,0.0163117135825762
"glm_correct","PPI","PPI_noncrossfit",50,0.55,0.842,0.0163117135825762
"glm_correct","PPI","PPI_noncrossfit",50,0.55,0.842,0.0163117135825762
"glm_correct","PPI","PPI_noncrossfit",50,0.6,0.892,0.0138806339912844
"glm_correct","PPI","PPI_noncrossfit",50,0.6,0.892,0.0138806339912844
"glm_correct","PPI","PPI_noncrossfit",50,0.6,0.892,0.0138806339912844
"glm_correct","PPI","PPI_noncrossfit",100,0,0.066,0.0111035129576184
"glm_correct","PPI","PPI_noncrossfit",100,0,0.066,0.0111035129576184
"glm_correct","PPI","PPI_noncrossfit",100,0,0.066,0.0111035129576184
"glm_correct","PPI","PPI_noncrossfit",100,0.05,0.09,0.0127984374046209
"glm_correct","PPI","PPI_noncrossfit",100,0.05,0.09,0.0127984374046209
"glm_correct","PPI","PPI_noncrossfit",100,0.05,0.09,0.0127984374046209
"glm_correct","PPI","PPI_noncrossfit",100,0.1,0.154,0.016142118820031
"glm_correct","PPI","PPI_noncrossfit",100,0.1,0.154,0.016142118820031
"glm_correct","PPI","PPI_noncrossfit",100,0.1,0.154,0.016142118820031
"glm_correct","PPI","PPI_noncrossfit",100,0.15,0.22,0.0185256578830551
"glm_correct","PPI","PPI_noncrossfit",100,0.15,0.22,0.0185256578830551
"glm_correct","PPI","PPI_noncrossfit",100,0.15,0.22,0.0185256578830551
"glm_correct","PPI","PPI_noncrossfit",100,0.2,0.328,0.020995999618975
"glm_correct","PPI","PPI_noncrossfit",100,0.2,0.328,0.020995999618975
"glm_correct","PPI","PPI_noncrossfit",100,0.2,0.328,0.020995999618975
"glm_correct","PPI","PPI_noncrossfit",100,0.25,0.452,0.0222574032627349
"glm_correct","PPI","PPI_noncrossfit",100,0.25,0.452,0.0222574032627349
"glm_correct","PPI","PPI_noncrossfit",100,0.25,0.452,0.0222574032627349
"glm_correct","PPI","PPI_noncrossfit",100,0.3,0.592,0.0219788989715136
"glm_correct","PPI","PPI_noncrossfit",100,0.3,0.592,0.0219788989715136
"glm_correct","PPI","PPI_noncrossfit",100,0.3,0.592,0.0219788989715136
"glm_correct","PPI","PPI_noncrossfit",100,0.35,0.728,0.0199005527561422
"glm_correct","PPI","PPI_noncrossfit",100,0.35,0.728,0.0199005527561422
"glm_correct","PPI","PPI_noncrossfit",100,0.35,0.728,0.0199005527561422
"glm_correct","PPI","PPI_noncrossfit",100,0.4,0.826,0.0169542914921267
"glm_correct","PPI","PPI_noncrossfit",100,0.4,0.826,0.0169542914921267
"glm_correct","PPI","PPI_noncrossfit",100,0.4,0.826,0.0169542914921267
"glm_correct","PPI","PPI_noncrossfit",100,0.45,0.896,0.013651666564929
"glm_correct","PPI","PPI_noncrossfit",100,0.45,0.896,0.013651666564929
"glm_correct","PPI","PPI_noncrossfit",100,0.45,0.896,0.013651666564929
"glm_correct","PPI","PPI_noncrossfit",100,0.5,0.94,0.0106207344378814
"glm_correct","PPI","PPI_noncrossfit",100,0.5,0.94,0.0106207344378814
"glm_correct","PPI","PPI_noncrossfit",100,0.5,0.94,0.0106207344378814
"glm_correct","PPI","PPI_noncrossfit",100,0.55,0.976,0.00684455988358638
"glm_correct","PPI","PPI_noncrossfit",100,0.55,0.976,0.00684455988358638
"glm_correct","PPI","PPI_noncrossfit",100,0.55,0.976,0.00684455988358638
"glm_correct","PPI","PPI_noncrossfit",100,0.6,0.992,0.0039839678713564
"glm_correct","PPI","PPI_noncrossfit",100,0.6,0.992,0.0039839678713564
"glm_correct","PPI","PPI_noncrossfit",100,0.6,0.992,0.0039839678713564
"glm_correct","PPI","PPI_noncrossfit",150,0,0.048,0.00955991631762538
"glm_correct","PPI","PPI_noncrossfit",150,0,0.048,0.00955991631762538
"glm_correct","PPI","PPI_noncrossfit",150,0,0.048,0.00955991631762538
"glm_correct","PPI","PPI_noncrossfit",150,0.05,0.052,0.00992935043192655
"glm_correct","PPI","PPI_noncrossfit",150,0.05,0.052,0.00992935043192655
"glm_correct","PPI","PPI_noncrossfit",150,0.05,0.052,0.00992935043192655
"glm_correct","PPI","PPI_noncrossfit",150,0.1,0.13,0.0150399468084166
"glm_correct","PPI","PPI_noncrossfit",150,0.1,0.13,0.0150399468084166
"glm_correct","PPI","PPI_noncrossfit",150,0.1,0.13,0.0150399468084166
"glm_correct","PPI","PPI_noncrossfit",150,0.15,0.22,0.0185256578830551
"glm_correct","PPI","PPI_noncrossfit",150,0.15,0.22,0.0185256578830551
"glm_correct","PPI","PPI_noncrossfit",150,0.15,0.22,0.0185256578830551
"glm_correct","PPI","PPI_noncrossfit",150,0.2,0.36,0.021466252583998
"glm_correct","PPI","PPI_noncrossfit",150,0.2,0.36,0.021466252583998
"glm_correct","PPI","PPI_noncrossfit",150,0.2,0.36,0.021466252583998
"glm_correct","PPI","PPI_noncrossfit",150,0.25,0.504,0.0223599642217961
"glm_correct","PPI","PPI_noncrossfit",150,0.25,0.504,0.0223599642217961
"glm_correct","PPI","PPI_noncrossfit",150,0.25,0.504,0.0223599642217961
"glm_correct","PPI","PPI_noncrossfit",150,0.3,0.664,0.0211236360506424
"glm_correct","PPI","PPI_noncrossfit",150,0.3,0.664,0.0211236360506424
"glm_correct","PPI","PPI_noncrossfit",150,0.3,0.664,0.0211236360506424
"glm_correct","PPI","PPI_noncrossfit",150,0.35,0.802,0.0178211110764733
"glm_correct","PPI","PPI_noncrossfit",150,0.35,0.802,0.0178211110764733
"glm_correct","PPI","PPI_noncrossfit",150,0.35,0.802,0.0178211110764733
"glm_correct","PPI","PPI_noncrossfit",150,0.4,0.896,0.013651666564929
"glm_correct","PPI","PPI_noncrossfit",150,0.4,0.896,0.013651666564929
"glm_correct","PPI","PPI_noncrossfit",150,0.4,0.896,0.013651666564929
"glm_correct","PPI","PPI_noncrossfit",150,0.45,0.958,0.00897061870775924
"glm_correct","PPI","PPI_noncrossfit",150,0.45,0.958,0.00897061870775924
"glm_correct","PPI","PPI_noncrossfit",150,0.45,0.958,0.00897061870775924
"glm_correct","PPI","PPI_noncrossfit",150,0.5,0.984,0.00561141693336006
"glm_correct","PPI","PPI_noncrossfit",150,0.5,0.984,0.00561141693336006
"glm_correct","PPI","PPI_noncrossfit",150,0.5,0.984,0.00561141693336006
"glm_correct","PPI","PPI_noncrossfit",150,0.55,0.994,0.00345369367489359
"glm_correct","PPI","PPI_noncrossfit",150,0.55,0.994,0.00345369367489359
"glm_correct","PPI","PPI_noncrossfit",150,0.55,0.994,0.00345369367489359
"glm_correct","PPI","PPI_noncrossfit",150,0.6,1,0
"glm_correct","PPI","PPI_noncrossfit",150,0.6,1,0
"glm_correct","PPI","PPI_noncrossfit",150,0.6,1,0
"glm_correct","PPI","PPI_noncrossfit",200,0,0.048,0.00955991631762538
"glm_correct","PPI","PPI_noncrossfit",200,0,0.048,0.00955991631762538
"glm_correct","PPI","PPI_noncrossfit",200,0,0.048,0.00955991631762538
"glm_correct","PPI","PPI_noncrossfit",200,0.05,0.07,0.0114105214604767
"glm_correct","PPI","PPI_noncrossfit",200,0.05,0.07,0.0114105214604767
"glm_correct","PPI","PPI_noncrossfit",200,0.05,0.07,0.0114105214604767
"glm_correct","PPI","PPI_noncrossfit",200,0.1,0.14,0.0155177317930167
"glm_correct","PPI","PPI_noncrossfit",200,0.1,0.14,0.0155177317930167
"glm_correct","PPI","PPI_noncrossfit",200,0.1,0.14,0.0155177317930167
"glm_correct","PPI","PPI_noncrossfit",200,0.15,0.24,0.0190997382181013
"glm_correct","PPI","PPI_noncrossfit",200,0.15,0.24,0.0190997382181013
"glm_correct","PPI","PPI_noncrossfit",200,0.15,0.24,0.0190997382181013
"glm_correct","PPI","PPI_noncrossfit",200,0.2,0.392,0.0218328193323721
"glm_correct","PPI","PPI_noncrossfit",200,0.2,0.392,0.0218328193323721
"glm_correct","PPI","PPI_noncrossfit",200,0.2,0.392,0.0218328193323721
"glm_correct","PPI","PPI_noncrossfit",200,0.25,0.564,0.0221767445762447
"glm_correct","PPI","PPI_noncrossfit",200,0.25,0.564,0.0221767445762447
"glm_correct","PPI","PPI_noncrossfit",200,0.25,0.564,0.0221767445762447
"glm_correct","PPI","PPI_noncrossfit",200,0.3,0.726,0.0199461274436919
"glm_correct","PPI","PPI_noncrossfit",200,0.3,0.726,0.0199461274436919
"glm_correct","PPI","PPI_noncrossfit",200,0.3,0.726,0.0199461274436919
"glm_correct","PPI","PPI_noncrossfit",200,0.35,0.86,0.0155177317930167
"glm_correct","PPI","PPI_noncrossfit",200,0.35,0.86,0.0155177317930167
"glm_correct","PPI","PPI_noncrossfit",200,0.35,0.86,0.0155177317930167
"glm_correct","PPI","PPI_noncrossfit",200,0.4,0.936,0.0109456840809517
"glm_correct","PPI","PPI_noncrossfit",200,0.4,0.936,0.0109456840809517
"glm_correct","PPI","PPI_noncrossfit",200,0.4,0.936,0.0109456840809517
"glm_correct","PPI","PPI_noncrossfit",200,0.45,0.976,0.00684455988358638
"glm_correct","PPI","PPI_noncrossfit",200,0.45,0.976,0.00684455988358638
"glm_correct","PPI","PPI_noncrossfit",200,0.45,0.976,0.00684455988358638
"glm_correct","PPI","PPI_noncrossfit",200,0.5,0.992,0.0039839678713564
"glm_correct","PPI","PPI_noncrossfit",200,0.5,0.992,0.0039839678713564
"glm_correct","PPI","PPI_noncrossfit",200,0.5,0.992,0.0039839678713564
"glm_correct","PPI","PPI_noncrossfit",200,0.55,0.994,0.00345369367489359
"glm_correct","PPI","PPI_noncrossfit",200,0.55,0.994,0.00345369367489359
"glm_correct","PPI","PPI_noncrossfit",200,0.55,0.994,0.00345369367489359
"glm_correct","PPI","PPI_noncrossfit",200,0.6,0.998,0.00199799899899875
"glm_correct","PPI","PPI_noncrossfit",200,0.6,0.998,0.00199799899899875
"glm_correct","PPI","PPI_noncrossfit",200,0.6,0.998,0.00199799899899875
"glm_correct","PPI","PPI_noncrossfit",300,0,0.054,0.0101078187557949
"glm_correct","PPI","PPI_noncrossfit",300,0,0.054,0.0101078187557949
"glm_correct","PPI","PPI_noncrossfit",300,0,0.054,0.0101078187557949
"glm_correct","PPI","PPI_noncrossfit",300,0.05,0.062,0.0107848041243223
"glm_correct","PPI","PPI_noncrossfit",300,0.05,0.062,0.0107848041243223
"glm_correct","PPI","PPI_noncrossfit",300,0.05,0.062,0.0107848041243223
"glm_correct","PPI","PPI_noncrossfit",300,0.1,0.13,0.0150399468084166
"glm_correct","PPI","PPI_noncrossfit",300,0.1,0.13,0.0150399468084166
"glm_correct","PPI","PPI_noncrossfit",300,0.1,0.13,0.0150399468084166
"glm_correct","PPI","PPI_noncrossfit",300,0.15,0.254,0.0194671004517879
"glm_correct","PPI","PPI_noncrossfit",300,0.15,0.254,0.0194671004517879
"glm_correct","PPI","PPI_noncrossfit",300,0.15,0.254,0.0194671004517879
"glm_correct","PPI","PPI_noncrossfit",300,0.2,0.434,0.0221650174825106
"glm_correct","PPI","PPI_noncrossfit",300,0.2,0.434,0.0221650174825106
"glm_correct","PPI","PPI_noncrossfit",300,0.2,0.434,0.0221650174825106
"glm_correct","PPI","PPI_noncrossfit",300,0.25,0.63,0.0215916650585359
"glm_correct","PPI","PPI_noncrossfit",300,0.25,0.63,0.0215916650585359
"glm_correct","PPI","PPI_noncrossfit",300,0.25,0.63,0.0215916650585359
"glm_correct","PPI","PPI_noncrossfit",300,0.3,0.772,0.0187625158227781
"glm_correct","PPI","PPI_noncrossfit",300,0.3,0.772,0.0187625158227781
"glm_correct","PPI","PPI_noncrossfit",300,0.3,0.772,0.0187625158227781
"glm_correct","PPI","PPI_noncrossfit",300,0.35,0.894,0.0137669168661687
"glm_correct","PPI","PPI_noncrossfit",300,0.35,0.894,0.0137669168661687
"glm_correct","PPI","PPI_noncrossfit",300,0.35,0.894,0.0137669168661687
"glm_correct","PPI","PPI_noncrossfit",300,0.4,0.964,0.0083311463797007
"glm_correct","PPI","PPI_noncrossfit",300,0.4,0.964,0.0083311463797007
"glm_correct","PPI","PPI_noncrossfit",300,0.4,0.964,0.0083311463797007
"glm_correct","PPI","PPI_noncrossfit",300,0.45,0.984,0.00561141693336006
"glm_correct","PPI","PPI_noncrossfit",300,0.45,0.984,0.00561141693336006
"glm_correct","PPI","PPI_noncrossfit",300,0.45,0.984,0.00561141693336006
"glm_correct","PPI","PPI_noncrossfit",300,0.5,0.992,0.0039839678713564
"glm_correct","PPI","PPI_noncrossfit",300,0.5,0.992,0.0039839678713564
"glm_correct","PPI","PPI_noncrossfit",300,0.5,0.992,0.0039839678713564
"glm_correct","PPI","PPI_noncrossfit",300,0.55,1,0
"glm_correct","PPI","PPI_noncrossfit",300,0.55,1,0
"glm_correct","PPI","PPI_noncrossfit",300,0.55,1,0
"glm_correct","PPI","PPI_noncrossfit",300,0.6,1,0
"glm_correct","PPI","PPI_noncrossfit",300,0.6,1,0
"glm_correct","PPI","PPI_noncrossfit",300,0.6,1,0
"glm_correct","PPI++","PPI++_crossfit",50,0,0.05,0.00974679434480896
"glm_correct","PPI++","PPI++_crossfit",50,0,0.05,0.00974679434480896
"glm_correct","PPI++","PPI++_crossfit",50,0.05,0.062,0.0107848041243223
"glm_correct","PPI++","PPI++_crossfit",50,0.05,0.062,0.0107848041243223
"glm_correct","PPI++","PPI++_crossfit",50,0.1,0.088,0.0126693330526907
"glm_correct","PPI++","PPI++_crossfit",50,0.1,0.088,0.0126693330526907
"glm_correct","PPI++","PPI++_crossfit",50,0.15,0.11,0.0139928553197694
"glm_correct","PPI++","PPI++_crossfit",50,0.15,0.11,0.0139928553197694
"glm_correct","PPI++","PPI++_crossfit",50,0.2,0.136,0.0153299706457645
"glm_correct","PPI++","PPI++_crossfit",50,0.2,0.136,0.0153299706457645
"glm_correct","PPI++","PPI++_crossfit",50,0.25,0.182,0.0172554918793989
"glm_correct","PPI++","PPI++_crossfit",50,0.25,0.182,0.0172554918793989
"glm_correct","PPI++","PPI++_crossfit",50,0.3,0.26,0.0196163197363828
"glm_correct","PPI++","PPI++_crossfit",50,0.3,0.26,0.0196163197363828
"glm_correct","PPI++","PPI++_crossfit",50,0.35,0.324,0.020929596269398
"glm_correct","PPI++","PPI++_crossfit",50,0.35,0.324,0.020929596269398
"glm_correct","PPI++","PPI++_crossfit",50,0.4,0.428,0.022127629787214
"glm_correct","PPI++","PPI++_crossfit",50,0.4,0.428,0.022127629787214
"glm_correct","PPI++","PPI++_crossfit",50,0.45,0.506,0.022359069748091
"glm_correct","PPI++","PPI++_crossfit",50,0.45,0.506,0.022359069748091
"glm_correct","PPI++","PPI++_crossfit",50,0.5,0.606,0.021852414054287
"glm_correct","PPI++","PPI++_crossfit",50,0.5,0.606,0.021852414054287
"glm_correct","PPI++","PPI++_crossfit",50,0.55,0.702,0.0204546327270865
"glm_correct","PPI++","PPI++_crossfit",50,0.55,0.702,0.0204546327270865
"glm_correct","PPI++","PPI++_crossfit",50,0.6,0.748,0.0194162818273736
"glm_correct","PPI++","PPI++_crossfit",50,0.6,0.748,0.0194162818273736
"glm_correct","PPI++","PPI++_crossfit",100,0,0.046,0.00936845771725528
"glm_correct","PPI++","PPI++_crossfit",100,0,0.046,0.00936845771725528
"glm_correct","PPI++","PPI++_crossfit",100,0.05,0.054,0.0101078187557949
"glm_correct","PPI++","PPI++_crossfit",100,0.05,0.054,0.0101078187557949
"glm_correct","PPI++","PPI++_crossfit",100,0.1,0.094,0.0130509769749241
"glm_correct","PPI++","PPI++_crossfit",100,0.1,0.094,0.0130509769749241
"glm_correct","PPI++","PPI++_crossfit",100,0.15,0.184,0.0173288199251998
"glm_correct","PPI++","PPI++_crossfit",100,0.15,0.184,0.0173288199251998
"glm_correct","PPI++","PPI++_crossfit",100,0.2,0.276,0.0199911980631477
"glm_correct","PPI++","PPI++_crossfit",100,0.2,0.276,0.0199911980631477
"glm_correct","PPI++","PPI++_crossfit",100,0.25,0.376,0.0216621328589777
"glm_correct","PPI++","PPI++_crossfit",100,0.25,0.376,0.0216621328589777
"glm_correct","PPI++","PPI++_crossfit",100,0.3,0.488,0.0223542389716134
"glm_correct","PPI++","PPI++_crossfit",100,0.3,0.488,0.0223542389716134
"glm_correct","PPI++","PPI++_crossfit",100,0.35,0.622,0.0216848334095515
"glm_correct","PPI++","PPI++_crossfit",100,0.35,0.622,0.0216848334095515
"glm_correct","PPI++","PPI++_crossfit",100,0.4,0.732,0.0198078772209442
"glm_correct","PPI++","PPI++_crossfit",100,0.4,0.732,0.0198078772209442
"glm_correct","PPI++","PPI++_crossfit",100,0.45,0.812,0.0174731794473702
"glm_correct","PPI++","PPI++_crossfit",100,0.45,0.812,0.0174731794473702
"glm_correct","PPI++","PPI++_crossfit",100,0.5,0.888,0.014103616557465
"glm_correct","PPI++","PPI++_crossfit",100,0.5,0.888,0.014103616557465
"glm_correct","PPI++","PPI++_crossfit",100,0.55,0.92,0.0121326007104825
"glm_correct","PPI++","PPI++_crossfit",100,0.55,0.92,0.0121326007104825
"glm_correct","PPI++","PPI++_crossfit",100,0.6,0.958,0.00897061870775924
"glm_correct","PPI++","PPI++_crossfit",100,0.6,0.958,0.00897061870775924
"glm_correct","PPI++","PPI++_crossfit",150,0,0.05,0.00974679434480896
"glm_correct","PPI++","PPI++_crossfit",150,0,0.05,0.00974679434480896
"glm_correct","PPI++","PPI++_crossfit",150,0.05,0.064,0.0109456840809517
"glm_correct","PPI++","PPI++_crossfit",150,0.05,0.064,0.0109456840809517
"glm_correct","PPI++","PPI++_crossfit",150,0.1,0.112,0.014103616557465
"glm_correct","PPI++","PPI++_crossfit",150,0.1,0.112,0.014103616557465
"glm_correct","PPI++","PPI++_crossfit",150,0.15,0.2,0.0178885438199983
"glm_correct","PPI++","PPI++_crossfit",150,0.15,0.2,0.0178885438199983
"glm_correct","PPI++","PPI++_crossfit",150,0.2,0.306,0.0206089301032344
"glm_correct","PPI++","PPI++_crossfit",150,0.2,0.306,0.0206089301032344
"glm_correct","PPI++","PPI++_crossfit",150,0.25,0.464,0.0223026455829796
"glm_correct","PPI++","PPI++_crossfit",150,0.25,0.464,0.0223026455829796
"glm_correct","PPI++","PPI++_crossfit",150,0.3,0.62,0.0217071416819442
"glm_correct","PPI++","PPI++_crossfit",150,0.3,0.62,0.0217071416819442
"glm_correct","PPI++","PPI++_crossfit",150,0.35,0.714,0.0202091068580479
"glm_correct","PPI++","PPI++_crossfit",150,0.35,0.714,0.0202091068580479
"glm_correct","PPI++","PPI++_crossfit",150,0.4,0.834,0.0166399519230075
"glm_correct","PPI++","PPI++_crossfit",150,0.4,0.834,0.0166399519230075
"glm_correct","PPI++","PPI++_crossfit",150,0.45,0.906,0.0130509769749241
"glm_correct","PPI++","PPI++_crossfit",150,0.45,0.906,0.0130509769749241
"glm_correct","PPI++","PPI++_crossfit",150,0.5,0.944,0.0102824121683582
"glm_correct","PPI++","PPI++_crossfit",150,0.5,0.944,0.0102824121683582
"glm_correct","PPI++","PPI++_crossfit",150,0.55,0.966,0.00810481338464989
"glm_correct","PPI++","PPI++_crossfit",150,0.55,0.966,0.00810481338464989
"glm_correct","PPI++","PPI++_crossfit",150,0.6,0.984,0.00561141693336006
"glm_correct","PPI++","PPI++_crossfit",150,0.6,0.984,0.00561141693336006
"glm_correct","PPI++","PPI++_crossfit",200,0,0.058,0.0104533248299285
"glm_correct","PPI++","PPI++_crossfit",200,0,0.058,0.0104533248299285
"glm_correct","PPI++","PPI++_crossfit",200,0.05,0.08,0.0121326007104825
"glm_correct","PPI++","PPI++_crossfit",200,0.05,0.08,0.0121326007104825
"glm_correct","PPI++","PPI++_crossfit",200,0.1,0.138,0.01542439626047
"glm_correct","PPI++","PPI++_crossfit",200,0.1,0.138,0.01542439626047
"glm_correct","PPI++","PPI++_crossfit",200,0.15,0.278,0.0200357680162254
"glm_correct","PPI++","PPI++_crossfit",200,0.15,0.278,0.0200357680162254
"glm_correct","PPI++","PPI++_crossfit",200,0.2,0.392,0.0218328193323721
"glm_correct","PPI++","PPI++_crossfit",200,0.2,0.392,0.0218328193323721
"glm_correct","PPI++","PPI++_crossfit",200,0.25,0.52,0.0223427840700303
"glm_correct","PPI++","PPI++_crossfit",200,0.25,0.52,0.0223427840700303
"glm_correct","PPI++","PPI++_crossfit",200,0.3,0.676,0.020929596269398
"glm_correct","PPI++","PPI++_crossfit",200,0.3,0.676,0.020929596269398
"glm_correct","PPI++","PPI++_crossfit",200,0.35,0.794,0.0180866801818355
"glm_correct","PPI++","PPI++_crossfit",200,0.35,0.794,0.0180866801818355
"glm_correct","PPI++","PPI++_crossfit",200,0.4,0.884,0.0143208938268531
"glm_correct","PPI++","PPI++_crossfit",200,0.4,0.884,0.0143208938268531
"glm_correct","PPI++","PPI++_crossfit",200,0.45,0.954,0.00936845771725528
"glm_correct","PPI++","PPI++_crossfit",200,0.45,0.954,0.00936845771725528
"glm_correct","PPI++","PPI++_crossfit",200,0.5,0.986,0.00525433154644813
"glm_correct","PPI++","PPI++_crossfit",200,0.5,0.986,0.00525433154644813
"glm_correct","PPI++","PPI++_crossfit",200,0.55,0.992,0.0039839678713564
"glm_correct","PPI++","PPI++_crossfit",200,0.55,0.992,0.0039839678713564
"glm_correct","PPI++","PPI++_crossfit",200,0.6,1,0
"glm_correct","PPI++","PPI++_crossfit",200,0.6,1,0
"glm_correct","PPI++","PPI++_crossfit",300,0,0.034,0.00810481338464989
"glm_correct","PPI++","PPI++_crossfit",300,0,0.034,0.00810481338464989
"glm_correct","PPI++","PPI++_crossfit",300,0.05,0.074,0.0117067501895274
"glm_correct","PPI++","PPI++_crossfit",300,0.05,0.074,0.0117067501895274
"glm_correct","PPI++","PPI++_crossfit",300,0.1,0.158,0.0163117135825762
"glm_correct","PPI++","PPI++_crossfit",300,0.1,0.158,0.0163117135825762
"glm_correct","PPI++","PPI++_crossfit",300,0.15,0.294,0.0203746901816936
"glm_correct","PPI++","PPI++_crossfit",300,0.15,0.294,0.0203746901816936
"glm_correct","PPI++","PPI++_crossfit",300,0.2,0.488,0.0223542389716134
"glm_correct","PPI++","PPI++_crossfit",300,0.2,0.488,0.0223542389716134
"glm_correct","PPI++","PPI++_crossfit",300,0.25,0.642,0.0214399626865347
"glm_correct","PPI++","PPI++_crossfit",300,0.25,0.642,0.0214399626865347
"glm_correct","PPI++","PPI++_crossfit",300,0.3,0.816,0.0173288199251998
"glm_correct","PPI++","PPI++_crossfit",300,0.3,0.816,0.0173288199251998
"glm_correct","PPI++","PPI++_crossfit",300,0.35,0.94,0.0106207344378814
"glm_correct","PPI++","PPI++_crossfit",300,0.35,0.94,0.0106207344378814
"glm_correct","PPI++","PPI++_crossfit",300,0.4,0.976,0.00684455988358638
"glm_correct","PPI++","PPI++_crossfit",300,0.4,0.976,0.00684455988358638
"glm_correct","PPI++","PPI++_crossfit",300,0.45,0.992,0.0039839678713564
"glm_correct","PPI++","PPI++_crossfit",300,0.45,0.992,0.0039839678713564
"glm_correct","PPI++","PPI++_crossfit",300,0.5,0.996,0.00282276460230038
"glm_correct","PPI++","PPI++_crossfit",300,0.5,0.996,0.00282276460230038
"glm_correct","PPI++","PPI++_crossfit",300,0.55,0.998,0.00199799899899875
"glm_correct","PPI++","PPI++_crossfit",300,0.55,0.998,0.00199799899899875
"glm_correct","PPI++","PPI++_crossfit",300,0.6,1,0
"glm_correct","PPI++","PPI++_crossfit",300,0.6,1,0
"glm_correct","PPI++","PPI++_independent_split",50,0,0.052,0.00992935043192655
"glm_correct","PPI++","PPI++_independent_split",50,0,0.052,0.00992935043192655
"glm_correct","PPI++","PPI++_independent_split",50,0.05,0.064,0.0109456840809517
"glm_correct","PPI++","PPI++_independent_split",50,0.05,0.064,0.0109456840809517
"glm_correct","PPI++","PPI++_independent_split",50,0.1,0.082,0.0122699633251286
"glm_correct","PPI++","PPI++_independent_split",50,0.1,0.082,0.0122699633251286
"glm_correct","PPI++","PPI++_independent_split",50,0.15,0.124,0.0147393351274744
"glm_correct","PPI++","PPI++_independent_split",50,0.15,0.124,0.0147393351274744
"glm_correct","PPI++","PPI++_independent_split",50,0.2,0.164,0.0165592270351004
"glm_correct","PPI++","PPI++_independent_split",50,0.2,0.164,0.0165592270351004
"glm_correct","PPI++","PPI++_independent_split",50,0.25,0.224,0.0186453211289052
"glm_correct","PPI++","PPI++_independent_split",50,0.25,0.224,0.0186453211289052
"glm_correct","PPI++","PPI++_independent_split",50,0.3,0.282,0.0201234191925726
"glm_correct","PPI++","PPI++_independent_split",50,0.3,0.282,0.0201234191925726
"glm_correct","PPI++","PPI++_independent_split",50,0.35,0.372,0.0216155499583055
"glm_correct","PPI++","PPI++_independent_split",50,0.35,0.372,0.0216155499583055
"glm_correct","PPI++","PPI++_independent_split",50,0.4,0.448,0.0222394244529844
"glm_correct","PPI++","PPI++_independent_split",50,0.4,0.448,0.0222394244529844
"glm_correct","PPI++","PPI++_independent_split",50,0.45,0.528,0.0223255906976725
"glm_correct","PPI++","PPI++_independent_split",50,0.45,0.528,0.0223255906976725
"glm_correct","PPI++","PPI++_independent_split",50,0.5,0.608,0.0218328193323721
"glm_correct","PPI++","PPI++_independent_split",50,0.5,0.608,0.0218328193323721
"glm_correct","PPI++","PPI++_independent_split",50,0.55,0.674,0.0209630150503214
"glm_correct","PPI++","PPI++_independent_split",50,0.55,0.674,0.0209630150503214
"glm_correct","PPI++","PPI++_independent_split",50,0.6,0.752,0.0193130008025682
"glm_correct","PPI++","PPI++_independent_split",50,0.6,0.752,0.0193130008025682
"glm_correct","PPI++","PPI++_independent_split",100,0,0.052,0.00992935043192655
"glm_correct","PPI++","PPI++_independent_split",100,0,0.052,0.00992935043192655
"glm_correct","PPI++","PPI++_independent_split",100,0.05,0.07,0.0114105214604767
"glm_correct","PPI++","PPI++_independent_split",100,0.05,0.07,0.0114105214604767
"glm_correct","PPI++","PPI++_independent_split",100,0.1,0.124,0.0147393351274744
"glm_correct","PPI++","PPI++_independent_split",100,0.1,0.124,0.0147393351274744
"glm_correct","PPI++","PPI++_independent_split",100,0.15,0.184,0.0173288199251998
"glm_correct","PPI++","PPI++_independent_split",100,0.15,0.184,0.0173288199251998
"glm_correct","PPI++","PPI++_independent_split",100,0.2,0.268,0.0198078772209442
"glm_correct","PPI++","PPI++_independent_split",100,0.2,0.268,0.0198078772209442
"glm_correct","PPI++","PPI++_independent_split",100,0.25,0.386,0.0217717247823869
"glm_correct","PPI++","PPI++_independent_split",100,0.25,0.386,0.0217717247823869
"glm_correct","PPI++","PPI++_independent_split",100,0.3,0.538,0.0222960086114085
"glm_correct","PPI++","PPI++_independent_split",100,0.3,0.538,0.0222960086114085
"glm_correct","PPI++","PPI++_independent_split",100,0.35,0.646,0.0213861637513604
"glm_correct","PPI++","PPI++_independent_split",100,0.35,0.646,0.0213861637513604
"glm_correct","PPI++","PPI++_independent_split",100,0.4,0.736,0.0197131428240146
"glm_correct","PPI++","PPI++_independent_split",100,0.4,0.736,0.0197131428240146
"glm_correct","PPI++","PPI++_independent_split",100,0.45,0.824,0.017030795636141
"glm_correct","PPI++","PPI++_independent_split",100,0.45,0.824,0.017030795636141
"glm_correct","PPI++","PPI++_independent_split",100,0.5,0.872,0.0149409504383088
"glm_correct","PPI++","PPI++_independent_split",100,0.5,0.872,0.0149409504383088
"glm_correct","PPI++","PPI++_independent_split",100,0.55,0.916,0.0124051602166195
"glm_correct","PPI++","PPI++_independent_split",100,0.55,0.916,0.0124051602166195
"glm_correct","PPI++","PPI++_independent_split",100,0.6,0.942,0.0104533248299285
"glm_correct","PPI++","PPI++_independent_split",100,0.6,0.942,0.0104533248299285
"glm_correct","PPI++","PPI++_independent_split",150,0,0.044,0.00917213170424411
"glm_correct","PPI++","PPI++_independent_split",150,0,0.044,0.00917213170424411
"glm_correct","PPI++","PPI++_independent_split",150,0.05,0.046,0.00936845771725528
"glm_correct","PPI++","PPI++_independent_split",150,0.05,0.046,0.00936845771725528
"glm_correct","PPI++","PPI++_independent_split",150,0.1,0.114,0.0142129518397833
"glm_correct","PPI++","PPI++_independent_split",150,0.1,0.114,0.0142129518397833
"glm_correct","PPI++","PPI++_independent_split",150,0.15,0.212,0.0182787308093314
"glm_correct","PPI++","PPI++_independent_split",150,0.15,0.212,0.0182787308093314
"glm_correct","PPI++","PPI++_independent_split",150,0.2,0.33,0.0210285520186246
"glm_correct","PPI++","PPI++_independent_split",150,0.2,0.33,0.0210285520186246
"glm_correct","PPI++","PPI++_independent_split",150,0.25,0.462,0.0222960086114085
"glm_correct","PPI++","PPI++_independent_split",150,0.25,0.462,0.0222960086114085
"glm_correct","PPI++","PPI++_independent_split",150,0.3,0.606,0.021852414054287
"glm_correct","PPI++","PPI++_independent_split",150,0.3,0.606,0.021852414054287
"glm_correct","PPI++","PPI++_independent_split",150,0.35,0.728,0.0199005527561422
"glm_correct","PPI++","PPI++_independent_split",150,0.35,0.728,0.0199005527561422
"glm_correct","PPI++","PPI++_independent_split",150,0.4,0.842,0.0163117135825762
"glm_correct","PPI++","PPI++_independent_split",150,0.4,0.842,0.0163117135825762
"glm_correct","PPI++","PPI++_independent_split",150,0.45,0.91,0.0127984374046209
"glm_correct","PPI++","PPI++_independent_split",150,0.45,0.91,0.0127984374046209
"glm_correct","PPI++","PPI++_independent_split",150,0.5,0.956,0.00917213170424412
"glm_correct","PPI++","PPI++_independent_split",150,0.5,0.956,0.00917213170424412
"glm_correct","PPI++","PPI++_independent_split",150,0.55,0.98,0.00626099033699941
"glm_correct","PPI++","PPI++_independent_split",150,0.55,0.98,0.00626099033699941
"glm_correct","PPI++","PPI++_independent_split",150,0.6,0.988,0.00486949689393063
"glm_correct","PPI++","PPI++_independent_split",150,0.6,0.988,0.00486949689393063
"glm_correct","PPI++","PPI++_independent_split",200,0,0.056,0.0102824121683582
"glm_correct","PPI++","PPI++_independent_split",200,0,0.056,0.0102824121683582
"glm_correct","PPI++","PPI++_independent_split",200,0.05,0.068,0.0112584190719657
"glm_correct","PPI++","PPI++_independent_split",200,0.05,0.068,0.0112584190719657
"glm_correct","PPI++","PPI++_independent_split",200,0.1,0.116,0.0143208938268531
"glm_correct","PPI++","PPI++_independent_split",200,0.1,0.116,0.0143208938268531
"glm_correct","PPI++","PPI++_independent_split",200,0.15,0.218,0.0184648855940133
"glm_correct","PPI++","PPI++_independent_split",200,0.15,0.218,0.0184648855940133
"glm_correct","PPI++","PPI++_independent_split",200,0.2,0.382,0.0217290588843604
"glm_correct","PPI++","PPI++_independent_split",200,0.2,0.382,0.0217290588843604
"glm_correct","PPI++","PPI++_independent_split",200,0.25,0.542,0.0222816516443463
"glm_correct","PPI++","PPI++_independent_split",200,0.25,0.542,0.0222816516443463
"glm_correct","PPI++","PPI++_independent_split",200,0.3,0.692,0.0206463556106156
"glm_correct","PPI++","PPI++_independent_split",200,0.3,0.692,0.0206463556106156
"glm_correct","PPI++","PPI++_independent_split",200,0.35,0.818,0.0172554918793989
"glm_correct","PPI++","PPI++_independent_split",200,0.35,0.818,0.0172554918793989
"glm_correct","PPI++","PPI++_independent_split",200,0.4,0.916,0.0124051602166195
"glm_correct","PPI++","PPI++_independent_split",200,0.4,0.916,0.0124051602166195
"glm_correct","PPI++","PPI++_independent_split",200,0.45,0.954,0.00936845771725528
"glm_correct","PPI++","PPI++_independent_split",200,0.45,0.954,0.00936845771725528
"glm_correct","PPI++","PPI++_independent_split",200,0.5,0.978,0.00655987804764693
"glm_correct","PPI++","PPI++_independent_split",200,0.5,0.978,0.00655987804764693
"glm_correct","PPI++","PPI++_independent_split",200,0.55,0.99,0.0044497190922574
"glm_correct","PPI++","PPI++_independent_split",200,0.55,0.99,0.0044497190922574
"glm_correct","PPI++","PPI++_independent_split",200,0.6,1,0
"glm_correct","PPI++","PPI++_independent_split",200,0.6,1,0
"glm_correct","PPI++","PPI++_independent_split",300,0,0.044,0.00917213170424411
"glm_correct","PPI++","PPI++_independent_split",300,0,0.044,0.00917213170424411
"glm_correct","PPI++","PPI++_independent_split",300,0.05,0.058,0.0104533248299285
"glm_correct","PPI++","PPI++_independent_split",300,0.05,0.058,0.0104533248299285
"glm_correct","PPI++","PPI++_independent_split",300,0.1,0.124,0.0147393351274744
"glm_correct","PPI++","PPI++_independent_split",300,0.1,0.124,0.0147393351274744
"glm_correct","PPI++","PPI++_independent_split",300,0.15,0.264,0.0197131428240146
"glm_correct","PPI++","PPI++_independent_split",300,0.15,0.264,0.0197131428240146
"glm_correct","PPI++","PPI++_independent_split",300,0.2,0.456,0.0222739309507774
"glm_correct","PPI++","PPI++_independent_split",300,0.2,0.456,0.0222739309507774
"glm_correct","PPI++","PPI++_independent_split",300,0.25,0.63,0.0215916650585359
"glm_correct","PPI++","PPI++_independent_split",300,0.25,0.63,0.0215916650585359
"glm_correct","PPI++","PPI++_independent_split",300,0.3,0.77,0.0188202019117755
"glm_correct","PPI++","PPI++_independent_split",300,0.3,0.77,0.0188202019117755
"glm_correct","PPI++","PPI++_independent_split",300,0.35,0.888,0.014103616557465
"glm_correct","PPI++","PPI++_independent_split",300,0.35,0.888,0.014103616557465
"glm_correct","PPI++","PPI++_independent_split",300,0.4,0.956,0.00917213170424412
"glm_correct","PPI++","PPI++_independent_split",300,0.4,0.956,0.00917213170424412
"glm_correct","PPI++","PPI++_independent_split",300,0.45,0.98,0.00626099033699941
"glm_correct","PPI++","PPI++_independent_split",300,0.45,0.98,0.00626099033699941
"glm_correct","PPI++","PPI++_independent_split",300,0.5,0.992,0.0039839678713564
"glm_correct","PPI++","PPI++_independent_split",300,0.5,0.992,0.0039839678713564
"glm_correct","PPI++","PPI++_independent_split",300,0.55,0.998,0.00199799899899875
"glm_correct","PPI++","PPI++_independent_split",300,0.55,0.998,0.00199799899899875
"glm_correct","PPI++","PPI++_independent_split",300,0.6,1,0
"glm_correct","PPI++","PPI++_independent_split",300,0.6,1,0
"glm_correct","PPI++","PPI++_noncrossfit",50,0,0.056,0.0102824121683582
"glm_correct","PPI++","PPI++_noncrossfit",50,0,0.056,0.0102824121683582
"glm_correct","PPI++","PPI++_noncrossfit",50,0.05,0.068,0.0112584190719657
"glm_correct","PPI++","PPI++_noncrossfit",50,0.05,0.068,0.0112584190719657
"glm_correct","PPI++","PPI++_noncrossfit",50,0.1,0.098,0.0132963152790538
"glm_correct","PPI++","PPI++_noncrossfit",50,0.1,0.098,0.0132963152790538
"glm_correct","PPI++","PPI++_noncrossfit",50,0.15,0.14,0.0155177317930167
"glm_correct","PPI++","PPI++_noncrossfit",50,0.15,0.14,0.0155177317930167
"glm_correct","PPI++","PPI++_noncrossfit",50,0.2,0.188,0.0174731794473702
"glm_correct","PPI++","PPI++_noncrossfit",50,0.2,0.188,0.0174731794473702
"glm_correct","PPI++","PPI++_noncrossfit",50,0.25,0.244,0.0192074985357282
"glm_correct","PPI++","PPI++_noncrossfit",50,0.25,0.244,0.0192074985357282
"glm_correct","PPI++","PPI++_noncrossfit",50,0.3,0.32,0.0208614476966485
"glm_correct","PPI++","PPI++_noncrossfit",50,0.3,0.32,0.0208614476966485
"glm_correct","PPI++","PPI++_noncrossfit",50,0.35,0.402,0.0219269696948758
"glm_correct","PPI++","PPI++_noncrossfit",50,0.35,0.402,0.0219269696948758
"glm_correct","PPI++","PPI++_noncrossfit",50,0.4,0.494,0.022359069748091
"glm_correct","PPI++","PPI++_noncrossfit",50,0.4,0.494,0.022359069748091
"glm_correct","PPI++","PPI++_noncrossfit",50,0.45,0.57,0.0221404606998138
"glm_correct","PPI++","PPI++_noncrossfit",50,0.45,0.57,0.0221404606998138
"glm_correct","PPI++","PPI++_noncrossfit",50,0.5,0.658,0.0212149004239945
"glm_correct","PPI++","PPI++_noncrossfit",50,0.5,0.658,0.0212149004239945
"glm_correct","PPI++","PPI++_noncrossfit",50,0.55,0.734,0.0197607692157972
"glm_correct","PPI++","PPI++_noncrossfit",50,0.55,0.734,0.0197607692157972
"glm_correct","PPI++","PPI++_noncrossfit",50,0.6,0.784,0.0184034779321736
"glm_correct","PPI++","PPI++_noncrossfit",50,0.6,0.784,0.0184034779321736
"glm_correct","PPI++","PPI++_noncrossfit",100,0,0.048,0.00955991631762538
"glm_correct","PPI++","PPI++_noncrossfit",100,0,0.048,0.00955991631762538
"glm_correct","PPI++","PPI++_noncrossfit",100,0.05,0.056,0.0102824121683582
"glm_correct","PPI++","PPI++_noncrossfit",100,0.05,0.056,0.0102824121683582
"glm_correct","PPI++","PPI++_noncrossfit",100,0.1,0.112,0.014103616557465
"glm_correct","PPI++","PPI++_noncrossfit",100,0.1,0.112,0.014103616557465
"glm_correct","PPI++","PPI++_noncrossfit",100,0.15,0.184,0.0173288199251998
"glm_correct","PPI++","PPI++_noncrossfit",100,0.15,0.184,0.0173288199251998
"glm_correct","PPI++","PPI++_noncrossfit",100,0.2,0.284,0.0201665068864194
"glm_correct","PPI++","PPI++_noncrossfit",100,0.2,0.284,0.0201665068864194
"glm_correct","PPI++","PPI++_noncrossfit",100,0.25,0.39,0.0218128402552258
"glm_correct","PPI++","PPI++_noncrossfit",100,0.25,0.39,0.0218128402552258
"glm_correct","PPI++","PPI++_noncrossfit",100,0.3,0.524,0.0223349054173059
"glm_correct","PPI++","PPI++_noncrossfit",100,0.3,0.524,0.0223349054173059
"glm_correct","PPI++","PPI++_noncrossfit",100,0.35,0.626,0.0216390387956582
"glm_correct","PPI++","PPI++_noncrossfit",100,0.35,0.626,0.0216390387956582
"glm_correct","PPI++","PPI++_noncrossfit",100,0.4,0.728,0.0199005527561422
"glm_correct","PPI++","PPI++_noncrossfit",100,0.4,0.728,0.0199005527561422
"glm_correct","PPI++","PPI++_noncrossfit",100,0.45,0.816,0.0173288199251998
"glm_correct","PPI++","PPI++_noncrossfit",100,0.45,0.816,0.0173288199251998
"glm_correct","PPI++","PPI++_noncrossfit",100,0.5,0.89,0.0139928553197694
"glm_correct","PPI++","PPI++_noncrossfit",100,0.5,0.89,0.0139928553197694
"glm_correct","PPI++","PPI++_noncrossfit",100,0.55,0.936,0.0109456840809517
"glm_correct","PPI++","PPI++_noncrossfit",100,0.55,0.936,0.0109456840809517
"glm_correct","PPI++","PPI++_noncrossfit",100,0.6,0.962,0.00855055553750749
"glm_correct","PPI++","PPI++_noncrossfit",100,0.6,0.962,0.00855055553750749
"glm_correct","PPI++","PPI++_noncrossfit",150,0,0.058,0.0104533248299285
"glm_correct","PPI++","PPI++_noncrossfit",150,0,0.058,0.0104533248299285
"glm_correct","PPI++","PPI++_noncrossfit",150,0.05,0.086,0.0125382614424808
"glm_correct","PPI++","PPI++_noncrossfit",150,0.05,0.086,0.0125382614424808
"glm_correct","PPI++","PPI++_noncrossfit",150,0.1,0.122,0.0146366662871024
"glm_correct","PPI++","PPI++_noncrossfit",150,0.1,0.122,0.0146366662871024
"glm_correct","PPI++","PPI++_noncrossfit",150,0.15,0.21,0.018215378118502
"glm_correct","PPI++","PPI++_noncrossfit",150,0.15,0.21,0.018215378118502
"glm_correct","PPI++","PPI++_noncrossfit",150,0.2,0.348,0.0213023942316351
"glm_correct","PPI++","PPI++_noncrossfit",150,0.2,0.348,0.0213023942316351
"glm_correct","PPI++","PPI++_noncrossfit",150,0.25,0.468,0.0223148381127894
"glm_correct","PPI++","PPI++_noncrossfit",150,0.25,0.468,0.0223148381127894
"glm_correct","PPI++","PPI++_noncrossfit",150,0.3,0.608,0.0218328193323721
"glm_correct","PPI++","PPI++_noncrossfit",150,0.3,0.608,0.0218328193323721
"glm_correct","PPI++","PPI++_noncrossfit",150,0.35,0.762,0.0190449993436597
"glm_correct","PPI++","PPI++_noncrossfit",150,0.35,0.762,0.0190449993436597
"glm_correct","PPI++","PPI++_noncrossfit",150,0.4,0.848,0.0160559023415067
"glm_correct","PPI++","PPI++_noncrossfit",150,0.4,0.848,0.0160559023415067
"glm_correct","PPI++","PPI++_noncrossfit",150,0.45,0.906,0.0130509769749241
"glm_correct","PPI++","PPI++_noncrossfit",150,0.45,0.906,0.0130509769749241
"glm_correct","PPI++","PPI++_noncrossfit",150,0.5,0.948,0.00992935043192656
"glm_correct","PPI++","PPI++_noncrossfit",150,0.5,0.948,0.00992935043192656
"glm_correct","PPI++","PPI++_noncrossfit",150,0.55,0.974,0.00711674082709214
"glm_correct","PPI++","PPI++_noncrossfit",150,0.55,0.974,0.00711674082709214
"glm_correct","PPI++","PPI++_noncrossfit",150,0.6,0.986,0.00525433154644813
"glm_correct","PPI++","PPI++_noncrossfit",150,0.6,0.986,0.00525433154644813
"glm_correct","PPI++","PPI++_noncrossfit",200,0,0.048,0.00955991631762538
"glm_correct","PPI++","PPI++_noncrossfit",200,0,0.048,0.00955991631762538
"glm_correct","PPI++","PPI++_noncrossfit",200,0.05,0.048,0.00955991631762538
"glm_correct","PPI++","PPI++_noncrossfit",200,0.05,0.048,0.00955991631762538
"glm_correct","PPI++","PPI++_noncrossfit",200,0.1,0.13,0.0150399468084166
"glm_correct","PPI++","PPI++_noncrossfit",200,0.1,0.13,0.0150399468084166
"glm_correct","PPI++","PPI++_noncrossfit",200,0.15,0.226,0.0187042241218394
"glm_correct","PPI++","PPI++_noncrossfit",200,0.15,0.226,0.0187042241218394
"glm_correct","PPI++","PPI++_noncrossfit",200,0.2,0.382,0.0217290588843604
"glm_correct","PPI++","PPI++_noncrossfit",200,0.2,0.382,0.0217290588843604
"glm_correct","PPI++","PPI++_noncrossfit",200,0.25,0.544,0.0222739309507774
"glm_correct","PPI++","PPI++_noncrossfit",200,0.25,0.544,0.0222739309507774
"glm_correct","PPI++","PPI++_noncrossfit",200,0.3,0.682,0.0208267136149706
"glm_correct","PPI++","PPI++_noncrossfit",200,0.3,0.682,0.0208267136149706
"glm_correct","PPI++","PPI++_noncrossfit",200,0.35,0.806,0.0176841171676734
"glm_correct","PPI++","PPI++_noncrossfit",200,0.35,0.806,0.0176841171676734
"glm_correct","PPI++","PPI++_noncrossfit",200,0.4,0.9,0.0134164078649987
"glm_correct","PPI++","PPI++_noncrossfit",200,0.4,0.9,0.0134164078649987
"glm_correct","PPI++","PPI++_noncrossfit",200,0.45,0.948,0.00992935043192656
"glm_correct","PPI++","PPI++_noncrossfit",200,0.45,0.948,0.00992935043192656
"glm_correct","PPI++","PPI++_noncrossfit",200,0.5,0.97,0.00762889244910426
"glm_correct","PPI++","PPI++_noncrossfit",200,0.5,0.97,0.00762889244910426
"glm_correct","PPI++","PPI++_noncrossfit",200,0.55,0.99,0.0044497190922574
"glm_correct","PPI++","PPI++_noncrossfit",200,0.55,0.99,0.0044497190922574
"glm_correct","PPI++","PPI++_noncrossfit",200,0.6,0.998,0.00199799899899875
"glm_correct","PPI++","PPI++_noncrossfit",200,0.6,0.998,0.00199799899899875
"glm_correct","PPI++","PPI++_noncrossfit",300,0,0.058,0.0104533248299285
"glm_correct","PPI++","PPI++_noncrossfit",300,0,0.058,0.0104533248299285
"glm_correct","PPI++","PPI++_noncrossfit",300,0.05,0.072,0.0115599307956406
"glm_correct","PPI++","PPI++_noncrossfit",300,0.05,0.072,0.0115599307956406
"glm_correct","PPI++","PPI++_noncrossfit",300,0.1,0.144,0.0157012101444443
"glm_correct","PPI++","PPI++_noncrossfit",300,0.1,0.144,0.0157012101444443
"glm_correct","PPI++","PPI++_noncrossfit",300,0.15,0.308,0.0206463556106156
"glm_correct","PPI++","PPI++_noncrossfit",300,0.15,0.308,0.0206463556106156
"glm_correct","PPI++","PPI++_noncrossfit",300,0.2,0.462,0.0222960086114085
"glm_correct","PPI++","PPI++_noncrossfit",300,0.2,0.462,0.0222960086114085
"glm_correct","PPI++","PPI++_noncrossfit",300,0.25,0.666,0.0210923682880799
"glm_correct","PPI++","PPI++_noncrossfit",300,0.25,0.666,0.0210923682880799
"glm_correct","PPI++","PPI++_noncrossfit",300,0.3,0.812,0.0174731794473702
"glm_correct","PPI++","PPI++_noncrossfit",300,0.3,0.812,0.0174731794473702
"glm_correct","PPI++","PPI++_noncrossfit",300,0.35,0.896,0.013651666564929
"glm_correct","PPI++","PPI++_noncrossfit",300,0.35,0.896,0.013651666564929
"glm_correct","PPI++","PPI++_noncrossfit",300,0.4,0.956,0.00917213170424412
"glm_correct","PPI++","PPI++_noncrossfit",300,0.4,0.956,0.00917213170424412
"glm_correct","PPI++","PPI++_noncrossfit",300,0.45,0.986,0.00525433154644813
"glm_correct","PPI++","PPI++_noncrossfit",300,0.45,0.986,0.00525433154644813
"glm_correct","PPI++","PPI++_noncrossfit",300,0.5,0.994,0.00345369367489359
"glm_correct","PPI++","PPI++_noncrossfit",300,0.5,0.994,0.00345369367489359
"glm_correct","PPI++","PPI++_noncrossfit",300,0.55,0.996,0.00282276460230038
"glm_correct","PPI++","PPI++_noncrossfit",300,0.55,0.996,0.00282276460230038
"glm_correct","PPI++","PPI++_noncrossfit",300,0.6,1,0
"glm_correct","PPI++","PPI++_noncrossfit",300,0.6,1,0
"glm_mis","PPI","PPI_crossfit",50,0,0.032,0.00787095928079926
"glm_mis","PPI","PPI_crossfit",50,0,0.032,0.00787095928079926
"glm_mis","PPI","PPI_crossfit",50,0,0.032,0.00787095928079926
"glm_mis","PPI","PPI_crossfit",50,0.05,0.036,0.0083311463797007
"glm_mis","PPI","PPI_crossfit",50,0.05,0.036,0.0083311463797007
"glm_mis","PPI","PPI_crossfit",50,0.05,0.036,0.0083311463797007
"glm_mis","PPI","PPI_crossfit",50,0.1,0.044,0.00917213170424411
"glm_mis","PPI","PPI_crossfit",50,0.1,0.044,0.00917213170424411
"glm_mis","PPI","PPI_crossfit",50,0.1,0.044,0.00917213170424411
"glm_mis","PPI","PPI_crossfit",50,0.15,0.06,0.0106207344378814
"glm_mis","PPI","PPI_crossfit",50,0.15,0.06,0.0106207344378814
"glm_mis","PPI","PPI_crossfit",50,0.15,0.06,0.0106207344378814
"glm_mis","PPI","PPI_crossfit",50,0.2,0.094,0.0130509769749241
"glm_mis","PPI","PPI_crossfit",50,0.2,0.094,0.0130509769749241
"glm_mis","PPI","PPI_crossfit",50,0.2,0.094,0.0130509769749241
"glm_mis","PPI","PPI_crossfit",50,0.25,0.118,0.0144274737913468
"glm_mis","PPI","PPI_crossfit",50,0.25,0.118,0.0144274737913468
"glm_mis","PPI","PPI_crossfit",50,0.25,0.118,0.0144274737913468
"glm_mis","PPI","PPI_crossfit",50,0.3,0.138,0.01542439626047
"glm_mis","PPI","PPI_crossfit",50,0.3,0.138,0.01542439626047
"glm_mis","PPI","PPI_crossfit",50,0.3,0.138,0.01542439626047
"glm_mis","PPI","PPI_crossfit",50,0.35,0.164,0.0165592270351004
"glm_mis","PPI","PPI_crossfit",50,0.35,0.164,0.0165592270351004
"glm_mis","PPI","PPI_crossfit",50,0.35,0.164,0.0165592270351004
"glm_mis","PPI","PPI_crossfit",50,0.4,0.216,0.0184034779321736
"glm_mis","PPI","PPI_crossfit",50,0.4,0.216,0.0184034779321736
"glm_mis","PPI","PPI_crossfit",50,0.4,0.216,0.0184034779321736
"glm_mis","PPI","PPI_crossfit",50,0.45,0.27,0.0198544705293292
"glm_mis","PPI","PPI_crossfit",50,0.45,0.27,0.0198544705293292
"glm_mis","PPI","PPI_crossfit",50,0.45,0.27,0.0198544705293292
"glm_mis","PPI","PPI_crossfit",50,0.5,0.314,0.0207559148196364
"glm_mis","PPI","PPI_crossfit",50,0.5,0.314,0.0207559148196364
"glm_mis","PPI","PPI_crossfit",50,0.5,0.314,0.0207559148196364
"glm_mis","PPI","PPI_crossfit",50,0.55,0.348,0.0213023942316351
"glm_mis","PPI","PPI_crossfit",50,0.55,0.348,0.0213023942316351
"glm_mis","PPI","PPI_crossfit",50,0.55,0.348,0.0213023942316351
"glm_mis","PPI","PPI_crossfit",50,0.6,0.394,0.021852414054287
"glm_mis","PPI","PPI_crossfit",50,0.6,0.394,0.021852414054287
"glm_mis","PPI","PPI_crossfit",50,0.6,0.394,0.021852414054287
"glm_mis","PPI","PPI_crossfit",100,0,0.038,0.00855055553750749
"glm_mis","PPI","PPI_crossfit",100,0,0.038,0.00855055553750749
"glm_mis","PPI","PPI_crossfit",100,0,0.038,0.00855055553750749
"glm_mis","PPI","PPI_crossfit",100,0.05,0.042,0.00897061870775924
"glm_mis","PPI","PPI_crossfit",100,0.05,0.042,0.00897061870775924
"glm_mis","PPI","PPI_crossfit",100,0.05,0.042,0.00897061870775924
"glm_mis","PPI","PPI_crossfit",100,0.1,0.052,0.00992935043192655
"glm_mis","PPI","PPI_crossfit",100,0.1,0.052,0.00992935043192655
"glm_mis","PPI","PPI_crossfit",100,0.1,0.052,0.00992935043192655
"glm_mis","PPI","PPI_crossfit",100,0.15,0.07,0.0114105214604767
"glm_mis","PPI","PPI_crossfit",100,0.15,0.07,0.0114105214604767
"glm_mis","PPI","PPI_crossfit",100,0.15,0.07,0.0114105214604767
"glm_mis","PPI","PPI_crossfit",100,0.2,0.106,0.0137669168661687
"glm_mis","PPI","PPI_crossfit",100,0.2,0.106,0.0137669168661687
"glm_mis","PPI","PPI_crossfit",100,0.2,0.106,0.0137669168661687
"glm_mis","PPI","PPI_crossfit",100,0.25,0.154,0.016142118820031
"glm_mis","PPI","PPI_crossfit",100,0.25,0.154,0.016142118820031
"glm_mis","PPI","PPI_crossfit",100,0.25,0.154,0.016142118820031
"glm_mis","PPI","PPI_crossfit",100,0.3,0.212,0.0182787308093314
"glm_mis","PPI","PPI_crossfit",100,0.3,0.212,0.0182787308093314
"glm_mis","PPI","PPI_crossfit",100,0.3,0.212,0.0182787308093314
"glm_mis","PPI","PPI_crossfit",100,0.35,0.26,0.0196163197363828
"glm_mis","PPI","PPI_crossfit",100,0.35,0.26,0.0196163197363828
"glm_mis","PPI","PPI_crossfit",100,0.35,0.26,0.0196163197363828
"glm_mis","PPI","PPI_crossfit",100,0.4,0.314,0.0207559148196364
"glm_mis","PPI","PPI_crossfit",100,0.4,0.314,0.0207559148196364
"glm_mis","PPI","PPI_crossfit",100,0.4,0.314,0.0207559148196364
"glm_mis","PPI","PPI_crossfit",100,0.45,0.378,0.0216848334095515
"glm_mis","PPI","PPI_crossfit",100,0.45,0.378,0.0216848334095515
"glm_mis","PPI","PPI_crossfit",100,0.45,0.378,0.0216848334095515
"glm_mis","PPI","PPI_crossfit",100,0.5,0.424,0.022100859711785
"glm_mis","PPI","PPI_crossfit",100,0.5,0.424,0.022100859711785
"glm_mis","PPI","PPI_crossfit",100,0.5,0.424,0.022100859711785
"glm_mis","PPI","PPI_crossfit",100,0.55,0.472,0.0223255906976725
"glm_mis","PPI","PPI_crossfit",100,0.55,0.472,0.0223255906976725
"glm_mis","PPI","PPI_crossfit",100,0.55,0.472,0.0223255906976725
"glm_mis","PPI","PPI_crossfit",100,0.6,0.532,0.0223148381127894
"glm_mis","PPI","PPI_crossfit",100,0.6,0.532,0.0223148381127894
"glm_mis","PPI","PPI_crossfit",100,0.6,0.532,0.0223148381127894
"glm_mis","PPI","PPI_crossfit",150,0,0.042,0.00897061870775924
"glm_mis","PPI","PPI_crossfit",150,0,0.042,0.00897061870775924
"glm_mis","PPI","PPI_crossfit",150,0,0.042,0.00897061870775924
"glm_mis","PPI","PPI_crossfit",150,0.05,0.052,0.00992935043192655
"glm_mis","PPI","PPI_crossfit",150,0.05,0.052,0.00992935043192655
"glm_mis","PPI","PPI_crossfit",150,0.05,0.052,0.00992935043192655
"glm_mis","PPI","PPI_crossfit",150,0.1,0.066,0.0111035129576184
"glm_mis","PPI","PPI_crossfit",150,0.1,0.066,0.0111035129576184
"glm_mis","PPI","PPI_crossfit",150,0.1,0.066,0.0111035129576184
"glm_mis","PPI","PPI_crossfit",150,0.15,0.096,0.0131745208641529
"glm_mis","PPI","PPI_crossfit",150,0.15,0.096,0.0131745208641529
"glm_mis","PPI","PPI_crossfit",150,0.15,0.096,0.0131745208641529
"glm_mis","PPI","PPI_crossfit",150,0.2,0.124,0.0147393351274744
"glm_mis","PPI","PPI_crossfit",150,0.2,0.124,0.0147393351274744
"glm_mis","PPI","PPI_crossfit",150,0.2,0.124,0.0147393351274744
"glm_mis","PPI","PPI_crossfit",150,0.25,0.186,0.0174013792556797
"glm_mis","PPI","PPI_crossfit",150,0.25,0.186,0.0174013792556797
"glm_mis","PPI","PPI_crossfit",150,0.25,0.186,0.0174013792556797
"glm_mis","PPI","PPI_crossfit",150,0.3,0.25,0.0193649167310371
"glm_mis","PPI","PPI_crossfit",150,0.3,0.25,0.0193649167310371
"glm_mis","PPI","PPI_crossfit",150,0.3,0.25,0.0193649167310371
"glm_mis","PPI","PPI_crossfit",150,0.35,0.324,0.020929596269398
"glm_mis","PPI","PPI_crossfit",150,0.35,0.324,0.020929596269398
"glm_mis","PPI","PPI_crossfit",150,0.35,0.324,0.020929596269398
"glm_mis","PPI","PPI_crossfit",150,0.4,0.412,0.0220116332878776
"glm_mis","PPI","PPI_crossfit",150,0.4,0.412,0.0220116332878776
"glm_mis","PPI","PPI_crossfit",150,0.4,0.412,0.0220116332878776
"glm_mis","PPI","PPI_crossfit",150,0.45,0.492,0.0223578174247846
"glm_mis","PPI","PPI_crossfit",150,0.45,0.492,0.0223578174247846
"glm_mis","PPI","PPI_crossfit",150,0.45,0.492,0.0223578174247846
"glm_mis","PPI","PPI_crossfit",150,0.5,0.576,0.022100859711785
"glm_mis","PPI","PPI_crossfit",150,0.5,0.576,0.022100859711785
"glm_mis","PPI","PPI_crossfit",150,0.5,0.576,0.022100859711785
"glm_mis","PPI","PPI_crossfit",150,0.55,0.638,0.0214921380974532
"glm_mis","PPI","PPI_crossfit",150,0.55,0.638,0.0214921380974532
"glm_mis","PPI","PPI_crossfit",150,0.55,0.638,0.0214921380974532
"glm_mis","PPI","PPI_crossfit",150,0.6,0.694,0.0206089301032344
"glm_mis","PPI","PPI_crossfit",150,0.6,0.694,0.0206089301032344
"glm_mis","PPI","PPI_crossfit",150,0.6,0.694,0.0206089301032344
"glm_mis","PPI","PPI_crossfit",200,0,0.078,0.0119929979571415
"glm_mis","PPI","PPI_crossfit",200,0,0.078,0.0119929979571415
"glm_mis","PPI","PPI_crossfit",200,0,0.078,0.0119929979571415
"glm_mis","PPI","PPI_crossfit",200,0.05,0.08,0.0121326007104825
"glm_mis","PPI","PPI_crossfit",200,0.05,0.08,0.0121326007104825
"glm_mis","PPI","PPI_crossfit",200,0.05,0.08,0.0121326007104825
"glm_mis","PPI","PPI_crossfit",200,0.1,0.092,0.01292563344676
"glm_mis","PPI","PPI_crossfit",200,0.1,0.092,0.01292563344676
"glm_mis","PPI","PPI_crossfit",200,0.1,0.092,0.01292563344676
"glm_mis","PPI","PPI_crossfit",200,0.15,0.122,0.0146366662871024
"glm_mis","PPI","PPI_crossfit",200,0.15,0.122,0.0146366662871024
"glm_mis","PPI","PPI_crossfit",200,0.15,0.122,0.0146366662871024
"glm_mis","PPI","PPI_crossfit",200,0.2,0.162,0.016477621187538
"glm_mis","PPI","PPI_crossfit",200,0.2,0.162,0.016477621187538
"glm_mis","PPI","PPI_crossfit",200,0.2,0.162,0.016477621187538
"glm_mis","PPI","PPI_crossfit",200,0.25,0.224,0.0186453211289052
"glm_mis","PPI","PPI_crossfit",200,0.25,0.224,0.0186453211289052
"glm_mis","PPI","PPI_crossfit",200,0.25,0.224,0.0186453211289052
"glm_mis","PPI","PPI_crossfit",200,0.3,0.31,0.0206833266183175
"glm_mis","PPI","PPI_crossfit",200,0.3,0.31,0.0206833266183175
"glm_mis","PPI","PPI_crossfit",200,0.3,0.31,0.0206833266183175
"glm_mis","PPI","PPI_crossfit",200,0.35,0.386,0.0217717247823869
"glm_mis","PPI","PPI_crossfit",200,0.35,0.386,0.0217717247823869
"glm_mis","PPI","PPI_crossfit",200,0.35,0.386,0.0217717247823869
"glm_mis","PPI","PPI_crossfit",200,0.4,0.472,0.0223255906976725
"glm_mis","PPI","PPI_crossfit",200,0.4,0.472,0.0223255906976725
"glm_mis","PPI","PPI_crossfit",200,0.4,0.472,0.0223255906976725
"glm_mis","PPI","PPI_crossfit",200,0.45,0.56,0.0221990990808186
"glm_mis","PPI","PPI_crossfit",200,0.45,0.56,0.0221990990808186
"glm_mis","PPI","PPI_crossfit",200,0.45,0.56,0.0221990990808186
"glm_mis","PPI","PPI_crossfit",200,0.5,0.632,0.0215673827804859
"glm_mis","PPI","PPI_crossfit",200,0.5,0.632,0.0215673827804859
"glm_mis","PPI","PPI_crossfit",200,0.5,0.632,0.0215673827804859
"glm_mis","PPI","PPI_crossfit",200,0.55,0.698,0.0205327056181108
"glm_mis","PPI","PPI_crossfit",200,0.55,0.698,0.0205327056181108
"glm_mis","PPI","PPI_crossfit",200,0.55,0.698,0.0205327056181108
"glm_mis","PPI","PPI_crossfit",200,0.6,0.754,0.0192605295877346
"glm_mis","PPI","PPI_crossfit",200,0.6,0.754,0.0192605295877346
"glm_mis","PPI","PPI_crossfit",200,0.6,0.754,0.0192605295877346
"glm_mis","PPI","PPI_crossfit",300,0,0.038,0.00855055553750749
"glm_mis","PPI","PPI_crossfit",300,0,0.038,0.00855055553750749
"glm_mis","PPI","PPI_crossfit",300,0,0.038,0.00855055553750749
"glm_mis","PPI","PPI_crossfit",300,0.05,0.048,0.00955991631762538
"glm_mis","PPI","PPI_crossfit",300,0.05,0.048,0.00955991631762538
"glm_mis","PPI","PPI_crossfit",300,0.05,0.048,0.00955991631762538
"glm_mis","PPI","PPI_crossfit",300,0.1,0.088,0.0126693330526907
"glm_mis","PPI","PPI_crossfit",300,0.1,0.088,0.0126693330526907
"glm_mis","PPI","PPI_crossfit",300,0.1,0.088,0.0126693330526907
"glm_mis","PPI","PPI_crossfit",300,0.15,0.14,0.0155177317930167
"glm_mis","PPI","PPI_crossfit",300,0.15,0.14,0.0155177317930167
"glm_mis","PPI","PPI_crossfit",300,0.15,0.14,0.0155177317930167
"glm_mis","PPI","PPI_crossfit",300,0.2,0.208,0.0181513635851415
"glm_mis","PPI","PPI_crossfit",300,0.2,0.208,0.0181513635851415
"glm_mis","PPI","PPI_crossfit",300,0.2,0.208,0.0181513635851415
"glm_mis","PPI","PPI_crossfit",300,0.25,0.31,0.0206833266183175
"glm_mis","PPI","PPI_crossfit",300,0.25,0.31,0.0206833266183175
"glm_mis","PPI","PPI_crossfit",300,0.25,0.31,0.0206833266183175
"glm_mis","PPI","PPI_crossfit",300,0.3,0.41,0.0219954540757858
"glm_mis","PPI","PPI_crossfit",300,0.3,0.41,0.0219954540757858
"glm_mis","PPI","PPI_crossfit",300,0.3,0.41,0.0219954540757858
"glm_mis","PPI","PPI_crossfit",300,0.35,0.508,0.0223578174247846
"glm_mis","PPI","PPI_crossfit",300,0.35,0.508,0.0223578174247846
"glm_mis","PPI","PPI_crossfit",300,0.35,0.508,0.0223578174247846
"glm_mis","PPI","PPI_crossfit",300,0.4,0.634,0.0215427017804174
"glm_mis","PPI","PPI_crossfit",300,0.4,0.634,0.0215427017804174
"glm_mis","PPI","PPI_crossfit",300,0.4,0.634,0.0215427017804174
"glm_mis","PPI","PPI_crossfit",300,0.45,0.722,0.0200357680162254
"glm_mis","PPI","PPI_crossfit",300,0.45,0.722,0.0200357680162254
"glm_mis","PPI","PPI_crossfit",300,0.45,0.722,0.0200357680162254
"glm_mis","PPI","PPI_crossfit",300,0.5,0.812,0.0174731794473702
"glm_mis","PPI","PPI_crossfit",300,0.5,0.812,0.0174731794473702
"glm_mis","PPI","PPI_crossfit",300,0.5,0.812,0.0174731794473702
"glm_mis","PPI","PPI_crossfit",300,0.55,0.86,0.0155177317930167
"glm_mis","PPI","PPI_crossfit",300,0.55,0.86,0.0155177317930167
"glm_mis","PPI","PPI_crossfit",300,0.55,0.86,0.0155177317930167
"glm_mis","PPI","PPI_crossfit",300,0.6,0.902,0.0132963152790538
"glm_mis","PPI","PPI_crossfit",300,0.6,0.902,0.0132963152790538
"glm_mis","PPI","PPI_crossfit",300,0.6,0.902,0.0132963152790538
"glm_mis","PPI","PPI_noncrossfit",50,0,0.078,0.0119929979571415
"glm_mis","PPI","PPI_noncrossfit",50,0,0.078,0.0119929979571415
"glm_mis","PPI","PPI_noncrossfit",50,0,0.078,0.0119929979571415
"glm_mis","PPI","PPI_noncrossfit",50,0.05,0.08,0.0121326007104825
"glm_mis","PPI","PPI_noncrossfit",50,0.05,0.08,0.0121326007104825
"glm_mis","PPI","PPI_noncrossfit",50,0.05,0.08,0.0121326007104825
"glm_mis","PPI","PPI_noncrossfit",50,0.1,0.084,0.0124051602166195
"glm_mis","PPI","PPI_noncrossfit",50,0.1,0.084,0.0124051602166195
"glm_mis","PPI","PPI_noncrossfit",50,0.1,0.084,0.0124051602166195
"glm_mis","PPI","PPI_noncrossfit",50,0.15,0.09,0.0127984374046209
"glm_mis","PPI","PPI_noncrossfit",50,0.15,0.09,0.0127984374046209
"glm_mis","PPI","PPI_noncrossfit",50,0.15,0.09,0.0127984374046209
"glm_mis","PPI","PPI_noncrossfit",50,0.2,0.106,0.0137669168661687
"glm_mis","PPI","PPI_noncrossfit",50,0.2,0.106,0.0137669168661687
"glm_mis","PPI","PPI_noncrossfit",50,0.2,0.106,0.0137669168661687
"glm_mis","PPI","PPI_noncrossfit",50,0.25,0.114,0.0142129518397833
"glm_mis","PPI","PPI_noncrossfit",50,0.25,0.114,0.0142129518397833
"glm_mis","PPI","PPI_noncrossfit",50,0.25,0.114,0.0142129518397833
"glm_mis","PPI","PPI_noncrossfit",50,0.3,0.148,0.0158805541465026
"glm_mis","PPI","PPI_noncrossfit",50,0.3,0.148,0.0158805541465026
"glm_mis","PPI","PPI_noncrossfit",50,0.3,0.148,0.0158805541465026
"glm_mis","PPI","PPI_noncrossfit",50,0.35,0.18,0.0171813852759316
"glm_mis","PPI","PPI_noncrossfit",50,0.35,0.18,0.0171813852759316
"glm_mis","PPI","PPI_noncrossfit",50,0.35,0.18,0.0171813852759316
"glm_mis","PPI","PPI_noncrossfit",50,0.4,0.208,0.0181513635851415
"glm_mis","PPI","PPI_noncrossfit",50,0.4,0.208,0.0181513635851415
"glm_mis","PPI","PPI_noncrossfit",50,0.4,0.208,0.0181513635851415
"glm_mis","PPI","PPI_noncrossfit",50,0.45,0.254,0.0194671004517879
"glm_mis","PPI","PPI_noncrossfit",50,0.45,0.254,0.0194671004517879
"glm_mis","PPI","PPI_noncrossfit",50,0.45,0.254,0.0194671004517879
"glm_mis","PPI","PPI_noncrossfit",50,0.5,0.294,0.0203746901816936
"glm_mis","PPI","PPI_noncrossfit",50,0.5,0.294,0.0203746901816936
"glm_mis","PPI","PPI_noncrossfit",50,0.5,0.294,0.0203746901816936
"glm_mis","PPI","PPI_noncrossfit",50,0.55,0.328,0.020995999618975
"glm_mis","PPI","PPI_noncrossfit",50,0.55,0.328,0.020995999618975
"glm_mis","PPI","PPI_noncrossfit",50,0.55,0.328,0.020995999618975
"glm_mis","PPI","PPI_noncrossfit",50,0.6,0.376,0.0216621328589777
"glm_mis","PPI","PPI_noncrossfit",50,0.6,0.376,0.0216621328589777
"glm_mis","PPI","PPI_noncrossfit",50,0.6,0.376,0.0216621328589777
"glm_mis","PPI","PPI_noncrossfit",100,0,0.048,0.00955991631762538
"glm_mis","PPI","PPI_noncrossfit",100,0,0.048,0.00955991631762538
"glm_mis","PPI","PPI_noncrossfit",100,0,0.048,0.00955991631762538
"glm_mis","PPI","PPI_noncrossfit",100,0.05,0.052,0.00992935043192655
"glm_mis","PPI","PPI_noncrossfit",100,0.05,0.052,0.00992935043192655
"glm_mis","PPI","PPI_noncrossfit",100,0.05,0.052,0.00992935043192655
"glm_mis","PPI","PPI_noncrossfit",100,0.1,0.066,0.0111035129576184
"glm_mis","PPI","PPI_noncrossfit",100,0.1,0.066,0.0111035129576184
"glm_mis","PPI","PPI_noncrossfit",100,0.1,0.066,0.0111035129576184
"glm_mis","PPI","PPI_noncrossfit",100,0.15,0.084,0.0124051602166195
"glm_mis","PPI","PPI_noncrossfit",100,0.15,0.084,0.0124051602166195
"glm_mis","PPI","PPI_noncrossfit",100,0.15,0.084,0.0124051602166195
"glm_mis","PPI","PPI_noncrossfit",100,0.2,0.118,0.0144274737913468
"glm_mis","PPI","PPI_noncrossfit",100,0.2,0.118,0.0144274737913468
"glm_mis","PPI","PPI_noncrossfit",100,0.2,0.118,0.0144274737913468
"glm_mis","PPI","PPI_noncrossfit",100,0.25,0.158,0.0163117135825762
"glm_mis","PPI","PPI_noncrossfit",100,0.25,0.158,0.0163117135825762
"glm_mis","PPI","PPI_noncrossfit",100,0.25,0.158,0.0163117135825762
"glm_mis","PPI","PPI_noncrossfit",100,0.3,0.206,0.0180866801818355
"glm_mis","PPI","PPI_noncrossfit",100,0.3,0.206,0.0180866801818355
"glm_mis","PPI","PPI_noncrossfit",100,0.3,0.206,0.0180866801818355
"glm_mis","PPI","PPI_noncrossfit",100,0.35,0.262,0.0196649942791754
"glm_mis","PPI","PPI_noncrossfit",100,0.35,0.262,0.0196649942791754
"glm_mis","PPI","PPI_noncrossfit",100,0.35,0.262,0.0196649942791754
"glm_mis","PPI","PPI_noncrossfit",100,0.4,0.306,0.0206089301032344
"glm_mis","PPI","PPI_noncrossfit",100,0.4,0.306,0.0206089301032344
"glm_mis","PPI","PPI_noncrossfit",100,0.4,0.306,0.0206089301032344
"glm_mis","PPI","PPI_noncrossfit",100,0.45,0.376,0.0216621328589777
"glm_mis","PPI","PPI_noncrossfit",100,0.45,0.376,0.0216621328589777
"glm_mis","PPI","PPI_noncrossfit",100,0.45,0.376,0.0216621328589777
"glm_mis","PPI","PPI_noncrossfit",100,0.5,0.426,0.0221144296783797
"glm_mis","PPI","PPI_noncrossfit",100,0.5,0.426,0.0221144296783797
"glm_mis","PPI","PPI_noncrossfit",100,0.5,0.426,0.0221144296783797
"glm_mis","PPI","PPI_noncrossfit",100,0.55,0.488,0.0223542389716134
"glm_mis","PPI","PPI_noncrossfit",100,0.55,0.488,0.0223542389716134
"glm_mis","PPI","PPI_noncrossfit",100,0.55,0.488,0.0223542389716134
"glm_mis","PPI","PPI_noncrossfit",100,0.6,0.554,0.0222298897883008
"glm_mis","PPI","PPI_noncrossfit",100,0.6,0.554,0.0222298897883008
"glm_mis","PPI","PPI_noncrossfit",100,0.6,0.554,0.0222298897883008
"glm_mis","PPI","PPI_noncrossfit",150,0,0.05,0.00974679434480896
"glm_mis","PPI","PPI_noncrossfit",150,0,0.05,0.00974679434480896
"glm_mis","PPI","PPI_noncrossfit",150,0,0.05,0.00974679434480896
"glm_mis","PPI","PPI_noncrossfit",150,0.05,0.04,0.00876356092008266
"glm_mis","PPI","PPI_noncrossfit",150,0.05,0.04,0.00876356092008266
"glm_mis","PPI","PPI_noncrossfit",150,0.05,0.04,0.00876356092008266
"glm_mis","PPI","PPI_noncrossfit",150,0.1,0.066,0.0111035129576184
"glm_mis","PPI","PPI_noncrossfit",150,0.1,0.066,0.0111035129576184
"glm_mis","PPI","PPI_noncrossfit",150,0.1,0.066,0.0111035129576184
"glm_mis","PPI","PPI_noncrossfit",150,0.15,0.096,0.0131745208641529
"glm_mis","PPI","PPI_noncrossfit",150,0.15,0.096,0.0131745208641529
"glm_mis","PPI","PPI_noncrossfit",150,0.15,0.096,0.0131745208641529
"glm_mis","PPI","PPI_noncrossfit",150,0.2,0.156,0.0162273842624127
"glm_mis","PPI","PPI_noncrossfit",150,0.2,0.156,0.0162273842624127
"glm_mis","PPI","PPI_noncrossfit",150,0.2,0.156,0.0162273842624127
"glm_mis","PPI","PPI_noncrossfit",150,0.25,0.214,0.0183414285157945
"glm_mis","PPI","PPI_noncrossfit",150,0.25,0.214,0.0183414285157945
"glm_mis","PPI","PPI_noncrossfit",150,0.25,0.214,0.0183414285157945
"glm_mis","PPI","PPI_noncrossfit",150,0.3,0.282,0.0201234191925726
"glm_mis","PPI","PPI_noncrossfit",150,0.3,0.282,0.0201234191925726
"glm_mis","PPI","PPI_noncrossfit",150,0.3,0.282,0.0201234191925726
"glm_mis","PPI","PPI_noncrossfit",150,0.35,0.352,0.0213586516428355
"glm_mis","PPI","PPI_noncrossfit",150,0.35,0.352,0.0213586516428355
"glm_mis","PPI","PPI_noncrossfit",150,0.35,0.352,0.0213586516428355
"glm_mis","PPI","PPI_noncrossfit",150,0.4,0.424,0.022100859711785
"glm_mis","PPI","PPI_noncrossfit",150,0.4,0.424,0.022100859711785
"glm_mis","PPI","PPI_noncrossfit",150,0.4,0.424,0.022100859711785
"glm_mis","PPI","PPI_noncrossfit",150,0.45,0.524,0.0223349054173059
"glm_mis","PPI","PPI_noncrossfit",150,0.45,0.524,0.0223349054173059
"glm_mis","PPI","PPI_noncrossfit",150,0.45,0.524,0.0223349054173059
"glm_mis","PPI","PPI_noncrossfit",150,0.5,0.586,0.0220274374360705
"glm_mis","PPI","PPI_noncrossfit",150,0.5,0.586,0.0220274374360705
"glm_mis","PPI","PPI_noncrossfit",150,0.5,0.586,0.0220274374360705
"glm_mis","PPI","PPI_noncrossfit",150,0.55,0.66,0.0211849002829846
"glm_mis","PPI","PPI_noncrossfit",150,0.55,0.66,0.0211849002829846
"glm_mis","PPI","PPI_noncrossfit",150,0.55,0.66,0.0211849002829846
"glm_mis","PPI","PPI_noncrossfit",150,0.6,0.724,0.0199911980631477
"glm_mis","PPI","PPI_noncrossfit",150,0.6,0.724,0.0199911980631477
"glm_mis","PPI","PPI_noncrossfit",150,0.6,0.724,0.0199911980631477
"glm_mis","PPI","PPI_noncrossfit",200,0,0.048,0.00955991631762538
"glm_mis","PPI","PPI_noncrossfit",200,0,0.048,0.00955991631762538
"glm_mis","PPI","PPI_noncrossfit",200,0,0.048,0.00955991631762538
"glm_mis","PPI","PPI_noncrossfit",200,0.05,0.064,0.0109456840809517
"glm_mis","PPI","PPI_noncrossfit",200,0.05,0.064,0.0109456840809517
"glm_mis","PPI","PPI_noncrossfit",200,0.05,0.064,0.0109456840809517
"glm_mis","PPI","PPI_noncrossfit",200,0.1,0.086,0.0125382614424808
"glm_mis","PPI","PPI_noncrossfit",200,0.1,0.086,0.0125382614424808
"glm_mis","PPI","PPI_noncrossfit",200,0.1,0.086,0.0125382614424808
"glm_mis","PPI","PPI_noncrossfit",200,0.15,0.114,0.0142129518397833
"glm_mis","PPI","PPI_noncrossfit",200,0.15,0.114,0.0142129518397833
"glm_mis","PPI","PPI_noncrossfit",200,0.15,0.114,0.0142129518397833
"glm_mis","PPI","PPI_noncrossfit",200,0.2,0.168,0.0167198086113448
"glm_mis","PPI","PPI_noncrossfit",200,0.2,0.168,0.0167198086113448
"glm_mis","PPI","PPI_noncrossfit",200,0.2,0.168,0.0167198086113448
"glm_mis","PPI","PPI_noncrossfit",200,0.25,0.214,0.0183414285157945
"glm_mis","PPI","PPI_noncrossfit",200,0.25,0.214,0.0183414285157945
"glm_mis","PPI","PPI_noncrossfit",200,0.25,0.214,0.0183414285157945
"glm_mis","PPI","PPI_noncrossfit",200,0.3,0.302,0.0205327056181108
"glm_mis","PPI","PPI_noncrossfit",200,0.3,0.302,0.0205327056181108
"glm_mis","PPI","PPI_noncrossfit",200,0.3,0.302,0.0205327056181108
"glm_mis","PPI","PPI_noncrossfit",200,0.35,0.376,0.0216621328589777
"glm_mis","PPI","PPI_noncrossfit",200,0.35,0.376,0.0216621328589777
"glm_mis","PPI","PPI_noncrossfit",200,0.35,0.376,0.0216621328589777
"glm_mis","PPI","PPI_noncrossfit",200,0.4,0.476,0.0223349054173059
"glm_mis","PPI","PPI_noncrossfit",200,0.4,0.476,0.0223349054173059
"glm_mis","PPI","PPI_noncrossfit",200,0.4,0.476,0.0223349054173059
"glm_mis","PPI","PPI_noncrossfit",200,0.45,0.57,0.0221404606998138
"glm_mis","PPI","PPI_noncrossfit",200,0.45,0.57,0.0221404606998138
"glm_mis","PPI","PPI_noncrossfit",200,0.45,0.57,0.0221404606998138
"glm_mis","PPI","PPI_noncrossfit",200,0.5,0.664,0.0211236360506424
"glm_mis","PPI","PPI_noncrossfit",200,0.5,0.664,0.0211236360506424
"glm_mis","PPI","PPI_noncrossfit",200,0.5,0.664,0.0211236360506424
"glm_mis","PPI","PPI_noncrossfit",200,0.55,0.74,0.0196163197363828
"glm_mis","PPI","PPI_noncrossfit",200,0.55,0.74,0.0196163197363828
"glm_mis","PPI","PPI_noncrossfit",200,0.55,0.74,0.0196163197363828
"glm_mis","PPI","PPI_noncrossfit",200,0.6,0.8,0.0178885438199983
"glm_mis","PPI","PPI_noncrossfit",200,0.6,0.8,0.0178885438199983
"glm_mis","PPI","PPI_noncrossfit",200,0.6,0.8,0.0178885438199983
"glm_mis","PPI","PPI_noncrossfit",300,0,0.062,0.0107848041243223
"glm_mis","PPI","PPI_noncrossfit",300,0,0.062,0.0107848041243223
"glm_mis","PPI","PPI_noncrossfit",300,0,0.062,0.0107848041243223
"glm_mis","PPI","PPI_noncrossfit",300,0.05,0.062,0.0107848041243223
"glm_mis","PPI","PPI_noncrossfit",300,0.05,0.062,0.0107848041243223
"glm_mis","PPI","PPI_noncrossfit",300,0.05,0.062,0.0107848041243223
"glm_mis","PPI","PPI_noncrossfit",300,0.1,0.086,0.0125382614424808
"glm_mis","PPI","PPI_noncrossfit",300,0.1,0.086,0.0125382614424808
"glm_mis","PPI","PPI_noncrossfit",300,0.1,0.086,0.0125382614424808
"glm_mis","PPI","PPI_noncrossfit",300,0.15,0.122,0.0146366662871024
"glm_mis","PPI","PPI_noncrossfit",300,0.15,0.122,0.0146366662871024
"glm_mis","PPI","PPI_noncrossfit",300,0.15,0.122,0.0146366662871024
"glm_mis","PPI","PPI_noncrossfit",300,0.2,0.21,0.018215378118502
"glm_mis","PPI","PPI_noncrossfit",300,0.2,0.21,0.018215378118502
"glm_mis","PPI","PPI_noncrossfit",300,0.2,0.21,0.018215378118502
"glm_mis","PPI","PPI_noncrossfit",300,0.25,0.32,0.0208614476966485
"glm_mis","PPI","PPI_noncrossfit",300,0.25,0.32,0.0208614476966485
"glm_mis","PPI","PPI_noncrossfit",300,0.25,0.32,0.0208614476966485
"glm_mis","PPI","PPI_noncrossfit",300,0.3,0.41,0.0219954540757858
"glm_mis","PPI","PPI_noncrossfit",300,0.3,0.41,0.0219954540757858
"glm_mis","PPI","PPI_noncrossfit",300,0.3,0.41,0.0219954540757858
"glm_mis","PPI","PPI_noncrossfit",300,0.35,0.514,0.0223519126698366
"glm_mis","PPI","PPI_noncrossfit",300,0.35,0.514,0.0223519126698366
"glm_mis","PPI","PPI_noncrossfit",300,0.35,0.514,0.0223519126698366
"glm_mis","PPI","PPI_noncrossfit",300,0.4,0.646,0.0213861637513604
"glm_mis","PPI","PPI_noncrossfit",300,0.4,0.646,0.0213861637513604
"glm_mis","PPI","PPI_noncrossfit",300,0.4,0.646,0.0213861637513604
"glm_mis","PPI","PPI_noncrossfit",300,0.45,0.74,0.0196163197363828
"glm_mis","PPI","PPI_noncrossfit",300,0.45,0.74,0.0196163197363828
"glm_mis","PPI","PPI_noncrossfit",300,0.45,0.74,0.0196163197363828
"glm_mis","PPI","PPI_noncrossfit",300,0.5,0.812,0.0174731794473702
"glm_mis","PPI","PPI_noncrossfit",300,0.5,0.812,0.0174731794473702
"glm_mis","PPI","PPI_noncrossfit",300,0.5,0.812,0.0174731794473702
"glm_mis","PPI","PPI_noncrossfit",300,0.55,0.87,0.0150399468084166
"glm_mis","PPI","PPI_noncrossfit",300,0.55,0.87,0.0150399468084166
"glm_mis","PPI","PPI_noncrossfit",300,0.55,0.87,0.0150399468084166
"glm_mis","PPI","PPI_noncrossfit",300,0.6,0.922,0.0119929979571415
"glm_mis","PPI","PPI_noncrossfit",300,0.6,0.922,0.0119929979571415
"glm_mis","PPI","PPI_noncrossfit",300,0.6,0.922,0.0119929979571415
"glm_mis","PPI++","PPI++_crossfit",50,0,0.036,0.0083311463797007
"glm_mis","PPI++","PPI++_crossfit",50,0,0.036,0.0083311463797007
"glm_mis","PPI++","PPI++_crossfit",50,0.05,0.04,0.00876356092008266
"glm_mis","PPI++","PPI++_crossfit",50,0.05,0.04,0.00876356092008266
"glm_mis","PPI++","PPI++_crossfit",50,0.1,0.044,0.00917213170424411
"glm_mis","PPI++","PPI++_crossfit",50,0.1,0.044,0.00917213170424411
"glm_mis","PPI++","PPI++_crossfit",50,0.15,0.064,0.0109456840809517
"glm_mis","PPI++","PPI++_crossfit",50,0.15,0.064,0.0109456840809517
"glm_mis","PPI++","PPI++_crossfit",50,0.2,0.088,0.0126693330526907
"glm_mis","PPI++","PPI++_crossfit",50,0.2,0.088,0.0126693330526907
"glm_mis","PPI++","PPI++_crossfit",50,0.25,0.112,0.014103616557465
"glm_mis","PPI++","PPI++_crossfit",50,0.25,0.112,0.014103616557465
"glm_mis","PPI++","PPI++_crossfit",50,0.3,0.134,0.0152344346793703
"glm_mis","PPI++","PPI++_crossfit",50,0.3,0.134,0.0152344346793703
"glm_mis","PPI++","PPI++_crossfit",50,0.35,0.182,0.0172554918793989
"glm_mis","PPI++","PPI++_crossfit",50,0.35,0.182,0.0172554918793989
"glm_mis","PPI++","PPI++_crossfit",50,0.4,0.224,0.0186453211289052
"glm_mis","PPI++","PPI++_crossfit",50,0.4,0.224,0.0186453211289052
"glm_mis","PPI++","PPI++_crossfit",50,0.45,0.264,0.0197131428240146
"glm_mis","PPI++","PPI++_crossfit",50,0.45,0.264,0.0197131428240146
"glm_mis","PPI++","PPI++_crossfit",50,0.5,0.306,0.0206089301032344
"glm_mis","PPI++","PPI++_crossfit",50,0.5,0.306,0.0206089301032344
"glm_mis","PPI++","PPI++_crossfit",50,0.55,0.356,0.0214132669156297
"glm_mis","PPI++","PPI++_crossfit",50,0.55,0.356,0.0214132669156297
"glm_mis","PPI++","PPI++_crossfit",50,0.6,0.41,0.0219954540757858
"glm_mis","PPI++","PPI++_crossfit",50,0.6,0.41,0.0219954540757858
"glm_mis","PPI++","PPI++_crossfit",100,0,0.038,0.00855055553750749
"glm_mis","PPI++","PPI++_crossfit",100,0,0.038,0.00855055553750749
"glm_mis","PPI++","PPI++_crossfit",100,0.05,0.036,0.0083311463797007
"glm_mis","PPI++","PPI++_crossfit",100,0.05,0.036,0.0083311463797007
"glm_mis","PPI++","PPI++_crossfit",100,0.1,0.052,0.00992935043192655
"glm_mis","PPI++","PPI++_crossfit",100,0.1,0.052,0.00992935043192655
"glm_mis","PPI++","PPI++_crossfit",100,0.15,0.074,0.0117067501895274
"glm_mis","PPI++","PPI++_crossfit",100,0.15,0.074,0.0117067501895274
"glm_mis","PPI++","PPI++_crossfit",100,0.2,0.114,0.0142129518397833
"glm_mis","PPI++","PPI++_crossfit",100,0.2,0.114,0.0142129518397833
"glm_mis","PPI++","PPI++_crossfit",100,0.25,0.158,0.0163117135825762
"glm_mis","PPI++","PPI++_crossfit",100,0.25,0.158,0.0163117135825762
"glm_mis","PPI++","PPI++_crossfit",100,0.3,0.206,0.0180866801818355
"glm_mis","PPI++","PPI++_crossfit",100,0.3,0.206,0.0180866801818355
"glm_mis","PPI++","PPI++_crossfit",100,0.35,0.26,0.0196163197363828
"glm_mis","PPI++","PPI++_crossfit",100,0.35,0.26,0.0196163197363828
"glm_mis","PPI++","PPI++_crossfit",100,0.4,0.306,0.0206089301032344
"glm_mis","PPI++","PPI++_crossfit",100,0.4,0.306,0.0206089301032344
"glm_mis","PPI++","PPI++_crossfit",100,0.45,0.37,0.0215916650585359
"glm_mis","PPI++","PPI++_crossfit",100,0.45,0.37,0.0215916650585359
"glm_mis","PPI++","PPI++_crossfit",100,0.5,0.43,0.0221404606998138
"glm_mis","PPI++","PPI++_crossfit",100,0.5,0.43,0.0221404606998138
"glm_mis","PPI++","PPI++_crossfit",100,0.55,0.48,0.0223427840700303
"glm_mis","PPI++","PPI++_crossfit",100,0.55,0.48,0.0223427840700303
"glm_mis","PPI++","PPI++_crossfit",100,0.6,0.542,0.0222816516443463
"glm_mis","PPI++","PPI++_crossfit",100,0.6,0.542,0.0222816516443463
"glm_mis","PPI++","PPI++_crossfit",150,0,0.044,0.00917213170424411
"glm_mis","PPI++","PPI++_crossfit",150,0,0.044,0.00917213170424411
"glm_mis","PPI++","PPI++_crossfit",150,0.05,0.054,0.0101078187557949
"glm_mis","PPI++","PPI++_crossfit",150,0.05,0.054,0.0101078187557949
"glm_mis","PPI++","PPI++_crossfit",150,0.1,0.076,0.0118510759005248
"glm_mis","PPI++","PPI++_crossfit",150,0.1,0.076,0.0118510759005248
"glm_mis","PPI++","PPI++_crossfit",150,0.15,0.088,0.0126693330526907
"glm_mis","PPI++","PPI++_crossfit",150,0.15,0.088,0.0126693330526907
"glm_mis","PPI++","PPI++_crossfit",150,0.2,0.126,0.0148407546977908
"glm_mis","PPI++","PPI++_crossfit",150,0.2,0.126,0.0148407546977908
"glm_mis","PPI++","PPI++_crossfit",150,0.25,0.196,0.017752971582245
"glm_mis","PPI++","PPI++_crossfit",150,0.25,0.196,0.017752971582245
"glm_mis","PPI++","PPI++_crossfit",150,0.3,0.254,0.0194671004517879
"glm_mis","PPI++","PPI++_crossfit",150,0.3,0.254,0.0194671004517879
"glm_mis","PPI++","PPI++_crossfit",150,0.35,0.334,0.0210923682880799
"glm_mis","PPI++","PPI++_crossfit",150,0.35,0.334,0.0210923682880799
"glm_mis","PPI++","PPI++_crossfit",150,0.4,0.408,0.0219788989715136
"glm_mis","PPI++","PPI++_crossfit",150,0.4,0.408,0.0219788989715136
"glm_mis","PPI++","PPI++_crossfit",150,0.45,0.498,0.0223605008888441
"glm_mis","PPI++","PPI++_crossfit",150,0.45,0.498,0.0223605008888441
"glm_mis","PPI++","PPI++_crossfit",150,0.5,0.568,0.0221529230576915
"glm_mis","PPI++","PPI++_crossfit",150,0.5,0.568,0.0221529230576915
"glm_mis","PPI++","PPI++_crossfit",150,0.55,0.636,0.0215176206863119
"glm_mis","PPI++","PPI++_crossfit",150,0.55,0.636,0.0215176206863119
"glm_mis","PPI++","PPI++_crossfit",150,0.6,0.694,0.0206089301032344
"glm_mis","PPI++","PPI++_crossfit",150,0.6,0.694,0.0206089301032344
"glm_mis","PPI++","PPI++_crossfit",200,0,0.07,0.0114105214604767
"glm_mis","PPI++","PPI++_crossfit",200,0,0.07,0.0114105214604767
"glm_mis","PPI++","PPI++_crossfit",200,0.05,0.076,0.0118510759005248
"glm_mis","PPI++","PPI++_crossfit",200,0.05,0.076,0.0118510759005248
"glm_mis","PPI++","PPI++_crossfit",200,0.1,0.092,0.01292563344676
"glm_mis","PPI++","PPI++_crossfit",200,0.1,0.092,0.01292563344676
"glm_mis","PPI++","PPI++_crossfit",200,0.15,0.122,0.0146366662871024
"glm_mis","PPI++","PPI++_crossfit",200,0.15,0.122,0.0146366662871024
"glm_mis","PPI++","PPI++_crossfit",200,0.2,0.162,0.016477621187538
"glm_mis","PPI++","PPI++_crossfit",200,0.2,0.162,0.016477621187538
"glm_mis","PPI++","PPI++_crossfit",200,0.25,0.226,0.0187042241218394
"glm_mis","PPI++","PPI++_crossfit",200,0.25,0.226,0.0187042241218394
"glm_mis","PPI++","PPI++_crossfit",200,0.3,0.324,0.020929596269398
"glm_mis","PPI++","PPI++_crossfit",200,0.3,0.324,0.020929596269398
"glm_mis","PPI++","PPI++_crossfit",200,0.35,0.392,0.0218328193323721
"glm_mis","PPI++","PPI++_crossfit",200,0.35,0.392,0.0218328193323721
"glm_mis","PPI++","PPI++_crossfit",200,0.4,0.476,0.0223349054173059
"glm_mis","PPI++","PPI++_crossfit",200,0.4,0.476,0.0223349054173059
"glm_mis","PPI++","PPI++_crossfit",200,0.45,0.564,0.0221767445762447
"glm_mis","PPI++","PPI++_crossfit",200,0.45,0.564,0.0221767445762447
"glm_mis","PPI++","PPI++_crossfit",200,0.5,0.624,0.0216621328589777
"glm_mis","PPI++","PPI++_crossfit",200,0.5,0.624,0.0216621328589777
"glm_mis","PPI++","PPI++_crossfit",200,0.55,0.682,0.0208267136149706
"glm_mis","PPI++","PPI++_crossfit",200,0.55,0.682,0.0208267136149706
"glm_mis","PPI++","PPI++_crossfit",200,0.6,0.758,0.0191539029965174
"glm_mis","PPI++","PPI++_crossfit",200,0.6,0.758,0.0191539029965174
"glm_mis","PPI++","PPI++_crossfit",300,0,0.036,0.0083311463797007
"glm_mis","PPI++","PPI++_crossfit",300,0,0.036,0.0083311463797007
"glm_mis","PPI++","PPI++_crossfit",300,0.05,0.046,0.00936845771725528
"glm_mis","PPI++","PPI++_crossfit",300,0.05,0.046,0.00936845771725528
"glm_mis","PPI++","PPI++_crossfit",300,0.1,0.076,0.0118510759005248
"glm_mis","PPI++","PPI++_crossfit",300,0.1,0.076,0.0118510759005248
"glm_mis","PPI++","PPI++_crossfit",300,0.15,0.148,0.0158805541465026
"glm_mis","PPI++","PPI++_crossfit",300,0.15,0.148,0.0158805541465026
"glm_mis","PPI++","PPI++_crossfit",300,0.2,0.206,0.0180866801818355
"glm_mis","PPI++","PPI++_crossfit",300,0.2,0.206,0.0180866801818355
"glm_mis","PPI++","PPI++_crossfit",300,0.25,0.31,0.0206833266183175
"glm_mis","PPI++","PPI++_crossfit",300,0.25,0.31,0.0206833266183175
"glm_mis","PPI++","PPI++_crossfit",300,0.3,0.42,0.0220726074581142
"glm_mis","PPI++","PPI++_crossfit",300,0.3,0.42,0.0220726074581142
"glm_mis","PPI++","PPI++_crossfit",300,0.35,0.534,0.0223089219820232
"glm_mis","PPI++","PPI++_crossfit",300,0.35,0.534,0.0223089219820232
"glm_mis","PPI++","PPI++_crossfit",300,0.4,0.648,0.0213586516428355
"glm_mis","PPI++","PPI++_crossfit",300,0.4,0.648,0.0213586516428355
"glm_mis","PPI++","PPI++_crossfit",300,0.45,0.744,0.0195173768729304
"glm_mis","PPI++","PPI++_crossfit",300,0.45,0.744,0.0195173768729304
"glm_mis","PPI++","PPI++_crossfit",300,0.5,0.824,0.017030795636141
"glm_mis","PPI++","PPI++_crossfit",300,0.5,0.824,0.017030795636141
"glm_mis","PPI++","PPI++_crossfit",300,0.55,0.864,0.0153299706457645
"glm_mis","PPI++","PPI++_crossfit",300,0.55,0.864,0.0153299706457645
"glm_mis","PPI++","PPI++_crossfit",300,0.6,0.914,0.0125382614424808
"glm_mis","PPI++","PPI++_crossfit",300,0.6,0.914,0.0125382614424808
"glm_mis","PPI++","PPI++_independent_split",50,0,0.066,0.0111035129576184
"glm_mis","PPI++","PPI++_independent_split",50,0,0.066,0.0111035129576184
"glm_mis","PPI++","PPI++_independent_split",50,0.05,0.07,0.0114105214604767
"glm_mis","PPI++","PPI++_independent_split",50,0.05,0.07,0.0114105214604767
"glm_mis","PPI++","PPI++_independent_split",50,0.1,0.07,0.0114105214604767
"glm_mis","PPI++","PPI++_independent_split",50,0.1,0.07,0.0114105214604767
"glm_mis","PPI++","PPI++_independent_split",50,0.15,0.088,0.0126693330526907
"glm_mis","PPI++","PPI++_independent_split",50,0.15,0.088,0.0126693330526907
"glm_mis","PPI++","PPI++_independent_split",50,0.2,0.112,0.014103616557465
"glm_mis","PPI++","PPI++_independent_split",50,0.2,0.112,0.014103616557465
"glm_mis","PPI++","PPI++_independent_split",50,0.25,0.126,0.0148407546977908
"glm_mis","PPI++","PPI++_independent_split",50,0.25,0.126,0.0148407546977908
"glm_mis","PPI++","PPI++_independent_split",50,0.3,0.162,0.016477621187538
"glm_mis","PPI++","PPI++_independent_split",50,0.3,0.162,0.016477621187538
"glm_mis","PPI++","PPI++_independent_split",50,0.35,0.194,0.0176841171676734
"glm_mis","PPI++","PPI++_independent_split",50,0.35,0.194,0.0176841171676734
"glm_mis","PPI++","PPI++_independent_split",50,0.4,0.234,0.0189337793374698
"glm_mis","PPI++","PPI++_independent_split",50,0.4,0.234,0.0189337793374698
"glm_mis","PPI++","PPI++_independent_split",50,0.45,0.284,0.0201665068864194
"glm_mis","PPI++","PPI++_independent_split",50,0.45,0.284,0.0201665068864194
"glm_mis","PPI++","PPI++_independent_split",50,0.5,0.33,0.0210285520186246
"glm_mis","PPI++","PPI++_independent_split",50,0.5,0.33,0.0210285520186246
"glm_mis","PPI++","PPI++_independent_split",50,0.55,0.366,0.0215427017804174
"glm_mis","PPI++","PPI++_independent_split",50,0.55,0.366,0.0215427017804174
"glm_mis","PPI++","PPI++_independent_split",50,0.6,0.416,0.022042867327097
"glm_mis","PPI++","PPI++_independent_split",50,0.6,0.416,0.022042867327097
"glm_mis","PPI++","PPI++_independent_split",100,0,0.05,0.00974679434480896
"glm_mis","PPI++","PPI++_independent_split",100,0,0.05,0.00974679434480896
"glm_mis","PPI++","PPI++_independent_split",100,0.05,0.054,0.0101078187557949
"glm_mis","PPI++","PPI++_independent_split",100,0.05,0.054,0.0101078187557949
"glm_mis","PPI++","PPI++_independent_split",100,0.1,0.076,0.0118510759005248
"glm_mis","PPI++","PPI++_independent_split",100,0.1,0.076,0.0118510759005248
"glm_mis","PPI++","PPI++_independent_split",100,0.15,0.09,0.0127984374046209
"glm_mis","PPI++","PPI++_independent_split",100,0.15,0.09,0.0127984374046209
"glm_mis","PPI++","PPI++_independent_split",100,0.2,0.116,0.0143208938268531
"glm_mis","PPI++","PPI++_independent_split",100,0.2,0.116,0.0143208938268531
"glm_mis","PPI++","PPI++_independent_split",100,0.25,0.158,0.0163117135825762
"glm_mis","PPI++","PPI++_independent_split",100,0.25,0.158,0.0163117135825762
"glm_mis","PPI++","PPI++_independent_split",100,0.3,0.21,0.018215378118502
"glm_mis","PPI++","PPI++_independent_split",100,0.3,0.21,0.018215378118502
"glm_mis","PPI++","PPI++_independent_split",100,0.35,0.282,0.0201234191925726
"glm_mis","PPI++","PPI++_independent_split",100,0.35,0.282,0.0201234191925726
"glm_mis","PPI++","PPI++_independent_split",100,0.4,0.332,0.0210606742532142
"glm_mis","PPI++","PPI++_independent_split",100,0.4,0.332,0.0210606742532142
"glm_mis","PPI++","PPI++_independent_split",100,0.45,0.406,0.0219619671250095
"glm_mis","PPI++","PPI++_independent_split",100,0.45,0.406,0.0219619671250095
"glm_mis","PPI++","PPI++_independent_split",100,0.5,0.462,0.0222960086114085
"glm_mis","PPI++","PPI++_independent_split",100,0.5,0.462,0.0222960086114085
"glm_mis","PPI++","PPI++_independent_split",100,0.55,0.518,0.0223461853567896
"glm_mis","PPI++","PPI++_independent_split",100,0.55,0.518,0.0223461853567896
"glm_mis","PPI++","PPI++_independent_split",100,0.6,0.582,0.0220579237463547
"glm_mis","PPI++","PPI++_independent_split",100,0.6,0.582,0.0220579237463547
"glm_mis","PPI++","PPI++_independent_split",150,0,0.06,0.0106207344378814
"glm_mis","PPI++","PPI++_independent_split",150,0,0.06,0.0106207344378814
"glm_mis","PPI++","PPI++_independent_split",150,0.05,0.048,0.00955991631762538
"glm_mis","PPI++","PPI++_independent_split",150,0.05,0.048,0.00955991631762538
"glm_mis","PPI++","PPI++_independent_split",150,0.1,0.064,0.0109456840809517
"glm_mis","PPI++","PPI++_independent_split",150,0.1,0.064,0.0109456840809517
"glm_mis","PPI++","PPI++_independent_split",150,0.15,0.106,0.0137669168661687
"glm_mis","PPI++","PPI++_independent_split",150,0.15,0.106,0.0137669168661687
"glm_mis","PPI++","PPI++_independent_split",150,0.2,0.164,0.0165592270351004
"glm_mis","PPI++","PPI++_independent_split",150,0.2,0.164,0.0165592270351004
"glm_mis","PPI++","PPI++_independent_split",150,0.25,0.23,0.0188202019117755
"glm_mis","PPI++","PPI++_independent_split",150,0.25,0.23,0.0188202019117755
"glm_mis","PPI++","PPI++_independent_split",150,0.3,0.294,0.0203746901816936
"glm_mis","PPI++","PPI++_independent_split",150,0.3,0.294,0.0203746901816936
"glm_mis","PPI++","PPI++_independent_split",150,0.35,0.362,0.0214921380974532
"glm_mis","PPI++","PPI++_independent_split",150,0.35,0.362,0.0214921380974532
"glm_mis","PPI++","PPI++_independent_split",150,0.4,0.446,0.0222298897883008
"glm_mis","PPI++","PPI++_independent_split",150,0.4,0.446,0.0222298897883008
"glm_mis","PPI++","PPI++_independent_split",150,0.45,0.554,0.0222298897883008
"glm_mis","PPI++","PPI++_independent_split",150,0.45,0.554,0.0222298897883008
"glm_mis","PPI++","PPI++_independent_split",150,0.5,0.61,0.0218128402552258
"glm_mis","PPI++","PPI++_independent_split",150,0.5,0.61,0.0218128402552258
"glm_mis","PPI++","PPI++_independent_split",150,0.55,0.68,0.0208614476966485
"glm_mis","PPI++","PPI++_independent_split",150,0.55,0.68,0.0208614476966485
"glm_mis","PPI++","PPI++_independent_split",150,0.6,0.732,0.0198078772209442
"glm_mis","PPI++","PPI++_independent_split",150,0.6,0.732,0.0198078772209442
"glm_mis","PPI++","PPI++_independent_split",200,0,0.052,0.00992935043192655
"glm_mis","PPI++","PPI++_independent_split",200,0,0.052,0.00992935043192655
"glm_mis","PPI++","PPI++_independent_split",200,0.05,0.058,0.0104533248299285
"glm_mis","PPI++","PPI++_independent_split",200,0.05,0.058,0.0104533248299285
"glm_mis","PPI++","PPI++_independent_split",200,0.1,0.072,0.0115599307956406
"glm_mis","PPI++","PPI++_independent_split",200,0.1,0.072,0.0115599307956406
"glm_mis","PPI++","PPI++_independent_split",200,0.15,0.114,0.0142129518397833
"glm_mis","PPI++","PPI++_independent_split",200,0.15,0.114,0.0142129518397833
"glm_mis","PPI++","PPI++_independent_split",200,0.2,0.172,0.0168769665520792
"glm_mis","PPI++","PPI++_independent_split",200,0.2,0.172,0.0168769665520792
"glm_mis","PPI++","PPI++_independent_split",200,0.25,0.246,0.0192605295877346
"glm_mis","PPI++","PPI++_independent_split",200,0.25,0.246,0.0192605295877346
"glm_mis","PPI++","PPI++_independent_split",200,0.3,0.318,0.0208267136149706
"glm_mis","PPI++","PPI++_independent_split",200,0.3,0.318,0.0208267136149706
"glm_mis","PPI++","PPI++_independent_split",200,0.35,0.412,0.0220116332878776
"glm_mis","PPI++","PPI++_independent_split",200,0.35,0.412,0.0220116332878776
"glm_mis","PPI++","PPI++_independent_split",200,0.4,0.5,0.0223606797749979
"glm_mis","PPI++","PPI++_independent_split",200,0.4,0.5,0.0223606797749979
"glm_mis","PPI++","PPI++_independent_split",200,0.45,0.596,0.0219446576642243
"glm_mis","PPI++","PPI++_independent_split",200,0.45,0.596,0.0219446576642243
"glm_mis","PPI++","PPI++_independent_split",200,0.5,0.662,0.0211544794310803
"glm_mis","PPI++","PPI++_independent_split",200,0.5,0.662,0.0211544794310803
"glm_mis","PPI++","PPI++_independent_split",200,0.55,0.76,0.0190997382181013
"glm_mis","PPI++","PPI++_independent_split",200,0.55,0.76,0.0190997382181013
"glm_mis","PPI++","PPI++_independent_split",200,0.6,0.814,0.0174013792556797
"glm_mis","PPI++","PPI++_independent_split",200,0.6,0.814,0.0174013792556797
"glm_mis","PPI++","PPI++_independent_split",300,0,0.052,0.00992935043192655
"glm_mis","PPI++","PPI++_independent_split",300,0,0.052,0.00992935043192655
"glm_mis","PPI++","PPI++_independent_split",300,0.05,0.062,0.0107848041243223
"glm_mis","PPI++","PPI++_independent_split",300,0.05,0.062,0.0107848041243223
"glm_mis","PPI++","PPI++_independent_split",300,0.1,0.094,0.0130509769749241
"glm_mis","PPI++","PPI++_independent_split",300,0.1,0.094,0.0130509769749241
"glm_mis","PPI++","PPI++_independent_split",300,0.15,0.126,0.0148407546977908
"glm_mis","PPI++","PPI++_independent_split",300,0.15,0.126,0.0148407546977908
"glm_mis","PPI++","PPI++_independent_split",300,0.2,0.222,0.0185858010319706
"glm_mis","PPI++","PPI++_independent_split",300,0.2,0.222,0.0185858010319706
"glm_mis","PPI++","PPI++_independent_split",300,0.25,0.34,0.0211849002829846
"glm_mis","PPI++","PPI++_independent_split",300,0.25,0.34,0.0211849002829846
"glm_mis","PPI++","PPI++_independent_split",300,0.3,0.444,0.0222199909990981
"glm_mis","PPI++","PPI++_independent_split",300,0.3,0.444,0.0222199909990981
"glm_mis","PPI++","PPI++_independent_split",300,0.35,0.542,0.0222816516443463
"glm_mis","PPI++","PPI++_independent_split",300,0.35,0.542,0.0222816516443463
"glm_mis","PPI++","PPI++_independent_split",300,0.4,0.668,0.0210606742532142
"glm_mis","PPI++","PPI++_independent_split",300,0.4,0.668,0.0210606742532142
"glm_mis","PPI++","PPI++_independent_split",300,0.45,0.75,0.0193649167310371
"glm_mis","PPI++","PPI++_independent_split",300,0.45,0.75,0.0193649167310371
"glm_mis","PPI++","PPI++_independent_split",300,0.5,0.836,0.0165592270351004
"glm_mis","PPI++","PPI++_independent_split",300,0.5,0.836,0.0165592270351004
"glm_mis","PPI++","PPI++_independent_split",300,0.55,0.878,0.0146366662871024
"glm_mis","PPI++","PPI++_independent_split",300,0.55,0.878,0.0146366662871024
"glm_mis","PPI++","PPI++_independent_split",300,0.6,0.93,0.0114105214604767
"glm_mis","PPI++","PPI++_independent_split",300,0.6,0.93,0.0114105214604767
"glm_mis","PPI++","PPI++_noncrossfit",50,0,0.048,0.00955991631762538
"glm_mis","PPI++","PPI++_noncrossfit",50,0,0.048,0.00955991631762538
"glm_mis","PPI++","PPI++_noncrossfit",50,0.05,0.052,0.00992935043192655
"glm_mis","PPI++","PPI++_noncrossfit",50,0.05,0.052,0.00992935043192655
"glm_mis","PPI++","PPI++_noncrossfit",50,0.1,0.058,0.0104533248299285
"glm_mis","PPI++","PPI++_noncrossfit",50,0.1,0.058,0.0104533248299285
"glm_mis","PPI++","PPI++_noncrossfit",50,0.15,0.08,0.0121326007104825
"glm_mis","PPI++","PPI++_noncrossfit",50,0.15,0.08,0.0121326007104825
"glm_mis","PPI++","PPI++_noncrossfit",50,0.2,0.11,0.0139928553197694
"glm_mis","PPI++","PPI++_noncrossfit",50,0.2,0.11,0.0139928553197694
"glm_mis","PPI++","PPI++_noncrossfit",50,0.25,0.14,0.0155177317930167
"glm_mis","PPI++","PPI++_noncrossfit",50,0.25,0.14,0.0155177317930167
"glm_mis","PPI++","PPI++_noncrossfit",50,0.3,0.172,0.0168769665520792
"glm_mis","PPI++","PPI++_noncrossfit",50,0.3,0.172,0.0168769665520792
"glm_mis","PPI++","PPI++_noncrossfit",50,0.35,0.216,0.0184034779321736
"glm_mis","PPI++","PPI++_noncrossfit",50,0.35,0.216,0.0184034779321736
"glm_mis","PPI++","PPI++_noncrossfit",50,0.4,0.232,0.0188772879408034
"glm_mis","PPI++","PPI++_noncrossfit",50,0.4,0.232,0.0188772879408034
"glm_mis","PPI++","PPI++_noncrossfit",50,0.45,0.276,0.0199911980631477
"glm_mis","PPI++","PPI++_noncrossfit",50,0.45,0.276,0.0199911980631477
"glm_mis","PPI++","PPI++_noncrossfit",50,0.5,0.338,0.0211544794310803
"glm_mis","PPI++","PPI++_noncrossfit",50,0.5,0.338,0.0211544794310803
"glm_mis","PPI++","PPI++_noncrossfit",50,0.55,0.382,0.0217290588843604
"glm_mis","PPI++","PPI++_noncrossfit",50,0.55,0.382,0.0217290588843604
"glm_mis","PPI++","PPI++_noncrossfit",50,0.6,0.43,0.0221404606998138
"glm_mis","PPI++","PPI++_noncrossfit",50,0.6,0.43,0.0221404606998138
"glm_mis","PPI++","PPI++_noncrossfit",100,0,0.058,0.0104533248299285
"glm_mis","PPI++","PPI++_noncrossfit",100,0,0.058,0.0104533248299285
"glm_mis","PPI++","PPI++_noncrossfit",100,0.05,0.054,0.0101078187557949
"glm_mis","PPI++","PPI++_noncrossfit",100,0.05,0.054,0.0101078187557949
"glm_mis","PPI++","PPI++_noncrossfit",100,0.1,0.084,0.0124051602166195
"glm_mis","PPI++","PPI++_noncrossfit",100,0.1,0.084,0.0124051602166195
"glm_mis","PPI++","PPI++_noncrossfit",100,0.15,0.098,0.0132963152790538
"glm_mis","PPI++","PPI++_noncrossfit",100,0.15,0.098,0.0132963152790538
"glm_mis","PPI++","PPI++_noncrossfit",100,0.2,0.132,0.0151377673386798
"glm_mis","PPI++","PPI++_noncrossfit",100,0.2,0.132,0.0151377673386798
"glm_mis","PPI++","PPI++_noncrossfit",100,0.25,0.188,0.0174731794473702
"glm_mis","PPI++","PPI++_noncrossfit",100,0.25,0.188,0.0174731794473702
"glm_mis","PPI++","PPI++_noncrossfit",100,0.3,0.24,0.0190997382181013
"glm_mis","PPI++","PPI++_noncrossfit",100,0.3,0.24,0.0190997382181013
"glm_mis","PPI++","PPI++_noncrossfit",100,0.35,0.282,0.0201234191925726
"glm_mis","PPI++","PPI++_noncrossfit",100,0.35,0.282,0.0201234191925726
"glm_mis","PPI++","PPI++_noncrossfit",100,0.4,0.354,0.0213861637513604
"glm_mis","PPI++","PPI++_noncrossfit",100,0.4,0.354,0.0213861637513604
"glm_mis","PPI++","PPI++_noncrossfit",100,0.45,0.414,0.0220274374360705
"glm_mis","PPI++","PPI++_noncrossfit",100,0.45,0.414,0.0220274374360705
"glm_mis","PPI++","PPI++_noncrossfit",100,0.5,0.496,0.0223599642217961
"glm_mis","PPI++","PPI++_noncrossfit",100,0.5,0.496,0.0223599642217961
"glm_mis","PPI++","PPI++_noncrossfit",100,0.55,0.564,0.0221767445762447
"glm_mis","PPI++","PPI++_noncrossfit",100,0.55,0.564,0.0221767445762447
"glm_mis","PPI++","PPI++_noncrossfit",100,0.6,0.628,0.0216155499583055
"glm_mis","PPI++","PPI++_noncrossfit",100,0.6,0.628,0.0216155499583055
"glm_mis","PPI++","PPI++_noncrossfit",150,0,0.06,0.0106207344378814
"glm_mis","PPI++","PPI++_noncrossfit",150,0,0.06,0.0106207344378814
"glm_mis","PPI++","PPI++_noncrossfit",150,0.05,0.072,0.0115599307956406
"glm_mis","PPI++","PPI++_noncrossfit",150,0.05,0.072,0.0115599307956406
"glm_mis","PPI++","PPI++_noncrossfit",150,0.1,0.074,0.0117067501895274
"glm_mis","PPI++","PPI++_noncrossfit",150,0.1,0.074,0.0117067501895274
"glm_mis","PPI++","PPI++_noncrossfit",150,0.15,0.124,0.0147393351274744
"glm_mis","PPI++","PPI++_noncrossfit",150,0.15,0.124,0.0147393351274744
"glm_mis","PPI++","PPI++_noncrossfit",150,0.2,0.176,0.017030795636141
"glm_mis","PPI++","PPI++_noncrossfit",150,0.2,0.176,0.017030795636141
"glm_mis","PPI++","PPI++_noncrossfit",150,0.25,0.242,0.0191539029965174
"glm_mis","PPI++","PPI++_noncrossfit",150,0.25,0.242,0.0191539029965174
"glm_mis","PPI++","PPI++_noncrossfit",150,0.3,0.306,0.0206089301032344
"glm_mis","PPI++","PPI++_noncrossfit",150,0.3,0.306,0.0206089301032344
"glm_mis","PPI++","PPI++_noncrossfit",150,0.35,0.376,0.0216621328589777
"glm_mis","PPI++","PPI++_noncrossfit",150,0.35,0.376,0.0216621328589777
"glm_mis","PPI++","PPI++_noncrossfit",150,0.4,0.436,0.0221767445762447
"glm_mis","PPI++","PPI++_noncrossfit",150,0.4,0.436,0.0221767445762447
"glm_mis","PPI++","PPI++_noncrossfit",150,0.45,0.51,0.0223562071917398
"glm_mis","PPI++","PPI++_noncrossfit",150,0.45,0.51,0.0223562071917398
"glm_mis","PPI++","PPI++_noncrossfit",150,0.5,0.626,0.0216390387956582
"glm_mis","PPI++","PPI++_noncrossfit",150,0.5,0.626,0.0216390387956582
"glm_mis","PPI++","PPI++_noncrossfit",150,0.55,0.71,0.0202928558857545
"glm_mis","PPI++","PPI++_noncrossfit",150,0.55,0.71,0.0202928558857545
"glm_mis","PPI++","PPI++_noncrossfit",150,0.6,0.762,0.0190449993436597
"glm_mis","PPI++","PPI++_noncrossfit",150,0.6,0.762,0.0190449993436597
"glm_mis","PPI++","PPI++_noncrossfit",200,0,0.048,0.00955991631762538
"glm_mis","PPI++","PPI++_noncrossfit",200,0,0.048,0.00955991631762538
"glm_mis","PPI++","PPI++_noncrossfit",200,0.05,0.06,0.0106207344378814
"glm_mis","PPI++","PPI++_noncrossfit",200,0.05,0.06,0.0106207344378814
"glm_mis","PPI++","PPI++_noncrossfit",200,0.1,0.076,0.0118510759005248
"glm_mis","PPI++","PPI++_noncrossfit",200,0.1,0.076,0.0118510759005248
"glm_mis","PPI++","PPI++_noncrossfit",200,0.15,0.144,0.0157012101444443
"glm_mis","PPI++","PPI++_noncrossfit",200,0.15,0.144,0.0157012101444443
"glm_mis","PPI++","PPI++_noncrossfit",200,0.2,0.194,0.0176841171676734
"glm_mis","PPI++","PPI++_noncrossfit",200,0.2,0.194,0.0176841171676734
"glm_mis","PPI++","PPI++_noncrossfit",200,0.25,0.28,0.0200798406368178
"glm_mis","PPI++","PPI++_noncrossfit",200,0.25,0.28,0.0200798406368178
"glm_mis","PPI++","PPI++_noncrossfit",200,0.3,0.368,0.0215673827804859
"glm_mis","PPI++","PPI++_noncrossfit",200,0.3,0.368,0.0215673827804859
"glm_mis","PPI++","PPI++_noncrossfit",200,0.35,0.442,0.0222097275985096
"glm_mis","PPI++","PPI++_noncrossfit",200,0.35,0.442,0.0222097275985096
"glm_mis","PPI++","PPI++_noncrossfit",200,0.4,0.55,0.022248595461287
"glm_mis","PPI++","PPI++_noncrossfit",200,0.4,0.55,0.022248595461287
"glm_mis","PPI++","PPI++_noncrossfit",200,0.45,0.62,0.0217071416819442
"glm_mis","PPI++","PPI++_noncrossfit",200,0.45,0.62,0.0217071416819442
"glm_mis","PPI++","PPI++_noncrossfit",200,0.5,0.696,0.0205710476155202
"glm_mis","PPI++","PPI++_noncrossfit",200,0.5,0.696,0.0205710476155202
"glm_mis","PPI++","PPI++_noncrossfit",200,0.55,0.768,0.0188772879408034
"glm_mis","PPI++","PPI++_noncrossfit",200,0.55,0.768,0.0188772879408034
"glm_mis","PPI++","PPI++_noncrossfit",200,0.6,0.82,0.0171813852759316
"glm_mis","PPI++","PPI++_noncrossfit",200,0.6,0.82,0.0171813852759316
"glm_mis","PPI++","PPI++_noncrossfit",300,0,0.038,0.00855055553750749
"glm_mis","PPI++","PPI++_noncrossfit",300,0,0.038,0.00855055553750749
"glm_mis","PPI++","PPI++_noncrossfit",300,0.05,0.04,0.00876356092008266
"glm_mis","PPI++","PPI++_noncrossfit",300,0.05,0.04,0.00876356092008266
"glm_mis","PPI++","PPI++_noncrossfit",300,0.1,0.104,0.013651666564929
"glm_mis","PPI++","PPI++_noncrossfit",300,0.1,0.104,0.013651666564929
"glm_mis","PPI++","PPI++_noncrossfit",300,0.15,0.152,0.0160559023415067
"glm_mis","PPI++","PPI++_noncrossfit",300,0.15,0.152,0.0160559023415067
"glm_mis","PPI++","PPI++_noncrossfit",300,0.2,0.234,0.0189337793374698
"glm_mis","PPI++","PPI++_noncrossfit",300,0.2,0.234,0.0189337793374698
"glm_mis","PPI++","PPI++_noncrossfit",300,0.25,0.336,0.0211236360506424
"glm_mis","PPI++","PPI++_noncrossfit",300,0.25,0.336,0.0211236360506424
"glm_mis","PPI++","PPI++_noncrossfit",300,0.3,0.44,0.0221990990808186
"glm_mis","PPI++","PPI++_noncrossfit",300,0.3,0.44,0.0221990990808186
"glm_mis","PPI++","PPI++_noncrossfit",300,0.35,0.536,0.0223026455829796
"glm_mis","PPI++","PPI++_noncrossfit",300,0.35,0.536,0.0223026455829796
"glm_mis","PPI++","PPI++_noncrossfit",300,0.4,0.632,0.0215673827804859
"glm_mis","PPI++","PPI++_noncrossfit",300,0.4,0.632,0.0215673827804859
"glm_mis","PPI++","PPI++_noncrossfit",300,0.45,0.716,0.0201665068864194
"glm_mis","PPI++","PPI++_noncrossfit",300,0.45,0.716,0.0201665068864194
"glm_mis","PPI++","PPI++_noncrossfit",300,0.5,0.792,0.0181513635851415
"glm_mis","PPI++","PPI++_noncrossfit",300,0.5,0.792,0.0181513635851415
"glm_mis","PPI++","PPI++_noncrossfit",300,0.55,0.866,0.0152344346793703
"glm_mis","PPI++","PPI++_noncrossfit",300,0.55,0.866,0.0152344346793703
"glm_mis","PPI++","PPI++_noncrossfit",300,0.6,0.898,0.0135348439222623
"glm_mis","PPI++","PPI++_noncrossfit",300,0.6,0.898,0.0135348439222623
"glm_wrong","PPI","PPI_crossfit",50,0,0.048,0.00955991631762538
"glm_wrong","PPI","PPI_crossfit",50,0,0.048,0.00955991631762538
"glm_wrong","PPI","PPI_crossfit",50,0,0.048,0.00955991631762538
"glm_wrong","PPI","PPI_crossfit",50,0.05,0.044,0.00917213170424411
"glm_wrong","PPI","PPI_crossfit",50,0.05,0.044,0.00917213170424411
"glm_wrong","PPI","PPI_crossfit",50,0.05,0.044,0.00917213170424411
"glm_wrong","PPI","PPI_crossfit",50,0.1,0.042,0.00897061870775924
"glm_wrong","PPI","PPI_crossfit",50,0.1,0.042,0.00897061870775924
"glm_wrong","PPI","PPI_crossfit",50,0.1,0.042,0.00897061870775924
"glm_wrong","PPI","PPI_crossfit",50,0.15,0.062,0.0107848041243223
"glm_wrong","PPI","PPI_crossfit",50,0.15,0.062,0.0107848041243223
"glm_wrong","PPI","PPI_crossfit",50,0.15,0.062,0.0107848041243223
"glm_wrong","PPI","PPI_crossfit",50,0.2,0.068,0.0112584190719657
"glm_wrong","PPI","PPI_crossfit",50,0.2,0.068,0.0112584190719657
"glm_wrong","PPI","PPI_crossfit",50,0.2,0.068,0.0112584190719657
"glm_wrong","PPI","PPI_crossfit",50,0.25,0.068,0.0112584190719657
"glm_wrong","PPI","PPI_crossfit",50,0.25,0.068,0.0112584190719657
"glm_wrong","PPI","PPI_crossfit",50,0.25,0.068,0.0112584190719657
"glm_wrong","PPI","PPI_crossfit",50,0.3,0.08,0.0121326007104825
"glm_wrong","PPI","PPI_crossfit",50,0.3,0.08,0.0121326007104825
"glm_wrong","PPI","PPI_crossfit",50,0.3,0.08,0.0121326007104825
"glm_wrong","PPI","PPI_crossfit",50,0.35,0.09,0.0127984374046209
"glm_wrong","PPI","PPI_crossfit",50,0.35,0.09,0.0127984374046209
"glm_wrong","PPI","PPI_crossfit",50,0.35,0.09,0.0127984374046209
"glm_wrong","PPI","PPI_crossfit",50,0.4,0.11,0.0139928553197694
"glm_wrong","PPI","PPI_crossfit",50,0.4,0.11,0.0139928553197694
"glm_wrong","PPI","PPI_crossfit",50,0.4,0.11,0.0139928553197694
"glm_wrong","PPI","PPI_crossfit",50,0.45,0.13,0.0150399468084166
"glm_wrong","PPI","PPI_crossfit",50,0.45,0.13,0.0150399468084166
"glm_wrong","PPI","PPI_crossfit",50,0.45,0.13,0.0150399468084166
"glm_wrong","PPI","PPI_crossfit",50,0.5,0.156,0.0162273842624127
"glm_wrong","PPI","PPI_crossfit",50,0.5,0.156,0.0162273842624127
"glm_wrong","PPI","PPI_crossfit",50,0.5,0.156,0.0162273842624127
"glm_wrong","PPI","PPI_crossfit",50,0.55,0.184,0.0173288199251998
"glm_wrong","PPI","PPI_crossfit",50,0.55,0.184,0.0173288199251998
"glm_wrong","PPI","PPI_crossfit",50,0.55,0.184,0.0173288199251998
"glm_wrong","PPI","PPI_crossfit",50,0.6,0.214,0.0183414285157945
"glm_wrong","PPI","PPI_crossfit",50,0.6,0.214,0.0183414285157945
"glm_wrong","PPI","PPI_crossfit",50,0.6,0.214,0.0183414285157945
"glm_wrong","PPI","PPI_crossfit",100,0,0.042,0.00897061870775924
"glm_wrong","PPI","PPI_crossfit",100,0,0.042,0.00897061870775924
"glm_wrong","PPI","PPI_crossfit",100,0,0.042,0.00897061870775924
"glm_wrong","PPI","PPI_crossfit",100,0.05,0.042,0.00897061870775924
"glm_wrong","PPI","PPI_crossfit",100,0.05,0.042,0.00897061870775924
"glm_wrong","PPI","PPI_crossfit",100,0.05,0.042,0.00897061870775924
"glm_wrong","PPI","PPI_crossfit",100,0.1,0.046,0.00936845771725528
"glm_wrong","PPI","PPI_crossfit",100,0.1,0.046,0.00936845771725528
"glm_wrong","PPI","PPI_crossfit",100,0.1,0.046,0.00936845771725528
"glm_wrong","PPI","PPI_crossfit",100,0.15,0.058,0.0104533248299285
"glm_wrong","PPI","PPI_crossfit",100,0.15,0.058,0.0104533248299285
"glm_wrong","PPI","PPI_crossfit",100,0.15,0.058,0.0104533248299285
"glm_wrong","PPI","PPI_crossfit",100,0.2,0.082,0.0122699633251286
"glm_wrong","PPI","PPI_crossfit",100,0.2,0.082,0.0122699633251286
"glm_wrong","PPI","PPI_crossfit",100,0.2,0.082,0.0122699633251286
"glm_wrong","PPI","PPI_crossfit",100,0.25,0.088,0.0126693330526907
"glm_wrong","PPI","PPI_crossfit",100,0.25,0.088,0.0126693330526907
"glm_wrong","PPI","PPI_crossfit",100,0.25,0.088,0.0126693330526907
"glm_wrong","PPI","PPI_crossfit",100,0.3,0.108,0.0138806339912844
"glm_wrong","PPI","PPI_crossfit",100,0.3,0.108,0.0138806339912844
"glm_wrong","PPI","PPI_crossfit",100,0.3,0.108,0.0138806339912844
"glm_wrong","PPI","PPI_crossfit",100,0.35,0.136,0.0153299706457645
"glm_wrong","PPI","PPI_crossfit",100,0.35,0.136,0.0153299706457645
"glm_wrong","PPI","PPI_crossfit",100,0.35,0.136,0.0153299706457645
"glm_wrong","PPI","PPI_crossfit",100,0.4,0.182,0.0172554918793989
"glm_wrong","PPI","PPI_crossfit",100,0.4,0.182,0.0172554918793989
"glm_wrong","PPI","PPI_crossfit",100,0.4,0.182,0.0172554918793989
"glm_wrong","PPI","PPI_crossfit",100,0.45,0.22,0.0185256578830551
"glm_wrong","PPI","PPI_crossfit",100,0.45,0.22,0.0185256578830551
"glm_wrong","PPI","PPI_crossfit",100,0.45,0.22,0.0185256578830551
"glm_wrong","PPI","PPI_crossfit",100,0.5,0.28,0.0200798406368178
"glm_wrong","PPI","PPI_crossfit",100,0.5,0.28,0.0200798406368178
"glm_wrong","PPI","PPI_crossfit",100,0.5,0.28,0.0200798406368178
"glm_wrong","PPI","PPI_crossfit",100,0.55,0.308,0.0206463556106156
"glm_wrong","PPI","PPI_crossfit",100,0.55,0.308,0.0206463556106156
"glm_wrong","PPI","PPI_crossfit",100,0.55,0.308,0.0206463556106156
"glm_wrong","PPI","PPI_crossfit",100,0.6,0.346,0.021273645667821
"glm_wrong","PPI","PPI_crossfit",100,0.6,0.346,0.021273645667821
"glm_wrong","PPI","PPI_crossfit",100,0.6,0.346,0.021273645667821
"glm_wrong","PPI","PPI_crossfit",150,0,0.058,0.0104533248299285
"glm_wrong","PPI","PPI_crossfit",150,0,0.058,0.0104533248299285
"glm_wrong","PPI","PPI_crossfit",150,0,0.058,0.0104533248299285
"glm_wrong","PPI","PPI_crossfit",150,0.05,0.06,0.0106207344378814
"glm_wrong","PPI","PPI_crossfit",150,0.05,0.06,0.0106207344378814
"glm_wrong","PPI","PPI_crossfit",150,0.05,0.06,0.0106207344378814
"glm_wrong","PPI","PPI_crossfit",150,0.1,0.074,0.0117067501895274
"glm_wrong","PPI","PPI_crossfit",150,0.1,0.074,0.0117067501895274
"glm_wrong","PPI","PPI_crossfit",150,0.1,0.074,0.0117067501895274
"glm_wrong","PPI","PPI_crossfit",150,0.15,0.082,0.0122699633251286
"glm_wrong","PPI","PPI_crossfit",150,0.15,0.082,0.0122699633251286
"glm_wrong","PPI","PPI_crossfit",150,0.15,0.082,0.0122699633251286
"glm_wrong","PPI","PPI_crossfit",150,0.2,0.106,0.0137669168661687
"glm_wrong","PPI","PPI_crossfit",150,0.2,0.106,0.0137669168661687
"glm_wrong","PPI","PPI_crossfit",150,0.2,0.106,0.0137669168661687
"glm_wrong","PPI","PPI_crossfit",150,0.25,0.14,0.0155177317930167
"glm_wrong","PPI","PPI_crossfit",150,0.25,0.14,0.0155177317930167
"glm_wrong","PPI","PPI_crossfit",150,0.25,0.14,0.0155177317930167
"glm_wrong","PPI","PPI_crossfit",150,0.3,0.166,0.0166399519230075
"glm_wrong","PPI","PPI_crossfit",150,0.3,0.166,0.0166399519230075
"glm_wrong","PPI","PPI_crossfit",150,0.3,0.166,0.0166399519230075
"glm_wrong","PPI","PPI_crossfit",150,0.35,0.206,0.0180866801818355
"glm_wrong","PPI","PPI_crossfit",150,0.35,0.206,0.0180866801818355
"glm_wrong","PPI","PPI_crossfit",150,0.35,0.206,0.0180866801818355
"glm_wrong","PPI","PPI_crossfit",150,0.4,0.256,0.0195173768729304
"glm_wrong","PPI","PPI_crossfit",150,0.4,0.256,0.0195173768729304
"glm_wrong","PPI","PPI_crossfit",150,0.4,0.256,0.0195173768729304
"glm_wrong","PPI","PPI_crossfit",150,0.45,0.294,0.0203746901816936
"glm_wrong","PPI","PPI_crossfit",150,0.45,0.294,0.0203746901816936
"glm_wrong","PPI","PPI_crossfit",150,0.45,0.294,0.0203746901816936
"glm_wrong","PPI","PPI_crossfit",150,0.5,0.35,0.0213307290077015
"glm_wrong","PPI","PPI_crossfit",150,0.5,0.35,0.0213307290077015
"glm_wrong","PPI","PPI_crossfit",150,0.5,0.35,0.0213307290077015
"glm_wrong","PPI","PPI_crossfit",150,0.55,0.414,0.0220274374360705
"glm_wrong","PPI","PPI_crossfit",150,0.55,0.414,0.0220274374360705
"glm_wrong","PPI","PPI_crossfit",150,0.55,0.414,0.0220274374360705
"glm_wrong","PPI","PPI_crossfit",150,0.6,0.472,0.0223255906976725
"glm_wrong","PPI","PPI_crossfit",150,0.6,0.472,0.0223255906976725
"glm_wrong","PPI","PPI_crossfit",150,0.6,0.472,0.0223255906976725
"glm_wrong","PPI","PPI_crossfit",200,0,0.04,0.00876356092008266
"glm_wrong","PPI","PPI_crossfit",200,0,0.04,0.00876356092008266
"glm_wrong","PPI","PPI_crossfit",200,0,0.04,0.00876356092008266
"glm_wrong","PPI","PPI_crossfit",200,0.05,0.038,0.00855055553750749
"glm_wrong","PPI","PPI_crossfit",200,0.05,0.038,0.00855055553750749
"glm_wrong","PPI","PPI_crossfit",200,0.05,0.038,0.00855055553750749
"glm_wrong","PPI","PPI_crossfit",200,0.1,0.052,0.00992935043192655
"glm_wrong","PPI","PPI_crossfit",200,0.1,0.052,0.00992935043192655
"glm_wrong","PPI","PPI_crossfit",200,0.1,0.052,0.00992935043192655
"glm_wrong","PPI","PPI_crossfit",200,0.15,0.07,0.0114105214604767
"glm_wrong","PPI","PPI_crossfit",200,0.15,0.07,0.0114105214604767
"glm_wrong","PPI","PPI_crossfit",200,0.15,0.07,0.0114105214604767
"glm_wrong","PPI","PPI_crossfit",200,0.2,0.104,0.013651666564929
"glm_wrong","PPI","PPI_crossfit",200,0.2,0.104,0.013651666564929
"glm_wrong","PPI","PPI_crossfit",200,0.2,0.104,0.013651666564929
"glm_wrong","PPI","PPI_crossfit",200,0.25,0.14,0.0155177317930167
"glm_wrong","PPI","PPI_crossfit",200,0.25,0.14,0.0155177317930167
"glm_wrong","PPI","PPI_crossfit",200,0.25,0.14,0.0155177317930167
"glm_wrong","PPI","PPI_crossfit",200,0.3,0.194,0.0176841171676734
"glm_wrong","PPI","PPI_crossfit",200,0.3,0.194,0.0176841171676734
"glm_wrong","PPI","PPI_crossfit",200,0.3,0.194,0.0176841171676734
"glm_wrong","PPI","PPI_crossfit",200,0.35,0.244,0.0192074985357282
"glm_wrong","PPI","PPI_crossfit",200,0.35,0.244,0.0192074985357282
"glm_wrong","PPI","PPI_crossfit",200,0.35,0.244,0.0192074985357282
"glm_wrong","PPI","PPI_crossfit",200,0.4,0.302,0.0205327056181108
"glm_wrong","PPI","PPI_crossfit",200,0.4,0.302,0.0205327056181108
"glm_wrong","PPI","PPI_crossfit",200,0.4,0.302,0.0205327056181108
"glm_wrong","PPI","PPI_crossfit",200,0.45,0.362,0.0214921380974532
"glm_wrong","PPI","PPI_crossfit",200,0.45,0.362,0.0214921380974532
"glm_wrong","PPI","PPI_crossfit",200,0.45,0.362,0.0214921380974532
"glm_wrong","PPI","PPI_crossfit",200,0.5,0.426,0.0221144296783797
"glm_wrong","PPI","PPI_crossfit",200,0.5,0.426,0.0221144296783797
"glm_wrong","PPI","PPI_crossfit",200,0.5,0.426,0.0221144296783797
"glm_wrong","PPI","PPI_crossfit",200,0.55,0.478,0.0223390241505756
"glm_wrong","PPI","PPI_crossfit",200,0.55,0.478,0.0223390241505756
"glm_wrong","PPI","PPI_crossfit",200,0.55,0.478,0.0223390241505756
"glm_wrong","PPI","PPI_crossfit",200,0.6,0.544,0.0222739309507774
"glm_wrong","PPI","PPI_crossfit",200,0.6,0.544,0.0222739309507774
"glm_wrong","PPI","PPI_crossfit",200,0.6,0.544,0.0222739309507774
"glm_wrong","PPI","PPI_crossfit",300,0,0.04,0.00876356092008266
"glm_wrong","PPI","PPI_crossfit",300,0,0.04,0.00876356092008266
"glm_wrong","PPI","PPI_crossfit",300,0,0.04,0.00876356092008266
"glm_wrong","PPI","PPI_crossfit",300,0.05,0.036,0.0083311463797007
"glm_wrong","PPI","PPI_crossfit",300,0.05,0.036,0.0083311463797007
"glm_wrong","PPI","PPI_crossfit",300,0.05,0.036,0.0083311463797007
"glm_wrong","PPI","PPI_crossfit",300,0.1,0.05,0.00974679434480896
"glm_wrong","PPI","PPI_crossfit",300,0.1,0.05,0.00974679434480896
"glm_wrong","PPI","PPI_crossfit",300,0.1,0.05,0.00974679434480896
"glm_wrong","PPI","PPI_crossfit",300,0.15,0.082,0.0122699633251286
"glm_wrong","PPI","PPI_crossfit",300,0.15,0.082,0.0122699633251286
"glm_wrong","PPI","PPI_crossfit",300,0.15,0.082,0.0122699633251286
"glm_wrong","PPI","PPI_crossfit",300,0.2,0.13,0.0150399468084166
"glm_wrong","PPI","PPI_crossfit",300,0.2,0.13,0.0150399468084166
"glm_wrong","PPI","PPI_crossfit",300,0.2,0.13,0.0150399468084166
"glm_wrong","PPI","PPI_crossfit",300,0.25,0.2,0.0178885438199983
"glm_wrong","PPI","PPI_crossfit",300,0.25,0.2,0.0178885438199983
"glm_wrong","PPI","PPI_crossfit",300,0.25,0.2,0.0178885438199983
"glm_wrong","PPI","PPI_crossfit",300,0.3,0.264,0.0197131428240146
"glm_wrong","PPI","PPI_crossfit",300,0.3,0.264,0.0197131428240146
"glm_wrong","PPI","PPI_crossfit",300,0.3,0.264,0.0197131428240146
"glm_wrong","PPI","PPI_crossfit",300,0.35,0.348,0.0213023942316351
"glm_wrong","PPI","PPI_crossfit",300,0.35,0.348,0.0213023942316351
"glm_wrong","PPI","PPI_crossfit",300,0.35,0.348,0.0213023942316351
"glm_wrong","PPI","PPI_crossfit",300,0.4,0.428,0.022127629787214
"glm_wrong","PPI","PPI_crossfit",300,0.4,0.428,0.022127629787214
"glm_wrong","PPI","PPI_crossfit",300,0.4,0.428,0.022127629787214
"glm_wrong","PPI","PPI_crossfit",300,0.45,0.506,0.022359069748091
"glm_wrong","PPI","PPI_crossfit",300,0.45,0.506,0.022359069748091
"glm_wrong","PPI","PPI_crossfit",300,0.45,0.506,0.022359069748091
"glm_wrong","PPI","PPI_crossfit",300,0.5,0.578,0.0220869192057199
"glm_wrong","PPI","PPI_crossfit",300,0.5,0.578,0.0220869192057199
"glm_wrong","PPI","PPI_crossfit",300,0.5,0.578,0.0220869192057199
"glm_wrong","PPI","PPI_crossfit",300,0.55,0.656,0.0212444816364156
"glm_wrong","PPI","PPI_crossfit",300,0.55,0.656,0.0212444816364156
"glm_wrong","PPI","PPI_crossfit",300,0.55,0.656,0.0212444816364156
"glm_wrong","PPI","PPI_crossfit",300,0.6,0.72,0.0200798406368178
"glm_wrong","PPI","PPI_crossfit",300,0.6,0.72,0.0200798406368178
"glm_wrong","PPI","PPI_crossfit",300,0.6,0.72,0.0200798406368178
"glm_wrong","PPI","PPI_noncrossfit",50,0,0.036,0.0083311463797007
"glm_wrong","PPI","PPI_noncrossfit",50,0,0.036,0.0083311463797007
"glm_wrong","PPI","PPI_noncrossfit",50,0,0.036,0.0083311463797007
"glm_wrong","PPI","PPI_noncrossfit",50,0.05,0.042,0.00897061870775924
"glm_wrong","PPI","PPI_noncrossfit",50,0.05,0.042,0.00897061870775924
"glm_wrong","PPI","PPI_noncrossfit",50,0.05,0.042,0.00897061870775924
"glm_wrong","PPI","PPI_noncrossfit",50,0.1,0.054,0.0101078187557949
"glm_wrong","PPI","PPI_noncrossfit",50,0.1,0.054,0.0101078187557949
"glm_wrong","PPI","PPI_noncrossfit",50,0.1,0.054,0.0101078187557949
"glm_wrong","PPI","PPI_noncrossfit",50,0.15,0.058,0.0104533248299285
"glm_wrong","PPI","PPI_noncrossfit",50,0.15,0.058,0.0104533248299285
"glm_wrong","PPI","PPI_noncrossfit",50,0.15,0.058,0.0104533248299285
"glm_wrong","PPI","PPI_noncrossfit",50,0.2,0.058,0.0104533248299285
"glm_wrong","PPI","PPI_noncrossfit",50,0.2,0.058,0.0104533248299285
"glm_wrong","PPI","PPI_noncrossfit",50,0.2,0.058,0.0104533248299285
"glm_wrong","PPI","PPI_noncrossfit",50,0.25,0.078,0.0119929979571415
"glm_wrong","PPI","PPI_noncrossfit",50,0.25,0.078,0.0119929979571415
"glm_wrong","PPI","PPI_noncrossfit",50,0.25,0.078,0.0119929979571415
"glm_wrong","PPI","PPI_noncrossfit",50,0.3,0.09,0.0127984374046209
"glm_wrong","PPI","PPI_noncrossfit",50,0.3,0.09,0.0127984374046209
"glm_wrong","PPI","PPI_noncrossfit",50,0.3,0.09,0.0127984374046209
"glm_wrong","PPI","PPI_noncrossfit",50,0.35,0.116,0.0143208938268531
"glm_wrong","PPI","PPI_noncrossfit",50,0.35,0.116,0.0143208938268531
"glm_wrong","PPI","PPI_noncrossfit",50,0.35,0.116,0.0143208938268531
"glm_wrong","PPI","PPI_noncrossfit",50,0.4,0.124,0.0147393351274744
"glm_wrong","PPI","PPI_noncrossfit",50,0.4,0.124,0.0147393351274744
"glm_wrong","PPI","PPI_noncrossfit",50,0.4,0.124,0.0147393351274744
"glm_wrong","PPI","PPI_noncrossfit",50,0.45,0.146,0.015791390059143
"glm_wrong","PPI","PPI_noncrossfit",50,0.45,0.146,0.015791390059143
"glm_wrong","PPI","PPI_noncrossfit",50,0.45,0.146,0.015791390059143
"glm_wrong","PPI","PPI_noncrossfit",50,0.5,0.166,0.0166399519230075
"glm_wrong","PPI","PPI_noncrossfit",50,0.5,0.166,0.0166399519230075
"glm_wrong","PPI","PPI_noncrossfit",50,0.5,0.166,0.0166399519230075
"glm_wrong","PPI","PPI_noncrossfit",50,0.55,0.206,0.0180866801818355
"glm_wrong","PPI","PPI_noncrossfit",50,0.55,0.206,0.0180866801818355
"glm_wrong","PPI","PPI_noncrossfit",50,0.55,0.206,0.0180866801818355
"glm_wrong","PPI","PPI_noncrossfit",50,0.6,0.228,0.0187625158227781
"glm_wrong","PPI","PPI_noncrossfit",50,0.6,0.228,0.0187625158227781
"glm_wrong","PPI","PPI_noncrossfit",50,0.6,0.228,0.0187625158227781
"glm_wrong","PPI","PPI_noncrossfit",100,0,0.044,0.00917213170424411
"glm_wrong","PPI","PPI_noncrossfit",100,0,0.044,0.00917213170424411
"glm_wrong","PPI","PPI_noncrossfit",100,0,0.044,0.00917213170424411
"glm_wrong","PPI","PPI_noncrossfit",100,0.05,0.042,0.00897061870775924
"glm_wrong","PPI","PPI_noncrossfit",100,0.05,0.042,0.00897061870775924
"glm_wrong","PPI","PPI_noncrossfit",100,0.05,0.042,0.00897061870775924
"glm_wrong","PPI","PPI_noncrossfit",100,0.1,0.05,0.00974679434480896
"glm_wrong","PPI","PPI_noncrossfit",100,0.1,0.05,0.00974679434480896
"glm_wrong","PPI","PPI_noncrossfit",100,0.1,0.05,0.00974679434480896
"glm_wrong","PPI","PPI_noncrossfit",100,0.15,0.048,0.00955991631762538
"glm_wrong","PPI","PPI_noncrossfit",100,0.15,0.048,0.00955991631762538
"glm_wrong","PPI","PPI_noncrossfit",100,0.15,0.048,0.00955991631762538
"glm_wrong","PPI","PPI_noncrossfit",100,0.2,0.072,0.0115599307956406
"glm_wrong","PPI","PPI_noncrossfit",100,0.2,0.072,0.0115599307956406
"glm_wrong","PPI","PPI_noncrossfit",100,0.2,0.072,0.0115599307956406
"glm_wrong","PPI","PPI_noncrossfit",100,0.25,0.088,0.0126693330526907
"glm_wrong","PPI","PPI_noncrossfit",100,0.25,0.088,0.0126693330526907
"glm_wrong","PPI","PPI_noncrossfit",100,0.25,0.088,0.0126693330526907
"glm_wrong","PPI","PPI_noncrossfit",100,0.3,0.102,0.0135348439222623
"glm_wrong","PPI","PPI_noncrossfit",100,0.3,0.102,0.0135348439222623
"glm_wrong","PPI","PPI_noncrossfit",100,0.3,0.102,0.0135348439222623
"glm_wrong","PPI","PPI_noncrossfit",100,0.35,0.132,0.0151377673386798
"glm_wrong","PPI","PPI_noncrossfit",100,0.35,0.132,0.0151377673386798
"glm_wrong","PPI","PPI_noncrossfit",100,0.35,0.132,0.0151377673386798
"glm_wrong","PPI","PPI_noncrossfit",100,0.4,0.162,0.016477621187538
"glm_wrong","PPI","PPI_noncrossfit",100,0.4,0.162,0.016477621187538
"glm_wrong","PPI","PPI_noncrossfit",100,0.4,0.162,0.016477621187538
"glm_wrong","PPI","PPI_noncrossfit",100,0.45,0.2,0.0178885438199983
"glm_wrong","PPI","PPI_noncrossfit",100,0.45,0.2,0.0178885438199983
"glm_wrong","PPI","PPI_noncrossfit",100,0.45,0.2,0.0178885438199983
"glm_wrong","PPI","PPI_noncrossfit",100,0.5,0.226,0.0187042241218394
"glm_wrong","PPI","PPI_noncrossfit",100,0.5,0.226,0.0187042241218394
"glm_wrong","PPI","PPI_noncrossfit",100,0.5,0.226,0.0187042241218394
"glm_wrong","PPI","PPI_noncrossfit",100,0.55,0.266,0.0197607692157972
"glm_wrong","PPI","PPI_noncrossfit",100,0.55,0.266,0.0197607692157972
"glm_wrong","PPI","PPI_noncrossfit",100,0.55,0.266,0.0197607692157972
"glm_wrong","PPI","PPI_noncrossfit",100,0.6,0.326,0.0209630150503214
"glm_wrong","PPI","PPI_noncrossfit",100,0.6,0.326,0.0209630150503214
"glm_wrong","PPI","PPI_noncrossfit",100,0.6,0.326,0.0209630150503214
"glm_wrong","PPI","PPI_noncrossfit",150,0,0.046,0.00936845771725528
"glm_wrong","PPI","PPI_noncrossfit",150,0,0.046,0.00936845771725528
"glm_wrong","PPI","PPI_noncrossfit",150,0,0.046,0.00936845771725528
"glm_wrong","PPI","PPI_noncrossfit",150,0.05,0.044,0.00917213170424411
"glm_wrong","PPI","PPI_noncrossfit",150,0.05,0.044,0.00917213170424411
"glm_wrong","PPI","PPI_noncrossfit",150,0.05,0.044,0.00917213170424411
"glm_wrong","PPI","PPI_noncrossfit",150,0.1,0.048,0.00955991631762538
"glm_wrong","PPI","PPI_noncrossfit",150,0.1,0.048,0.00955991631762538
"glm_wrong","PPI","PPI_noncrossfit",150,0.1,0.048,0.00955991631762538
"glm_wrong","PPI","PPI_noncrossfit",150,0.15,0.068,0.0112584190719657
"glm_wrong","PPI","PPI_noncrossfit",150,0.15,0.068,0.0112584190719657
"glm_wrong","PPI","PPI_noncrossfit",150,0.15,0.068,0.0112584190719657
"glm_wrong","PPI","PPI_noncrossfit",150,0.2,0.088,0.0126693330526907
"glm_wrong","PPI","PPI_noncrossfit",150,0.2,0.088,0.0126693330526907
"glm_wrong","PPI","PPI_noncrossfit",150,0.2,0.088,0.0126693330526907
"glm_wrong","PPI","PPI_noncrossfit",150,0.25,0.124,0.0147393351274744
"glm_wrong","PPI","PPI_noncrossfit",150,0.25,0.124,0.0147393351274744
"glm_wrong","PPI","PPI_noncrossfit",150,0.25,0.124,0.0147393351274744
"glm_wrong","PPI","PPI_noncrossfit",150,0.3,0.146,0.015791390059143
"glm_wrong","PPI","PPI_noncrossfit",150,0.3,0.146,0.015791390059143
"glm_wrong","PPI","PPI_noncrossfit",150,0.3,0.146,0.015791390059143
"glm_wrong","PPI","PPI_noncrossfit",150,0.35,0.188,0.0174731794473702
"glm_wrong","PPI","PPI_noncrossfit",150,0.35,0.188,0.0174731794473702
"glm_wrong","PPI","PPI_noncrossfit",150,0.35,0.188,0.0174731794473702
"glm_wrong","PPI","PPI_noncrossfit",150,0.4,0.242,0.0191539029965174
"glm_wrong","PPI","PPI_noncrossfit",150,0.4,0.242,0.0191539029965174
"glm_wrong","PPI","PPI_noncrossfit",150,0.4,0.242,0.0191539029965174
"glm_wrong","PPI","PPI_noncrossfit",150,0.45,0.304,0.0205710476155202
"glm_wrong","PPI","PPI_noncrossfit",150,0.45,0.304,0.0205710476155202
"glm_wrong","PPI","PPI_noncrossfit",150,0.45,0.304,0.0205710476155202
"glm_wrong","PPI","PPI_noncrossfit",150,0.5,0.352,0.0213586516428355
"glm_wrong","PPI","PPI_noncrossfit",150,0.5,0.352,0.0213586516428355
"glm_wrong","PPI","PPI_noncrossfit",150,0.5,0.352,0.0213586516428355
"glm_wrong","PPI","PPI_noncrossfit",150,0.55,0.41,0.0219954540757858
"glm_wrong","PPI","PPI_noncrossfit",150,0.55,0.41,0.0219954540757858
"glm_wrong","PPI","PPI_noncrossfit",150,0.55,0.41,0.0219954540757858
"glm_wrong","PPI","PPI_noncrossfit",150,0.6,0.468,0.0223148381127894
"glm_wrong","PPI","PPI_noncrossfit",150,0.6,0.468,0.0223148381127894
"glm_wrong","PPI","PPI_noncrossfit",150,0.6,0.468,0.0223148381127894
"glm_wrong","PPI","PPI_noncrossfit",200,0,0.05,0.00974679434480896
"glm_wrong","PPI","PPI_noncrossfit",200,0,0.05,0.00974679434480896
"glm_wrong","PPI","PPI_noncrossfit",200,0,0.05,0.00974679434480896
"glm_wrong","PPI","PPI_noncrossfit",200,0.05,0.058,0.0104533248299285
"glm_wrong","PPI","PPI_noncrossfit",200,0.05,0.058,0.0104533248299285
"glm_wrong","PPI","PPI_noncrossfit",200,0.05,0.058,0.0104533248299285
"glm_wrong","PPI","PPI_noncrossfit",200,0.1,0.068,0.0112584190719657
"glm_wrong","PPI","PPI_noncrossfit",200,0.1,0.068,0.0112584190719657
"glm_wrong","PPI","PPI_noncrossfit",200,0.1,0.068,0.0112584190719657
"glm_wrong","PPI","PPI_noncrossfit",200,0.15,0.074,0.0117067501895274
"glm_wrong","PPI","PPI_noncrossfit",200,0.15,0.074,0.0117067501895274
"glm_wrong","PPI","PPI_noncrossfit",200,0.15,0.074,0.0117067501895274
"glm_wrong","PPI","PPI_noncrossfit",200,0.2,0.102,0.0135348439222623
"glm_wrong","PPI","PPI_noncrossfit",200,0.2,0.102,0.0135348439222623
"glm_wrong","PPI","PPI_noncrossfit",200,0.2,0.102,0.0135348439222623
"glm_wrong","PPI","PPI_noncrossfit",200,0.25,0.14,0.0155177317930167
"glm_wrong","PPI","PPI_noncrossfit",200,0.25,0.14,0.0155177317930167
"glm_wrong","PPI","PPI_noncrossfit",200,0.25,0.14,0.0155177317930167
"glm_wrong","PPI","PPI_noncrossfit",200,0.3,0.186,0.0174013792556797
"glm_wrong","PPI","PPI_noncrossfit",200,0.3,0.186,0.0174013792556797
"glm_wrong","PPI","PPI_noncrossfit",200,0.3,0.186,0.0174013792556797
"glm_wrong","PPI","PPI_noncrossfit",200,0.35,0.24,0.0190997382181013
"glm_wrong","PPI","PPI_noncrossfit",200,0.35,0.24,0.0190997382181013
"glm_wrong","PPI","PPI_noncrossfit",200,0.35,0.24,0.0190997382181013
"glm_wrong","PPI","PPI_noncrossfit",200,0.4,0.286,0.0202091068580479
"glm_wrong","PPI","PPI_noncrossfit",200,0.4,0.286,0.0202091068580479
"glm_wrong","PPI","PPI_noncrossfit",200,0.4,0.286,0.0202091068580479
"glm_wrong","PPI","PPI_noncrossfit",200,0.45,0.342,0.0212149004239945
"glm_wrong","PPI","PPI_noncrossfit",200,0.45,0.342,0.0212149004239945
"glm_wrong","PPI","PPI_noncrossfit",200,0.45,0.342,0.0212149004239945
"glm_wrong","PPI","PPI_noncrossfit",200,0.5,0.41,0.0219954540757858
"glm_wrong","PPI","PPI_noncrossfit",200,0.5,0.41,0.0219954540757858
"glm_wrong","PPI","PPI_noncrossfit",200,0.5,0.41,0.0219954540757858
"glm_wrong","PPI","PPI_noncrossfit",200,0.55,0.46,0.0222890107452081
"glm_wrong","PPI","PPI_noncrossfit",200,0.55,0.46,0.0222890107452081
"glm_wrong","PPI","PPI_noncrossfit",200,0.55,0.46,0.0222890107452081
"glm_wrong","PPI","PPI_noncrossfit",200,0.6,0.524,0.0223349054173059
"glm_wrong","PPI","PPI_noncrossfit",200,0.6,0.524,0.0223349054173059
"glm_wrong","PPI","PPI_noncrossfit",200,0.6,0.524,0.0223349054173059
"glm_wrong","PPI","PPI_noncrossfit",300,0,0.034,0.00810481338464989
"glm_wrong","PPI","PPI_noncrossfit",300,0,0.034,0.00810481338464989
"glm_wrong","PPI","PPI_noncrossfit",300,0,0.034,0.00810481338464989
"glm_wrong","PPI","PPI_noncrossfit",300,0.05,0.04,0.00876356092008266
"glm_wrong","PPI","PPI_noncrossfit",300,0.05,0.04,0.00876356092008266
"glm_wrong","PPI","PPI_noncrossfit",300,0.05,0.04,0.00876356092008266
"glm_wrong","PPI","PPI_noncrossfit",300,0.1,0.06,0.0106207344378814
"glm_wrong","PPI","PPI_noncrossfit",300,0.1,0.06,0.0106207344378814
"glm_wrong","PPI","PPI_noncrossfit",300,0.1,0.06,0.0106207344378814
"glm_wrong","PPI","PPI_noncrossfit",300,0.15,0.084,0.0124051602166195
"glm_wrong","PPI","PPI_noncrossfit",300,0.15,0.084,0.0124051602166195
"glm_wrong","PPI","PPI_noncrossfit",300,0.15,0.084,0.0124051602166195
"glm_wrong","PPI","PPI_noncrossfit",300,0.2,0.126,0.0148407546977908
"glm_wrong","PPI","PPI_noncrossfit",300,0.2,0.126,0.0148407546977908
"glm_wrong","PPI","PPI_noncrossfit",300,0.2,0.126,0.0148407546977908
"glm_wrong","PPI","PPI_noncrossfit",300,0.25,0.168,0.0167198086113448
"glm_wrong","PPI","PPI_noncrossfit",300,0.25,0.168,0.0167198086113448
"glm_wrong","PPI","PPI_noncrossfit",300,0.25,0.168,0.0167198086113448
"glm_wrong","PPI","PPI_noncrossfit",300,0.3,0.216,0.0184034779321736
"glm_wrong","PPI","PPI_noncrossfit",300,0.3,0.216,0.0184034779321736
"glm_wrong","PPI","PPI_noncrossfit",300,0.3,0.216,0.0184034779321736
"glm_wrong","PPI","PPI_noncrossfit",300,0.35,0.296,0.0204148965219028
"glm_wrong","PPI","PPI_noncrossfit",300,0.35,0.296,0.0204148965219028
"glm_wrong","PPI","PPI_noncrossfit",300,0.35,0.296,0.0204148965219028
"glm_wrong","PPI","PPI_noncrossfit",300,0.4,0.384,0.021750586198997
"glm_wrong","PPI","PPI_noncrossfit",300,0.4,0.384,0.021750586198997
"glm_wrong","PPI","PPI_noncrossfit",300,0.4,0.384,0.021750586198997
"glm_wrong","PPI","PPI_noncrossfit",300,0.45,0.468,0.0223148381127894
"glm_wrong","PPI","PPI_noncrossfit",300,0.45,0.468,0.0223148381127894
"glm_wrong","PPI","PPI_noncrossfit",300,0.45,0.468,0.0223148381127894
"glm_wrong","PPI","PPI_noncrossfit",300,0.5,0.544,0.0222739309507774
"glm_wrong","PPI","PPI_noncrossfit",300,0.5,0.544,0.0222739309507774
"glm_wrong","PPI","PPI_noncrossfit",300,0.5,0.544,0.0222739309507774
"glm_wrong","PPI","PPI_noncrossfit",300,0.55,0.636,0.0215176206863119
"glm_wrong","PPI","PPI_noncrossfit",300,0.55,0.636,0.0215176206863119
"glm_wrong","PPI","PPI_noncrossfit",300,0.55,0.636,0.0215176206863119
"glm_wrong","PPI","PPI_noncrossfit",300,0.6,0.686,0.0207559148196364
"glm_wrong","PPI","PPI_noncrossfit",300,0.6,0.686,0.0207559148196364
"glm_wrong","PPI","PPI_noncrossfit",300,0.6,0.686,0.0207559148196364
"glm_wrong","PPI++","PPI++_crossfit",50,0,0.046,0.00936845771725528
"glm_wrong","PPI++","PPI++_crossfit",50,0,0.046,0.00936845771725528
"glm_wrong","PPI++","PPI++_crossfit",50,0.05,0.046,0.00936845771725528
"glm_wrong","PPI++","PPI++_crossfit",50,0.05,0.046,0.00936845771725528
"glm_wrong","PPI++","PPI++_crossfit",50,0.1,0.05,0.00974679434480896
"glm_wrong","PPI++","PPI++_crossfit",50,0.1,0.05,0.00974679434480896
"glm_wrong","PPI++","PPI++_crossfit",50,0.15,0.064,0.0109456840809517
"glm_wrong","PPI++","PPI++_crossfit",50,0.15,0.064,0.0109456840809517
"glm_wrong","PPI++","PPI++_crossfit",50,0.2,0.074,0.0117067501895274
"glm_wrong","PPI++","PPI++_crossfit",50,0.2,0.074,0.0117067501895274
"glm_wrong","PPI++","PPI++_crossfit",50,0.25,0.078,0.0119929979571415
"glm_wrong","PPI++","PPI++_crossfit",50,0.25,0.078,0.0119929979571415
"glm_wrong","PPI++","PPI++_crossfit",50,0.3,0.094,0.0130509769749241
"glm_wrong","PPI++","PPI++_crossfit",50,0.3,0.094,0.0130509769749241
"glm_wrong","PPI++","PPI++_crossfit",50,0.35,0.122,0.0146366662871024
"glm_wrong","PPI++","PPI++_crossfit",50,0.35,0.122,0.0146366662871024
"glm_wrong","PPI++","PPI++_crossfit",50,0.4,0.136,0.0153299706457645
"glm_wrong","PPI++","PPI++_crossfit",50,0.4,0.136,0.0153299706457645
"glm_wrong","PPI++","PPI++_crossfit",50,0.45,0.154,0.016142118820031
"glm_wrong","PPI++","PPI++_crossfit",50,0.45,0.154,0.016142118820031
"glm_wrong","PPI++","PPI++_crossfit",50,0.5,0.19,0.0175442298206561
"glm_wrong","PPI++","PPI++_crossfit",50,0.5,0.19,0.0175442298206561
"glm_wrong","PPI++","PPI++_crossfit",50,0.55,0.23,0.0188202019117755
"glm_wrong","PPI++","PPI++_crossfit",50,0.55,0.23,0.0188202019117755
"glm_wrong","PPI++","PPI++_crossfit",50,0.6,0.258,0.0195671152702691
"glm_wrong","PPI++","PPI++_crossfit",50,0.6,0.258,0.0195671152702691
"glm_wrong","PPI++","PPI++_crossfit",100,0,0.046,0.00936845771725528
"glm_wrong","PPI++","PPI++_crossfit",100,0,0.046,0.00936845771725528
"glm_wrong","PPI++","PPI++_crossfit",100,0.05,0.044,0.00917213170424411
"glm_wrong","PPI++","PPI++_crossfit",100,0.05,0.044,0.00917213170424411
"glm_wrong","PPI++","PPI++_crossfit",100,0.1,0.054,0.0101078187557949
"glm_wrong","PPI++","PPI++_crossfit",100,0.1,0.054,0.0101078187557949
"glm_wrong","PPI++","PPI++_crossfit",100,0.15,0.056,0.0102824121683582
"glm_wrong","PPI++","PPI++_crossfit",100,0.15,0.056,0.0102824121683582
"glm_wrong","PPI++","PPI++_crossfit",100,0.2,0.082,0.0122699633251286
"glm_wrong","PPI++","PPI++_crossfit",100,0.2,0.082,0.0122699633251286
"glm_wrong","PPI++","PPI++_crossfit",100,0.25,0.1,0.0134164078649987
"glm_wrong","PPI++","PPI++_crossfit",100,0.25,0.1,0.0134164078649987
"glm_wrong","PPI++","PPI++_crossfit",100,0.3,0.122,0.0146366662871024
"glm_wrong","PPI++","PPI++_crossfit",100,0.3,0.122,0.0146366662871024
"glm_wrong","PPI++","PPI++_crossfit",100,0.35,0.16,0.0163951212255354
"glm_wrong","PPI++","PPI++_crossfit",100,0.35,0.16,0.0163951212255354
"glm_wrong","PPI++","PPI++_crossfit",100,0.4,0.21,0.018215378118502
"glm_wrong","PPI++","PPI++_crossfit",100,0.4,0.21,0.018215378118502
"glm_wrong","PPI++","PPI++_crossfit",100,0.45,0.25,0.0193649167310371
"glm_wrong","PPI++","PPI++_crossfit",100,0.45,0.25,0.0193649167310371
"glm_wrong","PPI++","PPI++_crossfit",100,0.5,0.296,0.0204148965219028
"glm_wrong","PPI++","PPI++_crossfit",100,0.5,0.296,0.0204148965219028
"glm_wrong","PPI++","PPI++_crossfit",100,0.55,0.34,0.0211849002829846
"glm_wrong","PPI++","PPI++_crossfit",100,0.55,0.34,0.0211849002829846
"glm_wrong","PPI++","PPI++_crossfit",100,0.6,0.376,0.0216621328589777
"glm_wrong","PPI++","PPI++_crossfit",100,0.6,0.376,0.0216621328589777
"glm_wrong","PPI++","PPI++_crossfit",150,0,0.058,0.0104533248299285
"glm_wrong","PPI++","PPI++_crossfit",150,0,0.058,0.0104533248299285
"glm_wrong","PPI++","PPI++_crossfit",150,0.05,0.066,0.0111035129576184
"glm_wrong","PPI++","PPI++_crossfit",150,0.05,0.066,0.0111035129576184
"glm_wrong","PPI++","PPI++_crossfit",150,0.1,0.07,0.0114105214604767
"glm_wrong","PPI++","PPI++_crossfit",150,0.1,0.07,0.0114105214604767
"glm_wrong","PPI++","PPI++_crossfit",150,0.15,0.09,0.0127984374046209
"glm_wrong","PPI++","PPI++_crossfit",150,0.15,0.09,0.0127984374046209
"glm_wrong","PPI++","PPI++_crossfit",150,0.2,0.12,0.014532721699668
"glm_wrong","PPI++","PPI++_crossfit",150,0.2,0.12,0.014532721699668
"glm_wrong","PPI++","PPI++_crossfit",150,0.25,0.146,0.015791390059143
"glm_wrong","PPI++","PPI++_crossfit",150,0.25,0.146,0.015791390059143
"glm_wrong","PPI++","PPI++_crossfit",150,0.3,0.176,0.017030795636141
"glm_wrong","PPI++","PPI++_crossfit",150,0.3,0.176,0.017030795636141
"glm_wrong","PPI++","PPI++_crossfit",150,0.35,0.21,0.018215378118502
"glm_wrong","PPI++","PPI++_crossfit",150,0.35,0.21,0.018215378118502
"glm_wrong","PPI++","PPI++_crossfit",150,0.4,0.256,0.0195173768729304
"glm_wrong","PPI++","PPI++_crossfit",150,0.4,0.256,0.0195173768729304
"glm_wrong","PPI++","PPI++_crossfit",150,0.45,0.302,0.0205327056181108
"glm_wrong","PPI++","PPI++_crossfit",150,0.45,0.302,0.0205327056181108
"glm_wrong","PPI++","PPI++_crossfit",150,0.5,0.352,0.0213586516428355
"glm_wrong","PPI++","PPI++_crossfit",150,0.5,0.352,0.0213586516428355
"glm_wrong","PPI++","PPI++_crossfit",150,0.55,0.418,0.0220579237463547
"glm_wrong","PPI++","PPI++_crossfit",150,0.55,0.418,0.0220579237463547
"glm_wrong","PPI++","PPI++_crossfit",150,0.6,0.484,0.0223492281745925
"glm_wrong","PPI++","PPI++_crossfit",150,0.6,0.484,0.0223492281745925
"glm_wrong","PPI++","PPI++_crossfit",200,0,0.036,0.0083311463797007
"glm_wrong","PPI++","PPI++_crossfit",200,0,0.036,0.0083311463797007
"glm_wrong","PPI++","PPI++_crossfit",200,0.05,0.034,0.00810481338464989
"glm_wrong","PPI++","PPI++_crossfit",200,0.05,0.034,0.00810481338464989
"glm_wrong","PPI++","PPI++_crossfit",200,0.1,0.056,0.0102824121683582
"glm_wrong","PPI++","PPI++_crossfit",200,0.1,0.056,0.0102824121683582
"glm_wrong","PPI++","PPI++_crossfit",200,0.15,0.076,0.0118510759005248
"glm_wrong","PPI++","PPI++_crossfit",200,0.15,0.076,0.0118510759005248
"glm_wrong","PPI++","PPI++_crossfit",200,0.2,0.1,0.0134164078649987
"glm_wrong","PPI++","PPI++_crossfit",200,0.2,0.1,0.0134164078649987
"glm_wrong","PPI++","PPI++_crossfit",200,0.25,0.152,0.0160559023415067
"glm_wrong","PPI++","PPI++_crossfit",200,0.25,0.152,0.0160559023415067
"glm_wrong","PPI++","PPI++_crossfit",200,0.3,0.212,0.0182787308093314
"glm_wrong","PPI++","PPI++_crossfit",200,0.3,0.212,0.0182787308093314
"glm_wrong","PPI++","PPI++_crossfit",200,0.35,0.262,0.0196649942791754
"glm_wrong","PPI++","PPI++_crossfit",200,0.35,0.262,0.0196649942791754
"glm_wrong","PPI++","PPI++_crossfit",200,0.4,0.326,0.0209630150503214
"glm_wrong","PPI++","PPI++_crossfit",200,0.4,0.326,0.0209630150503214
"glm_wrong","PPI++","PPI++_crossfit",200,0.45,0.374,0.0216390387956582
"glm_wrong","PPI++","PPI++_crossfit",200,0.45,0.374,0.0216390387956582
"glm_wrong","PPI++","PPI++_crossfit",200,0.5,0.442,0.0222097275985096
"glm_wrong","PPI++","PPI++_crossfit",200,0.5,0.442,0.0222097275985096
"glm_wrong","PPI++","PPI++_crossfit",200,0.55,0.498,0.0223605008888441
"glm_wrong","PPI++","PPI++_crossfit",200,0.55,0.498,0.0223605008888441
"glm_wrong","PPI++","PPI++_crossfit",200,0.6,0.558,0.0222097275985096
"glm_wrong","PPI++","PPI++_crossfit",200,0.6,0.558,0.0222097275985096
"glm_wrong","PPI++","PPI++_crossfit",300,0,0.046,0.00936845771725528
"glm_wrong","PPI++","PPI++_crossfit",300,0,0.046,0.00936845771725528
"glm_wrong","PPI++","PPI++_crossfit",300,0.05,0.038,0.00855055553750749
"glm_wrong","PPI++","PPI++_crossfit",300,0.05,0.038,0.00855055553750749
"glm_wrong","PPI++","PPI++_crossfit",300,0.1,0.048,0.00955991631762538
"glm_wrong","PPI++","PPI++_crossfit",300,0.1,0.048,0.00955991631762538
"glm_wrong","PPI++","PPI++_crossfit",300,0.15,0.084,0.0124051602166195
"glm_wrong","PPI++","PPI++_crossfit",300,0.15,0.084,0.0124051602166195
"glm_wrong","PPI++","PPI++_crossfit",300,0.2,0.136,0.0153299706457645
"glm_wrong","PPI++","PPI++_crossfit",300,0.2,0.136,0.0153299706457645
"glm_wrong","PPI++","PPI++_crossfit",300,0.25,0.186,0.0174013792556797
"glm_wrong","PPI++","PPI++_crossfit",300,0.25,0.186,0.0174013792556797
"glm_wrong","PPI++","PPI++_crossfit",300,0.3,0.278,0.0200357680162254
"glm_wrong","PPI++","PPI++_crossfit",300,0.3,0.278,0.0200357680162254
"glm_wrong","PPI++","PPI++_crossfit",300,0.35,0.36,0.021466252583998
"glm_wrong","PPI++","PPI++_crossfit",300,0.35,0.36,0.021466252583998
"glm_wrong","PPI++","PPI++_crossfit",300,0.4,0.438,0.0221881049213312
"glm_wrong","PPI++","PPI++_crossfit",300,0.4,0.438,0.0221881049213312
"glm_wrong","PPI++","PPI++_crossfit",300,0.45,0.516,0.0223492281745925
"glm_wrong","PPI++","PPI++_crossfit",300,0.45,0.516,0.0223492281745925
"glm_wrong","PPI++","PPI++_crossfit",300,0.5,0.592,0.0219788989715136
"glm_wrong","PPI++","PPI++_crossfit",300,0.5,0.592,0.0219788989715136
"glm_wrong","PPI++","PPI++_crossfit",300,0.55,0.664,0.0211236360506424
"glm_wrong","PPI++","PPI++_crossfit",300,0.55,0.664,0.0211236360506424
"glm_wrong","PPI++","PPI++_crossfit",300,0.6,0.746,0.0194671004517879
"glm_wrong","PPI++","PPI++_crossfit",300,0.6,0.746,0.0194671004517879
"glm_wrong","PPI++","PPI++_independent_split",50,0,0.042,0.00897061870775924
"glm_wrong","PPI++","PPI++_independent_split",50,0,0.042,0.00897061870775924
"glm_wrong","PPI++","PPI++_independent_split",50,0.05,0.044,0.00917213170424411
"glm_wrong","PPI++","PPI++_independent_split",50,0.05,0.044,0.00917213170424411
"glm_wrong","PPI++","PPI++_independent_split",50,0.1,0.058,0.0104533248299285
"glm_wrong","PPI++","PPI++_independent_split",50,0.1,0.058,0.0104533248299285
"glm_wrong","PPI++","PPI++_independent_split",50,0.15,0.058,0.0104533248299285
"glm_wrong","PPI++","PPI++_independent_split",50,0.15,0.058,0.0104533248299285
"glm_wrong","PPI++","PPI++_independent_split",50,0.2,0.056,0.0102824121683582
"glm_wrong","PPI++","PPI++_independent_split",50,0.2,0.056,0.0102824121683582
"glm_wrong","PPI++","PPI++_independent_split",50,0.25,0.068,0.0112584190719657
"glm_wrong","PPI++","PPI++_independent_split",50,0.25,0.068,0.0112584190719657
"glm_wrong","PPI++","PPI++_independent_split",50,0.3,0.078,0.0119929979571415
"glm_wrong","PPI++","PPI++_independent_split",50,0.3,0.078,0.0119929979571415
"glm_wrong","PPI++","PPI++_independent_split",50,0.35,0.102,0.0135348439222623
"glm_wrong","PPI++","PPI++_independent_split",50,0.35,0.102,0.0135348439222623
"glm_wrong","PPI++","PPI++_independent_split",50,0.4,0.124,0.0147393351274744
"glm_wrong","PPI++","PPI++_independent_split",50,0.4,0.124,0.0147393351274744
"glm_wrong","PPI++","PPI++_independent_split",50,0.45,0.16,0.0163951212255354
"glm_wrong","PPI++","PPI++_independent_split",50,0.45,0.16,0.0163951212255354
"glm_wrong","PPI++","PPI++_independent_split",50,0.5,0.188,0.0174731794473702
"glm_wrong","PPI++","PPI++_independent_split",50,0.5,0.188,0.0174731794473702
"glm_wrong","PPI++","PPI++_independent_split",50,0.55,0.232,0.0188772879408034
"glm_wrong","PPI++","PPI++_independent_split",50,0.55,0.232,0.0188772879408034
"glm_wrong","PPI++","PPI++_independent_split",50,0.6,0.256,0.0195173768729304
"glm_wrong","PPI++","PPI++_independent_split",50,0.6,0.256,0.0195173768729304
"glm_wrong","PPI++","PPI++_independent_split",100,0,0.048,0.00955991631762538
"glm_wrong","PPI++","PPI++_independent_split",100,0,0.048,0.00955991631762538
"glm_wrong","PPI++","PPI++_independent_split",100,0.05,0.034,0.00810481338464989
"glm_wrong","PPI++","PPI++_independent_split",100,0.05,0.034,0.00810481338464989
"glm_wrong","PPI++","PPI++_independent_split",100,0.1,0.046,0.00936845771725528
"glm_wrong","PPI++","PPI++_independent_split",100,0.1,0.046,0.00936845771725528
"glm_wrong","PPI++","PPI++_independent_split",100,0.15,0.046,0.00936845771725528
"glm_wrong","PPI++","PPI++_independent_split",100,0.15,0.046,0.00936845771725528
"glm_wrong","PPI++","PPI++_independent_split",100,0.2,0.066,0.0111035129576184
"glm_wrong","PPI++","PPI++_independent_split",100,0.2,0.066,0.0111035129576184
"glm_wrong","PPI++","PPI++_independent_split",100,0.25,0.086,0.0125382614424808
"glm_wrong","PPI++","PPI++_independent_split",100,0.25,0.086,0.0125382614424808
"glm_wrong","PPI++","PPI++_independent_split",100,0.3,0.106,0.0137669168661687
"glm_wrong","PPI++","PPI++_independent_split",100,0.3,0.106,0.0137669168661687
"glm_wrong","PPI++","PPI++_independent_split",100,0.35,0.152,0.0160559023415067
"glm_wrong","PPI++","PPI++_independent_split",100,0.35,0.152,0.0160559023415067
"glm_wrong","PPI++","PPI++_independent_split",100,0.4,0.188,0.0174731794473702
"glm_wrong","PPI++","PPI++_independent_split",100,0.4,0.188,0.0174731794473702
"glm_wrong","PPI++","PPI++_independent_split",100,0.45,0.222,0.0185858010319706
"glm_wrong","PPI++","PPI++_independent_split",100,0.45,0.222,0.0185858010319706
"glm_wrong","PPI++","PPI++_independent_split",100,0.5,0.258,0.0195671152702691
"glm_wrong","PPI++","PPI++_independent_split",100,0.5,0.258,0.0195671152702691
"glm_wrong","PPI++","PPI++_independent_split",100,0.55,0.294,0.0203746901816936
"glm_wrong","PPI++","PPI++_independent_split",100,0.55,0.294,0.0203746901816936
"glm_wrong","PPI++","PPI++_independent_split",100,0.6,0.344,0.0212444816364156
"glm_wrong","PPI++","PPI++_independent_split",100,0.6,0.344,0.0212444816364156
"glm_wrong","PPI++","PPI++_independent_split",150,0,0.048,0.00955991631762538
"glm_wrong","PPI++","PPI++_independent_split",150,0,0.048,0.00955991631762538
"glm_wrong","PPI++","PPI++_independent_split",150,0.05,0.04,0.00876356092008266
"glm_wrong","PPI++","PPI++_independent_split",150,0.05,0.04,0.00876356092008266
"glm_wrong","PPI++","PPI++_independent_split",150,0.1,0.046,0.00936845771725528
"glm_wrong","PPI++","PPI++_independent_split",150,0.1,0.046,0.00936845771725528
"glm_wrong","PPI++","PPI++_independent_split",150,0.15,0.08,0.0121326007104825
"glm_wrong","PPI++","PPI++_independent_split",150,0.15,0.08,0.0121326007104825
"glm_wrong","PPI++","PPI++_independent_split",150,0.2,0.096,0.0131745208641529
"glm_wrong","PPI++","PPI++_independent_split",150,0.2,0.096,0.0131745208641529
"glm_wrong","PPI++","PPI++_independent_split",150,0.25,0.132,0.0151377673386798
"glm_wrong","PPI++","PPI++_independent_split",150,0.25,0.132,0.0151377673386798
"glm_wrong","PPI++","PPI++_independent_split",150,0.3,0.164,0.0165592270351004
"glm_wrong","PPI++","PPI++_independent_split",150,0.3,0.164,0.0165592270351004
"glm_wrong","PPI++","PPI++_independent_split",150,0.35,0.206,0.0180866801818355
"glm_wrong","PPI++","PPI++_independent_split",150,0.35,0.206,0.0180866801818355
"glm_wrong","PPI++","PPI++_independent_split",150,0.4,0.258,0.0195671152702691
"glm_wrong","PPI++","PPI++_independent_split",150,0.4,0.258,0.0195671152702691
"glm_wrong","PPI++","PPI++_independent_split",150,0.45,0.32,0.0208614476966485
"glm_wrong","PPI++","PPI++_independent_split",150,0.45,0.32,0.0208614476966485
"glm_wrong","PPI++","PPI++_independent_split",150,0.5,0.37,0.0215916650585359
"glm_wrong","PPI++","PPI++_independent_split",150,0.5,0.37,0.0215916650585359
"glm_wrong","PPI++","PPI++_independent_split",150,0.55,0.43,0.0221404606998138
"glm_wrong","PPI++","PPI++_independent_split",150,0.55,0.43,0.0221404606998138
"glm_wrong","PPI++","PPI++_independent_split",150,0.6,0.494,0.022359069748091
"glm_wrong","PPI++","PPI++_independent_split",150,0.6,0.494,0.022359069748091
"glm_wrong","PPI++","PPI++_independent_split",200,0,0.044,0.00917213170424411
"glm_wrong","PPI++","PPI++_independent_split",200,0,0.044,0.00917213170424411
"glm_wrong","PPI++","PPI++_independent_split",200,0.05,0.054,0.0101078187557949
"glm_wrong","PPI++","PPI++_independent_split",200,0.05,0.054,0.0101078187557949
"glm_wrong","PPI++","PPI++_independent_split",200,0.1,0.064,0.0109456840809517
"glm_wrong","PPI++","PPI++_independent_split",200,0.1,0.064,0.0109456840809517
"glm_wrong","PPI++","PPI++_independent_split",200,0.15,0.074,0.0117067501895274
"glm_wrong","PPI++","PPI++_independent_split",200,0.15,0.074,0.0117067501895274
"glm_wrong","PPI++","PPI++_independent_split",200,0.2,0.108,0.0138806339912844
"glm_wrong","PPI++","PPI++_independent_split",200,0.2,0.108,0.0138806339912844
"glm_wrong","PPI++","PPI++_independent_split",200,0.25,0.148,0.0158805541465026
"glm_wrong","PPI++","PPI++_independent_split",200,0.25,0.148,0.0158805541465026
"glm_wrong","PPI++","PPI++_independent_split",200,0.3,0.19,0.0175442298206561
"glm_wrong","PPI++","PPI++_independent_split",200,0.3,0.19,0.0175442298206561
"glm_wrong","PPI++","PPI++_independent_split",200,0.35,0.246,0.0192605295877346
"glm_wrong","PPI++","PPI++_independent_split",200,0.35,0.246,0.0192605295877346
"glm_wrong","PPI++","PPI++_independent_split",200,0.4,0.296,0.0204148965219028
"glm_wrong","PPI++","PPI++_independent_split",200,0.4,0.296,0.0204148965219028
"glm_wrong","PPI++","PPI++_independent_split",200,0.45,0.362,0.0214921380974532
"glm_wrong","PPI++","PPI++_independent_split",200,0.45,0.362,0.0214921380974532
"glm_wrong","PPI++","PPI++_independent_split",200,0.5,0.43,0.0221404606998138
"glm_wrong","PPI++","PPI++_independent_split",200,0.5,0.43,0.0221404606998138
"glm_wrong","PPI++","PPI++_independent_split",200,0.55,0.474,0.022330427671677
"glm_wrong","PPI++","PPI++_independent_split",200,0.55,0.474,0.022330427671677
"glm_wrong","PPI++","PPI++_independent_split",200,0.6,0.538,0.0222960086114085
"glm_wrong","PPI++","PPI++_independent_split",200,0.6,0.538,0.0222960086114085
"glm_wrong","PPI++","PPI++_independent_split",300,0,0.042,0.00897061870775924
"glm_wrong","PPI++","PPI++_independent_split",300,0,0.042,0.00897061870775924
"glm_wrong","PPI++","PPI++_independent_split",300,0.05,0.046,0.00936845771725528
"glm_wrong","PPI++","PPI++_independent_split",300,0.05,0.046,0.00936845771725528
"glm_wrong","PPI++","PPI++_independent_split",300,0.1,0.062,0.0107848041243223
"glm_wrong","PPI++","PPI++_independent_split",300,0.1,0.062,0.0107848041243223
"glm_wrong","PPI++","PPI++_independent_split",300,0.15,0.092,0.01292563344676
"glm_wrong","PPI++","PPI++_independent_split",300,0.15,0.092,0.01292563344676
"glm_wrong","PPI++","PPI++_independent_split",300,0.2,0.124,0.0147393351274744
"glm_wrong","PPI++","PPI++_independent_split",300,0.2,0.124,0.0147393351274744
"glm_wrong","PPI++","PPI++_independent_split",300,0.25,0.174,0.0169542914921267
"glm_wrong","PPI++","PPI++_independent_split",300,0.25,0.174,0.0169542914921267
"glm_wrong","PPI++","PPI++_independent_split",300,0.3,0.248,0.0193130008025682
"glm_wrong","PPI++","PPI++_independent_split",300,0.3,0.248,0.0193130008025682
"glm_wrong","PPI++","PPI++_independent_split",300,0.35,0.316,0.020791536739741
"glm_wrong","PPI++","PPI++_independent_split",300,0.35,0.316,0.020791536739741
"glm_wrong","PPI++","PPI++_independent_split",300,0.4,0.404,0.0219446576642243
"glm_wrong","PPI++","PPI++_independent_split",300,0.4,0.404,0.0219446576642243
"glm_wrong","PPI++","PPI++_independent_split",300,0.45,0.504,0.0223599642217961
"glm_wrong","PPI++","PPI++_independent_split",300,0.45,0.504,0.0223599642217961
"glm_wrong","PPI++","PPI++_independent_split",300,0.5,0.57,0.0221404606998138
"glm_wrong","PPI++","PPI++_independent_split",300,0.5,0.57,0.0221404606998138
"glm_wrong","PPI++","PPI++_independent_split",300,0.55,0.652,0.0213023942316351
"glm_wrong","PPI++","PPI++_independent_split",300,0.55,0.652,0.0213023942316351
"glm_wrong","PPI++","PPI++_independent_split",300,0.6,0.708,0.0203340109176719
"glm_wrong","PPI++","PPI++_independent_split",300,0.6,0.708,0.0203340109176719
"glm_wrong","PPI++","PPI++_noncrossfit",50,0,0.048,0.00955991631762538
"glm_wrong","PPI++","PPI++_noncrossfit",50,0,0.048,0.00955991631762538
"glm_wrong","PPI++","PPI++_noncrossfit",50,0.05,0.06,0.0106207344378814
"glm_wrong","PPI++","PPI++_noncrossfit",50,0.05,0.06,0.0106207344378814
"glm_wrong","PPI++","PPI++_noncrossfit",50,0.1,0.07,0.0114105214604767
"glm_wrong","PPI++","PPI++_noncrossfit",50,0.1,0.07,0.0114105214604767
"glm_wrong","PPI++","PPI++_noncrossfit",50,0.15,0.08,0.0121326007104825
"glm_wrong","PPI++","PPI++_noncrossfit",50,0.15,0.08,0.0121326007104825
"glm_wrong","PPI++","PPI++_noncrossfit",50,0.2,0.084,0.0124051602166195
"glm_wrong","PPI++","PPI++_noncrossfit",50,0.2,0.084,0.0124051602166195
"glm_wrong","PPI++","PPI++_noncrossfit",50,0.25,0.098,0.0132963152790538
"glm_wrong","PPI++","PPI++_noncrossfit",50,0.25,0.098,0.0132963152790538
"glm_wrong","PPI++","PPI++_noncrossfit",50,0.3,0.116,0.0143208938268531
"glm_wrong","PPI++","PPI++_noncrossfit",50,0.3,0.116,0.0143208938268531
"glm_wrong","PPI++","PPI++_noncrossfit",50,0.35,0.142,0.0156099967969247
"glm_wrong","PPI++","PPI++_noncrossfit",50,0.35,0.142,0.0156099967969247
"glm_wrong","PPI++","PPI++_noncrossfit",50,0.4,0.152,0.0160559023415067
"glm_wrong","PPI++","PPI++_noncrossfit",50,0.4,0.152,0.0160559023415067
"glm_wrong","PPI++","PPI++_noncrossfit",50,0.45,0.18,0.0171813852759316
"glm_wrong","PPI++","PPI++_noncrossfit",50,0.45,0.18,0.0171813852759316
"glm_wrong","PPI++","PPI++_noncrossfit",50,0.5,0.202,0.0179552777756291
"glm_wrong","PPI++","PPI++_noncrossfit",50,0.5,0.202,0.0179552777756291
"glm_wrong","PPI++","PPI++_noncrossfit",50,0.55,0.224,0.0186453211289052
"glm_wrong","PPI++","PPI++_noncrossfit",50,0.55,0.224,0.0186453211289052
"glm_wrong","PPI++","PPI++_noncrossfit",50,0.6,0.27,0.0198544705293292
"glm_wrong","PPI++","PPI++_noncrossfit",50,0.6,0.27,0.0198544705293292
"glm_wrong","PPI++","PPI++_noncrossfit",100,0,0.042,0.00897061870775924
"glm_wrong","PPI++","PPI++_noncrossfit",100,0,0.042,0.00897061870775924
"glm_wrong","PPI++","PPI++_noncrossfit",100,0.05,0.048,0.00955991631762538
"glm_wrong","PPI++","PPI++_noncrossfit",100,0.05,0.048,0.00955991631762538
"glm_wrong","PPI++","PPI++_noncrossfit",100,0.1,0.058,0.0104533248299285
"glm_wrong","PPI++","PPI++_noncrossfit",100,0.1,0.058,0.0104533248299285
"glm_wrong","PPI++","PPI++_noncrossfit",100,0.15,0.078,0.0119929979571415
"glm_wrong","PPI++","PPI++_noncrossfit",100,0.15,0.078,0.0119929979571415
"glm_wrong","PPI++","PPI++_noncrossfit",100,0.2,0.104,0.013651666564929
"glm_wrong","PPI++","PPI++_noncrossfit",100,0.2,0.104,0.013651666564929
"glm_wrong","PPI++","PPI++_noncrossfit",100,0.25,0.122,0.0146366662871024
"glm_wrong","PPI++","PPI++_noncrossfit",100,0.25,0.122,0.0146366662871024
"glm_wrong","PPI++","PPI++_noncrossfit",100,0.3,0.158,0.0163117135825762
"glm_wrong","PPI++","PPI++_noncrossfit",100,0.3,0.158,0.0163117135825762
"glm_wrong","PPI++","PPI++_noncrossfit",100,0.35,0.184,0.0173288199251998
"glm_wrong","PPI++","PPI++_noncrossfit",100,0.35,0.184,0.0173288199251998
"glm_wrong","PPI++","PPI++_noncrossfit",100,0.4,0.222,0.0185858010319706
"glm_wrong","PPI++","PPI++_noncrossfit",100,0.4,0.222,0.0185858010319706
"glm_wrong","PPI++","PPI++_noncrossfit",100,0.45,0.258,0.0195671152702691
"glm_wrong","PPI++","PPI++_noncrossfit",100,0.45,0.258,0.0195671152702691
"glm_wrong","PPI++","PPI++_noncrossfit",100,0.5,0.296,0.0204148965219028
"glm_wrong","PPI++","PPI++_noncrossfit",100,0.5,0.296,0.0204148965219028
"glm_wrong","PPI++","PPI++_noncrossfit",100,0.55,0.332,0.0210606742532142
"glm_wrong","PPI++","PPI++_noncrossfit",100,0.55,0.332,0.0210606742532142
"glm_wrong","PPI++","PPI++_noncrossfit",100,0.6,0.386,0.0217717247823869
"glm_wrong","PPI++","PPI++_noncrossfit",100,0.6,0.386,0.0217717247823869
"glm_wrong","PPI++","PPI++_noncrossfit",150,0,0.046,0.00936845771725528
"glm_wrong","PPI++","PPI++_noncrossfit",150,0,0.046,0.00936845771725528
"glm_wrong","PPI++","PPI++_noncrossfit",150,0.05,0.06,0.0106207344378814
"glm_wrong","PPI++","PPI++_noncrossfit",150,0.05,0.06,0.0106207344378814
"glm_wrong","PPI++","PPI++_noncrossfit",150,0.1,0.068,0.0112584190719657
"glm_wrong","PPI++","PPI++_noncrossfit",150,0.1,0.068,0.0112584190719657
"glm_wrong","PPI++","PPI++_noncrossfit",150,0.15,0.084,0.0124051602166195
"glm_wrong","PPI++","PPI++_noncrossfit",150,0.15,0.084,0.0124051602166195
"glm_wrong","PPI++","PPI++_noncrossfit",150,0.2,0.102,0.0135348439222623
"glm_wrong","PPI++","PPI++_noncrossfit",150,0.2,0.102,0.0135348439222623
"glm_wrong","PPI++","PPI++_noncrossfit",150,0.25,0.142,0.0156099967969247
"glm_wrong","PPI++","PPI++_noncrossfit",150,0.25,0.142,0.0156099967969247
"glm_wrong","PPI++","PPI++_noncrossfit",150,0.3,0.184,0.0173288199251998
"glm_wrong","PPI++","PPI++_noncrossfit",150,0.3,0.184,0.0173288199251998
"glm_wrong","PPI++","PPI++_noncrossfit",150,0.35,0.236,0.0189896814085966
"glm_wrong","PPI++","PPI++_noncrossfit",150,0.35,0.236,0.0189896814085966
"glm_wrong","PPI++","PPI++_noncrossfit",150,0.4,0.268,0.0198078772209442
"glm_wrong","PPI++","PPI++_noncrossfit",150,0.4,0.268,0.0198078772209442
"glm_wrong","PPI++","PPI++_noncrossfit",150,0.45,0.32,0.0208614476966485
"glm_wrong","PPI++","PPI++_noncrossfit",150,0.45,0.32,0.0208614476966485
"glm_wrong","PPI++","PPI++_noncrossfit",150,0.5,0.368,0.0215673827804859
"glm_wrong","PPI++","PPI++_noncrossfit",150,0.5,0.368,0.0215673827804859
"glm_wrong","PPI++","PPI++_noncrossfit",150,0.55,0.426,0.0221144296783797
"glm_wrong","PPI++","PPI++_noncrossfit",150,0.55,0.426,0.0221144296783797
"glm_wrong","PPI++","PPI++_noncrossfit",150,0.6,0.476,0.0223349054173059
"glm_wrong","PPI++","PPI++_noncrossfit",150,0.6,0.476,0.0223349054173059
"glm_wrong","PPI++","PPI++_noncrossfit",200,0,0.06,0.0106207344378814
"glm_wrong","PPI++","PPI++_noncrossfit",200,0,0.06,0.0106207344378814
"glm_wrong","PPI++","PPI++_noncrossfit",200,0.05,0.07,0.0114105214604767
"glm_wrong","PPI++","PPI++_noncrossfit",200,0.05,0.07,0.0114105214604767
"glm_wrong","PPI++","PPI++_noncrossfit",200,0.1,0.074,0.0117067501895274
"glm_wrong","PPI++","PPI++_noncrossfit",200,0.1,0.074,0.0117067501895274
"glm_wrong","PPI++","PPI++_noncrossfit",200,0.15,0.084,0.0124051602166195
"glm_wrong","PPI++","PPI++_noncrossfit",200,0.15,0.084,0.0124051602166195
"glm_wrong","PPI++","PPI++_noncrossfit",200,0.2,0.11,0.0139928553197694
"glm_wrong","PPI++","PPI++_noncrossfit",200,0.2,0.11,0.0139928553197694
"glm_wrong","PPI++","PPI++_noncrossfit",200,0.25,0.136,0.0153299706457645
"glm_wrong","PPI++","PPI++_noncrossfit",200,0.25,0.136,0.0153299706457645
"glm_wrong","PPI++","PPI++_noncrossfit",200,0.3,0.186,0.0174013792556797
"glm_wrong","PPI++","PPI++_noncrossfit",200,0.3,0.186,0.0174013792556797
"glm_wrong","PPI++","PPI++_noncrossfit",200,0.35,0.256,0.0195173768729304
"glm_wrong","PPI++","PPI++_noncrossfit",200,0.35,0.256,0.0195173768729304
"glm_wrong","PPI++","PPI++_noncrossfit",200,0.4,0.326,0.0209630150503214
"glm_wrong","PPI++","PPI++_noncrossfit",200,0.4,0.326,0.0209630150503214
"glm_wrong","PPI++","PPI++_noncrossfit",200,0.45,0.406,0.0219619671250095
"glm_wrong","PPI++","PPI++_noncrossfit",200,0.45,0.406,0.0219619671250095
"glm_wrong","PPI++","PPI++_noncrossfit",200,0.5,0.47,0.0223203942617508
"glm_wrong","PPI++","PPI++_noncrossfit",200,0.5,0.47,0.0223203942617508
"glm_wrong","PPI++","PPI++_noncrossfit",200,0.55,0.536,0.0223026455829796
"glm_wrong","PPI++","PPI++_noncrossfit",200,0.55,0.536,0.0223026455829796
"glm_wrong","PPI++","PPI++_noncrossfit",200,0.6,0.602,0.0218904545407353
"glm_wrong","PPI++","PPI++_noncrossfit",200,0.6,0.602,0.0218904545407353
"glm_wrong","PPI++","PPI++_noncrossfit",300,0,0.054,0.0101078187557949
"glm_wrong","PPI++","PPI++_noncrossfit",300,0,0.054,0.0101078187557949
"glm_wrong","PPI++","PPI++_noncrossfit",300,0.05,0.062,0.0107848041243223
"glm_wrong","PPI++","PPI++_noncrossfit",300,0.05,0.062,0.0107848041243223
"glm_wrong","PPI++","PPI++_noncrossfit",300,0.1,0.088,0.0126693330526907
"glm_wrong","PPI++","PPI++_noncrossfit",300,0.1,0.088,0.0126693330526907
"glm_wrong","PPI++","PPI++_noncrossfit",300,0.15,0.124,0.0147393351274744
"glm_wrong","PPI++","PPI++_noncrossfit",300,0.15,0.124,0.0147393351274744
"glm_wrong","PPI++","PPI++_noncrossfit",300,0.2,0.152,0.0160559023415067
"glm_wrong","PPI++","PPI++_noncrossfit",300,0.2,0.152,0.0160559023415067
"glm_wrong","PPI++","PPI++_noncrossfit",300,0.25,0.196,0.017752971582245
"glm_wrong","PPI++","PPI++_noncrossfit",300,0.25,0.196,0.017752971582245
"glm_wrong","PPI++","PPI++_noncrossfit",300,0.3,0.246,0.0192605295877346
"glm_wrong","PPI++","PPI++_noncrossfit",300,0.3,0.246,0.0192605295877346
"glm_wrong","PPI++","PPI++_noncrossfit",300,0.35,0.32,0.0208614476966485
"glm_wrong","PPI++","PPI++_noncrossfit",300,0.35,0.32,0.0208614476966485
"glm_wrong","PPI++","PPI++_noncrossfit",300,0.4,0.414,0.0220274374360705
"glm_wrong","PPI++","PPI++_noncrossfit",300,0.4,0.414,0.0220274374360705
"glm_wrong","PPI++","PPI++_noncrossfit",300,0.45,0.496,0.0223599642217961
"glm_wrong","PPI++","PPI++_noncrossfit",300,0.45,0.496,0.0223599642217961
"glm_wrong","PPI++","PPI++_noncrossfit",300,0.5,0.562,0.0221881049213312
"glm_wrong","PPI++","PPI++_noncrossfit",300,0.5,0.562,0.0221881049213312
"glm_wrong","PPI++","PPI++_noncrossfit",300,0.55,0.63,0.0215916650585359
"glm_wrong","PPI++","PPI++_noncrossfit",300,0.55,0.63,0.0215916650585359
"glm_wrong","PPI++","PPI++_noncrossfit",300,0.6,0.7,0.0204939015319192
"glm_wrong","PPI++","PPI++_noncrossfit",300,0.6,0.7,0.0204939015319192
"rf","PPI","PPI_crossfit",50,0,0.06,0.0106207344378814
"rf","PPI","PPI_crossfit",50,0,0.06,0.0106207344378814
"rf","PPI","PPI_crossfit",50,0,0.06,0.0106207344378814
"rf","PPI","PPI_crossfit",50,0.05,0.064,0.0109456840809517
"rf","PPI","PPI_crossfit",50,0.05,0.064,0.0109456840809517
"rf","PPI","PPI_crossfit",50,0.05,0.064,0.0109456840809517
"rf","PPI","PPI_crossfit",50,0.1,0.062,0.0107848041243223
"rf","PPI","PPI_crossfit",50,0.1,0.062,0.0107848041243223
"rf","PPI","PPI_crossfit",50,0.1,0.062,0.0107848041243223
"rf","PPI","PPI_crossfit",50,0.15,0.074,0.0117067501895274
"rf","PPI","PPI_crossfit",50,0.15,0.074,0.0117067501895274
"rf","PPI","PPI_crossfit",50,0.15,0.074,0.0117067501895274
"rf","PPI","PPI_crossfit",50,0.2,0.09,0.0127984374046209
"rf","PPI","PPI_crossfit",50,0.2,0.09,0.0127984374046209
"rf","PPI","PPI_crossfit",50,0.2,0.09,0.0127984374046209
"rf","PPI","PPI_crossfit",50,0.25,0.114,0.0142129518397833
"rf","PPI","PPI_crossfit",50,0.25,0.114,0.0142129518397833
"rf","PPI","PPI_crossfit",50,0.25,0.114,0.0142129518397833
"rf","PPI","PPI_crossfit",50,0.3,0.144,0.0157012101444443
"rf","PPI","PPI_crossfit",50,0.3,0.144,0.0157012101444443
"rf","PPI","PPI_crossfit",50,0.3,0.144,0.0157012101444443
"rf","PPI","PPI_crossfit",50,0.35,0.168,0.0167198086113448
"rf","PPI","PPI_crossfit",50,0.35,0.168,0.0167198086113448
"rf","PPI","PPI_crossfit",50,0.35,0.168,0.0167198086113448
"rf","PPI","PPI_crossfit",50,0.4,0.2,0.0178885438199983
"rf","PPI","PPI_crossfit",50,0.4,0.2,0.0178885438199983
"rf","PPI","PPI_crossfit",50,0.4,0.2,0.0178885438199983
"rf","PPI","PPI_crossfit",50,0.45,0.242,0.0191539029965174
"rf","PPI","PPI_crossfit",50,0.45,0.242,0.0191539029965174
"rf","PPI","PPI_crossfit",50,0.45,0.242,0.0191539029965174
"rf","PPI","PPI_crossfit",50,0.5,0.264,0.0197131428240146
"rf","PPI","PPI_crossfit",50,0.5,0.264,0.0197131428240146
"rf","PPI","PPI_crossfit",50,0.5,0.264,0.0197131428240146
"rf","PPI","PPI_crossfit",50,0.55,0.298,0.0204546327270865
"rf","PPI","PPI_crossfit",50,0.55,0.298,0.0204546327270865
"rf","PPI","PPI_crossfit",50,0.55,0.298,0.0204546327270865
"rf","PPI","PPI_crossfit",50,0.6,0.326,0.0209630150503214
"rf","PPI","PPI_crossfit",50,0.6,0.326,0.0209630150503214
"rf","PPI","PPI_crossfit",50,0.6,0.326,0.0209630150503214
"rf","PPI","PPI_crossfit",100,0,0.076,0.0118510759005248
"rf","PPI","PPI_crossfit",100,0,0.076,0.0118510759005248
"rf","PPI","PPI_crossfit",100,0,0.076,0.0118510759005248
"rf","PPI","PPI_crossfit",100,0.05,0.084,0.0124051602166195
"rf","PPI","PPI_crossfit",100,0.05,0.084,0.0124051602166195
"rf","PPI","PPI_crossfit",100,0.05,0.084,0.0124051602166195
"rf","PPI","PPI_crossfit",100,0.1,0.096,0.0131745208641529
"rf","PPI","PPI_crossfit",100,0.1,0.096,0.0131745208641529
"rf","PPI","PPI_crossfit",100,0.1,0.096,0.0131745208641529
"rf","PPI","PPI_crossfit",100,0.15,0.136,0.0153299706457645
"rf","PPI","PPI_crossfit",100,0.15,0.136,0.0153299706457645
"rf","PPI","PPI_crossfit",100,0.15,0.136,0.0153299706457645
"rf","PPI","PPI_crossfit",100,0.2,0.158,0.0163117135825762
"rf","PPI","PPI_crossfit",100,0.2,0.158,0.0163117135825762
"rf","PPI","PPI_crossfit",100,0.2,0.158,0.0163117135825762
"rf","PPI","PPI_crossfit",100,0.25,0.18,0.0171813852759316
"rf","PPI","PPI_crossfit",100,0.25,0.18,0.0171813852759316
"rf","PPI","PPI_crossfit",100,0.25,0.18,0.0171813852759316
"rf","PPI","PPI_crossfit",100,0.3,0.224,0.0186453211289052
"rf","PPI","PPI_crossfit",100,0.3,0.224,0.0186453211289052
"rf","PPI","PPI_crossfit",100,0.3,0.224,0.0186453211289052
"rf","PPI","PPI_crossfit",100,0.35,0.276,0.0199911980631477
"rf","PPI","PPI_crossfit",100,0.35,0.276,0.0199911980631477
"rf","PPI","PPI_crossfit",100,0.35,0.276,0.0199911980631477
"rf","PPI","PPI_crossfit",100,0.4,0.342,0.0212149004239945
"rf","PPI","PPI_crossfit",100,0.4,0.342,0.0212149004239945
"rf","PPI","PPI_crossfit",100,0.4,0.342,0.0212149004239945
"rf","PPI","PPI_crossfit",100,0.45,0.396,0.0218716254539986
"rf","PPI","PPI_crossfit",100,0.45,0.396,0.0218716254539986
"rf","PPI","PPI_crossfit",100,0.45,0.396,0.0218716254539986
"rf","PPI","PPI_crossfit",100,0.5,0.448,0.0222394244529844
"rf","PPI","PPI_crossfit",100,0.5,0.448,0.0222394244529844
"rf","PPI","PPI_crossfit",100,0.5,0.448,0.0222394244529844
"rf","PPI","PPI_crossfit",100,0.55,0.528,0.0223255906976725
"rf","PPI","PPI_crossfit",100,0.55,0.528,0.0223255906976725
"rf","PPI","PPI_crossfit",100,0.55,0.528,0.0223255906976725
"rf","PPI","PPI_crossfit",100,0.6,0.584,0.022042867327097
"rf","PPI","PPI_crossfit",100,0.6,0.584,0.022042867327097
"rf","PPI","PPI_crossfit",100,0.6,0.584,0.022042867327097
"rf","PPI","PPI_crossfit",150,0,0.042,0.00897061870775924
"rf","PPI","PPI_crossfit",150,0,0.042,0.00897061870775924
"rf","PPI","PPI_crossfit",150,0,0.042,0.00897061870775924
"rf","PPI","PPI_crossfit",150,0.05,0.05,0.00974679434480896
"rf","PPI","PPI_crossfit",150,0.05,0.05,0.00974679434480896
"rf","PPI","PPI_crossfit",150,0.05,0.05,0.00974679434480896
"rf","PPI","PPI_crossfit",150,0.1,0.08,0.0121326007104825
"rf","PPI","PPI_crossfit",150,0.1,0.08,0.0121326007104825
"rf","PPI","PPI_crossfit",150,0.1,0.08,0.0121326007104825
"rf","PPI","PPI_crossfit",150,0.15,0.12,0.014532721699668
"rf","PPI","PPI_crossfit",150,0.15,0.12,0.014532721699668
"rf","PPI","PPI_crossfit",150,0.15,0.12,0.014532721699668
"rf","PPI","PPI_crossfit",150,0.2,0.178,0.0171064899964896
"rf","PPI","PPI_crossfit",150,0.2,0.178,0.0171064899964896
"rf","PPI","PPI_crossfit",150,0.2,0.178,0.0171064899964896
"rf","PPI","PPI_crossfit",150,0.25,0.246,0.0192605295877346
"rf","PPI","PPI_crossfit",150,0.25,0.246,0.0192605295877346
"rf","PPI","PPI_crossfit",150,0.25,0.246,0.0192605295877346
"rf","PPI","PPI_crossfit",150,0.3,0.322,0.0208957411928843
"rf","PPI","PPI_crossfit",150,0.3,0.322,0.0208957411928843
"rf","PPI","PPI_crossfit",150,0.3,0.322,0.0208957411928843
"rf","PPI","PPI_crossfit",150,0.35,0.41,0.0219954540757858
"rf","PPI","PPI_crossfit",150,0.35,0.41,0.0219954540757858
"rf","PPI","PPI_crossfit",150,0.35,0.41,0.0219954540757858
"rf","PPI","PPI_crossfit",150,0.4,0.482,0.0223461853567896
"rf","PPI","PPI_crossfit",150,0.4,0.482,0.0223461853567896
"rf","PPI","PPI_crossfit",150,0.4,0.482,0.0223461853567896
"rf","PPI","PPI_crossfit",150,0.45,0.572,0.022127629787214
"rf","PPI","PPI_crossfit",150,0.45,0.572,0.022127629787214
"rf","PPI","PPI_crossfit",150,0.45,0.572,0.022127629787214
"rf","PPI","PPI_crossfit",150,0.5,0.642,0.0214399626865347
"rf","PPI","PPI_crossfit",150,0.5,0.642,0.0214399626865347
"rf","PPI","PPI_crossfit",150,0.5,0.642,0.0214399626865347
"rf","PPI","PPI_crossfit",150,0.55,0.714,0.0202091068580479
"rf","PPI","PPI_crossfit",150,0.55,0.714,0.0202091068580479
"rf","PPI","PPI_crossfit",150,0.55,0.714,0.0202091068580479
"rf","PPI","PPI_crossfit",150,0.6,0.782,0.0184648855940133
"rf","PPI","PPI_crossfit",150,0.6,0.782,0.0184648855940133
"rf","PPI","PPI_crossfit",150,0.6,0.782,0.0184648855940133
"rf","PPI","PPI_crossfit",200,0,0.084,0.0124051602166195
"rf","PPI","PPI_crossfit",200,0,0.084,0.0124051602166195
"rf","PPI","PPI_crossfit",200,0,0.084,0.0124051602166195
"rf","PPI","PPI_crossfit",200,0.05,0.088,0.0126693330526907
"rf","PPI","PPI_crossfit",200,0.05,0.088,0.0126693330526907
"rf","PPI","PPI_crossfit",200,0.05,0.088,0.0126693330526907
"rf","PPI","PPI_crossfit",200,0.1,0.12,0.014532721699668
"rf","PPI","PPI_crossfit",200,0.1,0.12,0.014532721699668
"rf","PPI","PPI_crossfit",200,0.1,0.12,0.014532721699668
"rf","PPI","PPI_crossfit",200,0.15,0.156,0.0162273842624127
"rf","PPI","PPI_crossfit",200,0.15,0.156,0.0162273842624127
"rf","PPI","PPI_crossfit",200,0.15,0.156,0.0162273842624127
"rf","PPI","PPI_crossfit",200,0.2,0.204,0.0180213207063189
"rf","PPI","PPI_crossfit",200,0.2,0.204,0.0180213207063189
"rf","PPI","PPI_crossfit",200,0.2,0.204,0.0180213207063189
"rf","PPI","PPI_crossfit",200,0.25,0.3,0.0204939015319192
"rf","PPI","PPI_crossfit",200,0.25,0.3,0.0204939015319192
"rf","PPI","PPI_crossfit",200,0.25,0.3,0.0204939015319192
"rf","PPI","PPI_crossfit",200,0.3,0.392,0.0218328193323721
"rf","PPI","PPI_crossfit",200,0.3,0.392,0.0218328193323721
"rf","PPI","PPI_crossfit",200,0.3,0.392,0.0218328193323721
"rf","PPI","PPI_crossfit",200,0.35,0.498,0.0223605008888441
"rf","PPI","PPI_crossfit",200,0.35,0.498,0.0223605008888441
"rf","PPI","PPI_crossfit",200,0.35,0.498,0.0223605008888441
"rf","PPI","PPI_crossfit",200,0.4,0.59,0.0219954540757858
"rf","PPI","PPI_crossfit",200,0.4,0.59,0.0219954540757858
"rf","PPI","PPI_crossfit",200,0.4,0.59,0.0219954540757858
"rf","PPI","PPI_crossfit",200,0.45,0.676,0.020929596269398
"rf","PPI","PPI_crossfit",200,0.45,0.676,0.020929596269398
"rf","PPI","PPI_crossfit",200,0.45,0.676,0.020929596269398
"rf","PPI","PPI_crossfit",200,0.5,0.758,0.0191539029965174
"rf","PPI","PPI_crossfit",200,0.5,0.758,0.0191539029965174
"rf","PPI","PPI_crossfit",200,0.5,0.758,0.0191539029965174
"rf","PPI","PPI_crossfit",200,0.55,0.82,0.0171813852759316
"rf","PPI","PPI_crossfit",200,0.55,0.82,0.0171813852759316
"rf","PPI","PPI_crossfit",200,0.55,0.82,0.0171813852759316
"rf","PPI","PPI_crossfit",200,0.6,0.868,0.0151377673386798
"rf","PPI","PPI_crossfit",200,0.6,0.868,0.0151377673386798
"rf","PPI","PPI_crossfit",200,0.6,0.868,0.0151377673386798
"rf","PPI","PPI_crossfit",300,0,0.058,0.0104533248299285
"rf","PPI","PPI_crossfit",300,0,0.058,0.0104533248299285
"rf","PPI","PPI_crossfit",300,0,0.058,0.0104533248299285
"rf","PPI","PPI_crossfit",300,0.05,0.068,0.0112584190719657
"rf","PPI","PPI_crossfit",300,0.05,0.068,0.0112584190719657
"rf","PPI","PPI_crossfit",300,0.05,0.068,0.0112584190719657
"rf","PPI","PPI_crossfit",300,0.1,0.114,0.0142129518397833
"rf","PPI","PPI_crossfit",300,0.1,0.114,0.0142129518397833
"rf","PPI","PPI_crossfit",300,0.1,0.114,0.0142129518397833
"rf","PPI","PPI_crossfit",300,0.15,0.2,0.0178885438199983
"rf","PPI","PPI_crossfit",300,0.15,0.2,0.0178885438199983
"rf","PPI","PPI_crossfit",300,0.15,0.2,0.0178885438199983
"rf","PPI","PPI_crossfit",300,0.2,0.3,0.0204939015319192
"rf","PPI","PPI_crossfit",300,0.2,0.3,0.0204939015319192
"rf","PPI","PPI_crossfit",300,0.2,0.3,0.0204939015319192
"rf","PPI","PPI_crossfit",300,0.25,0.422,0.0220869192057199
"rf","PPI","PPI_crossfit",300,0.25,0.422,0.0220869192057199
"rf","PPI","PPI_crossfit",300,0.25,0.422,0.0220869192057199
"rf","PPI","PPI_crossfit",300,0.3,0.564,0.0221767445762447
"rf","PPI","PPI_crossfit",300,0.3,0.564,0.0221767445762447
"rf","PPI","PPI_crossfit",300,0.3,0.564,0.0221767445762447
"rf","PPI","PPI_crossfit",300,0.35,0.684,0.020791536739741
"rf","PPI","PPI_crossfit",300,0.35,0.684,0.020791536739741
"rf","PPI","PPI_crossfit",300,0.35,0.684,0.020791536739741
"rf","PPI","PPI_crossfit",300,0.4,0.774,0.0187042241218394
"rf","PPI","PPI_crossfit",300,0.4,0.774,0.0187042241218394
"rf","PPI","PPI_crossfit",300,0.4,0.774,0.0187042241218394
"rf","PPI","PPI_crossfit",300,0.45,0.858,0.0156099967969247
"rf","PPI","PPI_crossfit",300,0.45,0.858,0.0156099967969247
"rf","PPI","PPI_crossfit",300,0.45,0.858,0.0156099967969247
"rf","PPI","PPI_crossfit",300,0.5,0.904,0.0131745208641529
"rf","PPI","PPI_crossfit",300,0.5,0.904,0.0131745208641529
"rf","PPI","PPI_crossfit",300,0.5,0.904,0.0131745208641529
"rf","PPI","PPI_crossfit",300,0.55,0.95,0.00974679434480897
"rf","PPI","PPI_crossfit",300,0.55,0.95,0.00974679434480897
"rf","PPI","PPI_crossfit",300,0.55,0.95,0.00974679434480897
"rf","PPI","PPI_crossfit",300,0.6,0.966,0.00810481338464989
"rf","PPI","PPI_crossfit",300,0.6,0.966,0.00810481338464989
"rf","PPI","PPI_crossfit",300,0.6,0.966,0.00810481338464989
"rf","PPI","PPI_noncrossfit",50,0,0.048,0.00955991631762538
"rf","PPI","PPI_noncrossfit",50,0,0.048,0.00955991631762538
"rf","PPI","PPI_noncrossfit",50,0,0.048,0.00955991631762538
"rf","PPI","PPI_noncrossfit",50,0.05,0.048,0.00955991631762538
"rf","PPI","PPI_noncrossfit",50,0.05,0.048,0.00955991631762538
"rf","PPI","PPI_noncrossfit",50,0.05,0.048,0.00955991631762538
"rf","PPI","PPI_noncrossfit",50,0.1,0.058,0.0104533248299285
"rf","PPI","PPI_noncrossfit",50,0.1,0.058,0.0104533248299285
"rf","PPI","PPI_noncrossfit",50,0.1,0.058,0.0104533248299285
"rf","PPI","PPI_noncrossfit",50,0.15,0.072,0.0115599307956406
"rf","PPI","PPI_noncrossfit",50,0.15,0.072,0.0115599307956406
"rf","PPI","PPI_noncrossfit",50,0.15,0.072,0.0115599307956406
"rf","PPI","PPI_noncrossfit",50,0.2,0.084,0.0124051602166195
"rf","PPI","PPI_noncrossfit",50,0.2,0.084,0.0124051602166195
"rf","PPI","PPI_noncrossfit",50,0.2,0.084,0.0124051602166195
"rf","PPI","PPI_noncrossfit",50,0.25,0.1,0.0134164078649987
"rf","PPI","PPI_noncrossfit",50,0.25,0.1,0.0134164078649987
"rf","PPI","PPI_noncrossfit",50,0.25,0.1,0.0134164078649987
"rf","PPI","PPI_noncrossfit",50,0.3,0.12,0.014532721699668
"rf","PPI","PPI_noncrossfit",50,0.3,0.12,0.014532721699668
"rf","PPI","PPI_noncrossfit",50,0.3,0.12,0.014532721699668
"rf","PPI","PPI_noncrossfit",50,0.35,0.154,0.016142118820031
"rf","PPI","PPI_noncrossfit",50,0.35,0.154,0.016142118820031
"rf","PPI","PPI_noncrossfit",50,0.35,0.154,0.016142118820031
"rf","PPI","PPI_noncrossfit",50,0.4,0.192,0.0176145394489893
"rf","PPI","PPI_noncrossfit",50,0.4,0.192,0.0176145394489893
"rf","PPI","PPI_noncrossfit",50,0.4,0.192,0.0176145394489893
"rf","PPI","PPI_noncrossfit",50,0.45,0.234,0.0189337793374698
"rf","PPI","PPI_noncrossfit",50,0.45,0.234,0.0189337793374698
"rf","PPI","PPI_noncrossfit",50,0.45,0.234,0.0189337793374698
"rf","PPI","PPI_noncrossfit",50,0.5,0.282,0.0201234191925726
"rf","PPI","PPI_noncrossfit",50,0.5,0.282,0.0201234191925726
"rf","PPI","PPI_noncrossfit",50,0.5,0.282,0.0201234191925726
"rf","PPI","PPI_noncrossfit",50,0.55,0.326,0.0209630150503214
"rf","PPI","PPI_noncrossfit",50,0.55,0.326,0.0209630150503214
"rf","PPI","PPI_noncrossfit",50,0.55,0.326,0.0209630150503214
"rf","PPI","PPI_noncrossfit",50,0.6,0.378,0.0216848334095515
"rf","PPI","PPI_noncrossfit",50,0.6,0.378,0.0216848334095515
"rf","PPI","PPI_noncrossfit",50,0.6,0.378,0.0216848334095515
"rf","PPI","PPI_noncrossfit",100,0,0.052,0.00992935043192655
"rf","PPI","PPI_noncrossfit",100,0,0.052,0.00992935043192655
"rf","PPI","PPI_noncrossfit",100,0,0.052,0.00992935043192655
"rf","PPI","PPI_noncrossfit",100,0.05,0.06,0.0106207344378814
"rf","PPI","PPI_noncrossfit",100,0.05,0.06,0.0106207344378814
"rf","PPI","PPI_noncrossfit",100,0.05,0.06,0.0106207344378814
"rf","PPI","PPI_noncrossfit",100,0.1,0.066,0.0111035129576184
"rf","PPI","PPI_noncrossfit",100,0.1,0.066,0.0111035129576184
"rf","PPI","PPI_noncrossfit",100,0.1,0.066,0.0111035129576184
"rf","PPI","PPI_noncrossfit",100,0.15,0.084,0.0124051602166195
"rf","PPI","PPI_noncrossfit",100,0.15,0.084,0.0124051602166195
"rf","PPI","PPI_noncrossfit",100,0.15,0.084,0.0124051602166195
"rf","PPI","PPI_noncrossfit",100,0.2,0.122,0.0146366662871024
"rf","PPI","PPI_noncrossfit",100,0.2,0.122,0.0146366662871024
"rf","PPI","PPI_noncrossfit",100,0.2,0.122,0.0146366662871024
"rf","PPI","PPI_noncrossfit",100,0.25,0.152,0.0160559023415067
"rf","PPI","PPI_noncrossfit",100,0.25,0.152,0.0160559023415067
"rf","PPI","PPI_noncrossfit",100,0.25,0.152,0.0160559023415067
"rf","PPI","PPI_noncrossfit",100,0.3,0.21,0.018215378118502
"rf","PPI","PPI_noncrossfit",100,0.3,0.21,0.018215378118502
"rf","PPI","PPI_noncrossfit",100,0.3,0.21,0.018215378118502
"rf","PPI","PPI_noncrossfit",100,0.35,0.276,0.0199911980631477
"rf","PPI","PPI_noncrossfit",100,0.35,0.276,0.0199911980631477
"rf","PPI","PPI_noncrossfit",100,0.35,0.276,0.0199911980631477
"rf","PPI","PPI_noncrossfit",100,0.4,0.346,0.021273645667821
"rf","PPI","PPI_noncrossfit",100,0.4,0.346,0.021273645667821
"rf","PPI","PPI_noncrossfit",100,0.4,0.346,0.021273645667821
"rf","PPI","PPI_noncrossfit",100,0.45,0.398,0.0218904545407353
"rf","PPI","PPI_noncrossfit",100,0.45,0.398,0.0218904545407353
"rf","PPI","PPI_noncrossfit",100,0.45,0.398,0.0218904545407353
"rf","PPI","PPI_noncrossfit",100,0.5,0.47,0.0223203942617508
"rf","PPI","PPI_noncrossfit",100,0.5,0.47,0.0223203942617508
"rf","PPI","PPI_noncrossfit",100,0.5,0.47,0.0223203942617508
"rf","PPI","PPI_noncrossfit",100,0.55,0.554,0.0222298897883008
"rf","PPI","PPI_noncrossfit",100,0.55,0.554,0.0222298897883008
"rf","PPI","PPI_noncrossfit",100,0.55,0.554,0.0222298897883008
"rf","PPI","PPI_noncrossfit",100,0.6,0.614,0.0217717247823869
"rf","PPI","PPI_noncrossfit",100,0.6,0.614,0.0217717247823869
"rf","PPI","PPI_noncrossfit",100,0.6,0.614,0.0217717247823869
"rf","PPI","PPI_noncrossfit",150,0,0.042,0.00897061870775924
"rf","PPI","PPI_noncrossfit",150,0,0.042,0.00897061870775924
"rf","PPI","PPI_noncrossfit",150,0,0.042,0.00897061870775924
"rf","PPI","PPI_noncrossfit",150,0.05,0.04,0.00876356092008266
"rf","PPI","PPI_noncrossfit",150,0.05,0.04,0.00876356092008266
"rf","PPI","PPI_noncrossfit",150,0.05,0.04,0.00876356092008266
"rf","PPI","PPI_noncrossfit",150,0.1,0.054,0.0101078187557949
"rf","PPI","PPI_noncrossfit",150,0.1,0.054,0.0101078187557949
"rf","PPI","PPI_noncrossfit",150,0.1,0.054,0.0101078187557949
"rf","PPI","PPI_noncrossfit",150,0.15,0.098,0.0132963152790538
"rf","PPI","PPI_noncrossfit",150,0.15,0.098,0.0132963152790538
"rf","PPI","PPI_noncrossfit",150,0.15,0.098,0.0132963152790538
"rf","PPI","PPI_noncrossfit",150,0.2,0.146,0.015791390059143
"rf","PPI","PPI_noncrossfit",150,0.2,0.146,0.015791390059143
"rf","PPI","PPI_noncrossfit",150,0.2,0.146,0.015791390059143
"rf","PPI","PPI_noncrossfit",150,0.25,0.196,0.017752971582245
"rf","PPI","PPI_noncrossfit",150,0.25,0.196,0.017752971582245
"rf","PPI","PPI_noncrossfit",150,0.25,0.196,0.017752971582245
"rf","PPI","PPI_noncrossfit",150,0.3,0.272,0.0199005527561422
"rf","PPI","PPI_noncrossfit",150,0.3,0.272,0.0199005527561422
"rf","PPI","PPI_noncrossfit",150,0.3,0.272,0.0199005527561422
"rf","PPI","PPI_noncrossfit",150,0.35,0.364,0.0215176206863119
"rf","PPI","PPI_noncrossfit",150,0.35,0.364,0.0215176206863119
"rf","PPI","PPI_noncrossfit",150,0.35,0.364,0.0215176206863119
"rf","PPI","PPI_noncrossfit",150,0.4,0.462,0.0222960086114085
"rf","PPI","PPI_noncrossfit",150,0.4,0.462,0.0222960086114085
"rf","PPI","PPI_noncrossfit",150,0.4,0.462,0.0222960086114085
"rf","PPI","PPI_noncrossfit",150,0.45,0.574,0.0221144296783797
"rf","PPI","PPI_noncrossfit",150,0.45,0.574,0.0221144296783797
"rf","PPI","PPI_noncrossfit",150,0.45,0.574,0.0221144296783797
"rf","PPI","PPI_noncrossfit",150,0.5,0.654,0.021273645667821
"rf","PPI","PPI_noncrossfit",150,0.5,0.654,0.021273645667821
"rf","PPI","PPI_noncrossfit",150,0.5,0.654,0.021273645667821
"rf","PPI","PPI_noncrossfit",150,0.55,0.716,0.0201665068864194
"rf","PPI","PPI_noncrossfit",150,0.55,0.716,0.0201665068864194
"rf","PPI","PPI_noncrossfit",150,0.55,0.716,0.0201665068864194
"rf","PPI","PPI_noncrossfit",150,0.6,0.78,0.0185256578830551
"rf","PPI","PPI_noncrossfit",150,0.6,0.78,0.0185256578830551
"rf","PPI","PPI_noncrossfit",150,0.6,0.78,0.0185256578830551
"rf","PPI","PPI_noncrossfit",200,0,0.044,0.00917213170424411
"rf","PPI","PPI_noncrossfit",200,0,0.044,0.00917213170424411
"rf","PPI","PPI_noncrossfit",200,0,0.044,0.00917213170424411
"rf","PPI","PPI_noncrossfit",200,0.05,0.06,0.0106207344378814
"rf","PPI","PPI_noncrossfit",200,0.05,0.06,0.0106207344378814
"rf","PPI","PPI_noncrossfit",200,0.05,0.06,0.0106207344378814
"rf","PPI","PPI_noncrossfit",200,0.1,0.072,0.0115599307956406
"rf","PPI","PPI_noncrossfit",200,0.1,0.072,0.0115599307956406
"rf","PPI","PPI_noncrossfit",200,0.1,0.072,0.0115599307956406
"rf","PPI","PPI_noncrossfit",200,0.15,0.134,0.0152344346793703
"rf","PPI","PPI_noncrossfit",200,0.15,0.134,0.0152344346793703
"rf","PPI","PPI_noncrossfit",200,0.15,0.134,0.0152344346793703
"rf","PPI","PPI_noncrossfit",200,0.2,0.206,0.0180866801818355
"rf","PPI","PPI_noncrossfit",200,0.2,0.206,0.0180866801818355
"rf","PPI","PPI_noncrossfit",200,0.2,0.206,0.0180866801818355
"rf","PPI","PPI_noncrossfit",200,0.25,0.296,0.0204148965219028
"rf","PPI","PPI_noncrossfit",200,0.25,0.296,0.0204148965219028
"rf","PPI","PPI_noncrossfit",200,0.25,0.296,0.0204148965219028
"rf","PPI","PPI_noncrossfit",200,0.3,0.41,0.0219954540757858
"rf","PPI","PPI_noncrossfit",200,0.3,0.41,0.0219954540757858
"rf","PPI","PPI_noncrossfit",200,0.3,0.41,0.0219954540757858
"rf","PPI","PPI_noncrossfit",200,0.35,0.512,0.0223542389716134
"rf","PPI","PPI_noncrossfit",200,0.35,0.512,0.0223542389716134
"rf","PPI","PPI_noncrossfit",200,0.35,0.512,0.0223542389716134
"rf","PPI","PPI_noncrossfit",200,0.4,0.604,0.0218716254539986
"rf","PPI","PPI_noncrossfit",200,0.4,0.604,0.0218716254539986
"rf","PPI","PPI_noncrossfit",200,0.4,0.604,0.0218716254539986
"rf","PPI","PPI_noncrossfit",200,0.45,0.69,0.0206833266183175
"rf","PPI","PPI_noncrossfit",200,0.45,0.69,0.0206833266183175
"rf","PPI","PPI_noncrossfit",200,0.45,0.69,0.0206833266183175
"rf","PPI","PPI_noncrossfit",200,0.5,0.762,0.0190449993436597
"rf","PPI","PPI_noncrossfit",200,0.5,0.762,0.0190449993436597
"rf","PPI","PPI_noncrossfit",200,0.5,0.762,0.0190449993436597
"rf","PPI","PPI_noncrossfit",200,0.55,0.82,0.0171813852759316
"rf","PPI","PPI_noncrossfit",200,0.55,0.82,0.0171813852759316
"rf","PPI","PPI_noncrossfit",200,0.55,0.82,0.0171813852759316
"rf","PPI","PPI_noncrossfit",200,0.6,0.866,0.0152344346793703
"rf","PPI","PPI_noncrossfit",200,0.6,0.866,0.0152344346793703
"rf","PPI","PPI_noncrossfit",200,0.6,0.866,0.0152344346793703
"rf","PPI","PPI_noncrossfit",300,0,0.054,0.0101078187557949
"rf","PPI","PPI_noncrossfit",300,0,0.054,0.0101078187557949
"rf","PPI","PPI_noncrossfit",300,0,0.054,0.0101078187557949
"rf","PPI","PPI_noncrossfit",300,0.05,0.056,0.0102824121683582
"rf","PPI","PPI_noncrossfit",300,0.05,0.056,0.0102824121683582
"rf","PPI","PPI_noncrossfit",300,0.05,0.056,0.0102824121683582
"rf","PPI","PPI_noncrossfit",300,0.1,0.106,0.0137669168661687
"rf","PPI","PPI_noncrossfit",300,0.1,0.106,0.0137669168661687
"rf","PPI","PPI_noncrossfit",300,0.1,0.106,0.0137669168661687
"rf","PPI","PPI_noncrossfit",300,0.15,0.184,0.0173288199251998
"rf","PPI","PPI_noncrossfit",300,0.15,0.184,0.0173288199251998
"rf","PPI","PPI_noncrossfit",300,0.15,0.184,0.0173288199251998
"rf","PPI","PPI_noncrossfit",300,0.2,0.294,0.0203746901816936
"rf","PPI","PPI_noncrossfit",300,0.2,0.294,0.0203746901816936
"rf","PPI","PPI_noncrossfit",300,0.2,0.294,0.0203746901816936
"rf","PPI","PPI_noncrossfit",300,0.25,0.432,0.0221529230576915
"rf","PPI","PPI_noncrossfit",300,0.25,0.432,0.0221529230576915
"rf","PPI","PPI_noncrossfit",300,0.25,0.432,0.0221529230576915
"rf","PPI","PPI_noncrossfit",300,0.3,0.572,0.022127629787214
"rf","PPI","PPI_noncrossfit",300,0.3,0.572,0.022127629787214
"rf","PPI","PPI_noncrossfit",300,0.3,0.572,0.022127629787214
"rf","PPI","PPI_noncrossfit",300,0.35,0.682,0.0208267136149706
"rf","PPI","PPI_noncrossfit",300,0.35,0.682,0.0208267136149706
"rf","PPI","PPI_noncrossfit",300,0.35,0.682,0.0208267136149706
"rf","PPI","PPI_noncrossfit",300,0.4,0.77,0.0188202019117755
"rf","PPI","PPI_noncrossfit",300,0.4,0.77,0.0188202019117755
"rf","PPI","PPI_noncrossfit",300,0.4,0.77,0.0188202019117755
"rf","PPI","PPI_noncrossfit",300,0.45,0.858,0.0156099967969247
"rf","PPI","PPI_noncrossfit",300,0.45,0.858,0.0156099967969247
"rf","PPI","PPI_noncrossfit",300,0.45,0.858,0.0156099967969247
"rf","PPI","PPI_noncrossfit",300,0.5,0.904,0.0131745208641529
"rf","PPI","PPI_noncrossfit",300,0.5,0.904,0.0131745208641529
"rf","PPI","PPI_noncrossfit",300,0.5,0.904,0.0131745208641529
"rf","PPI","PPI_noncrossfit",300,0.55,0.944,0.0102824121683582
"rf","PPI","PPI_noncrossfit",300,0.55,0.944,0.0102824121683582
"rf","PPI","PPI_noncrossfit",300,0.55,0.944,0.0102824121683582
"rf","PPI","PPI_noncrossfit",300,0.6,0.972,0.00737780455149091
"rf","PPI","PPI_noncrossfit",300,0.6,0.972,0.00737780455149091
"rf","PPI","PPI_noncrossfit",300,0.6,0.972,0.00737780455149091
"rf","PPI++","PPI++_crossfit",50,0,0.06,0.0106207344378814
"rf","PPI++","PPI++_crossfit",50,0,0.06,0.0106207344378814
"rf","PPI++","PPI++_crossfit",50,0.05,0.064,0.0109456840809517
"rf","PPI++","PPI++_crossfit",50,0.05,0.064,0.0109456840809517
"rf","PPI++","PPI++_crossfit",50,0.1,0.06,0.0106207344378814
"rf","PPI++","PPI++_crossfit",50,0.1,0.06,0.0106207344378814
"rf","PPI++","PPI++_crossfit",50,0.15,0.07,0.0114105214604767
"rf","PPI++","PPI++_crossfit",50,0.15,0.07,0.0114105214604767
"rf","PPI++","PPI++_crossfit",50,0.2,0.088,0.0126693330526907
"rf","PPI++","PPI++_crossfit",50,0.2,0.088,0.0126693330526907
"rf","PPI++","PPI++_crossfit",50,0.25,0.114,0.0142129518397833
"rf","PPI++","PPI++_crossfit",50,0.25,0.114,0.0142129518397833
"rf","PPI++","PPI++_crossfit",50,0.3,0.142,0.0156099967969247
"rf","PPI++","PPI++_crossfit",50,0.3,0.142,0.0156099967969247
"rf","PPI++","PPI++_crossfit",50,0.35,0.164,0.0165592270351004
"rf","PPI++","PPI++_crossfit",50,0.35,0.164,0.0165592270351004
"rf","PPI++","PPI++_crossfit",50,0.4,0.194,0.0176841171676734
"rf","PPI++","PPI++_crossfit",50,0.4,0.194,0.0176841171676734
"rf","PPI++","PPI++_crossfit",50,0.45,0.236,0.0189896814085966
"rf","PPI++","PPI++_crossfit",50,0.45,0.236,0.0189896814085966
"rf","PPI++","PPI++_crossfit",50,0.5,0.26,0.0196163197363828
"rf","PPI++","PPI++_crossfit",50,0.5,0.26,0.0196163197363828
"rf","PPI++","PPI++_crossfit",50,0.55,0.296,0.0204148965219028
"rf","PPI++","PPI++_crossfit",50,0.55,0.296,0.0204148965219028
"rf","PPI++","PPI++_crossfit",50,0.6,0.328,0.020995999618975
"rf","PPI++","PPI++_crossfit",50,0.6,0.328,0.020995999618975
"rf","PPI++","PPI++_crossfit",100,0,0.076,0.0118510759005248
"rf","PPI++","PPI++_crossfit",100,0,0.076,0.0118510759005248
"rf","PPI++","PPI++_crossfit",100,0.05,0.082,0.0122699633251286
"rf","PPI++","PPI++_crossfit",100,0.05,0.082,0.0122699633251286
"rf","PPI++","PPI++_crossfit",100,0.1,0.096,0.0131745208641529
"rf","PPI++","PPI++_crossfit",100,0.1,0.096,0.0131745208641529
"rf","PPI++","PPI++_crossfit",100,0.15,0.136,0.0153299706457645
"rf","PPI++","PPI++_crossfit",100,0.15,0.136,0.0153299706457645
"rf","PPI++","PPI++_crossfit",100,0.2,0.158,0.0163117135825762
"rf","PPI++","PPI++_crossfit",100,0.2,0.158,0.0163117135825762
"rf","PPI++","PPI++_crossfit",100,0.25,0.178,0.0171064899964896
"rf","PPI++","PPI++_crossfit",100,0.25,0.178,0.0171064899964896
"rf","PPI++","PPI++_crossfit",100,0.3,0.226,0.0187042241218394
"rf","PPI++","PPI++_crossfit",100,0.3,0.226,0.0187042241218394
"rf","PPI++","PPI++_crossfit",100,0.35,0.276,0.0199911980631477
"rf","PPI++","PPI++_crossfit",100,0.35,0.276,0.0199911980631477
"rf","PPI++","PPI++_crossfit",100,0.4,0.342,0.0212149004239945
"rf","PPI++","PPI++_crossfit",100,0.4,0.342,0.0212149004239945
"rf","PPI++","PPI++_crossfit",100,0.45,0.396,0.0218716254539986
"rf","PPI++","PPI++_crossfit",100,0.45,0.396,0.0218716254539986
"rf","PPI++","PPI++_crossfit",100,0.5,0.446,0.0222298897883008
"rf","PPI++","PPI++_crossfit",100,0.5,0.446,0.0222298897883008
"rf","PPI++","PPI++_crossfit",100,0.55,0.53,0.0223203942617508
"rf","PPI++","PPI++_crossfit",100,0.55,0.53,0.0223203942617508
"rf","PPI++","PPI++_crossfit",100,0.6,0.586,0.0220274374360705
"rf","PPI++","PPI++_crossfit",100,0.6,0.586,0.0220274374360705
"rf","PPI++","PPI++_crossfit",150,0,0.042,0.00897061870775924
"rf","PPI++","PPI++_crossfit",150,0,0.042,0.00897061870775924
"rf","PPI++","PPI++_crossfit",150,0.05,0.05,0.00974679434480896
"rf","PPI++","PPI++_crossfit",150,0.05,0.05,0.00974679434480896
"rf","PPI++","PPI++_crossfit",150,0.1,0.082,0.0122699633251286
"rf","PPI++","PPI++_crossfit",150,0.1,0.082,0.0122699633251286
"rf","PPI++","PPI++_crossfit",150,0.15,0.118,0.0144274737913468
"rf","PPI++","PPI++_crossfit",150,0.15,0.118,0.0144274737913468
"rf","PPI++","PPI++_crossfit",150,0.2,0.182,0.0172554918793989
"rf","PPI++","PPI++_crossfit",150,0.2,0.182,0.0172554918793989
"rf","PPI++","PPI++_crossfit",150,0.25,0.248,0.0193130008025682
"rf","PPI++","PPI++_crossfit",150,0.25,0.248,0.0193130008025682
"rf","PPI++","PPI++_crossfit",150,0.3,0.322,0.0208957411928843
"rf","PPI++","PPI++_crossfit",150,0.3,0.322,0.0208957411928843
"rf","PPI++","PPI++_crossfit",150,0.35,0.41,0.0219954540757858
"rf","PPI++","PPI++_crossfit",150,0.35,0.41,0.0219954540757858
"rf","PPI++","PPI++_crossfit",150,0.4,0.482,0.0223461853567896
"rf","PPI++","PPI++_crossfit",150,0.4,0.482,0.0223461853567896
"rf","PPI++","PPI++_crossfit",150,0.45,0.566,0.0221650174825106
"rf","PPI++","PPI++_crossfit",150,0.45,0.566,0.0221650174825106
"rf","PPI++","PPI++_crossfit",150,0.5,0.642,0.0214399626865347
"rf","PPI++","PPI++_crossfit",150,0.5,0.642,0.0214399626865347
"rf","PPI++","PPI++_crossfit",150,0.55,0.714,0.0202091068580479
"rf","PPI++","PPI++_crossfit",150,0.55,0.714,0.0202091068580479
"rf","PPI++","PPI++_crossfit",150,0.6,0.778,0.0185858010319706
"rf","PPI++","PPI++_crossfit",150,0.6,0.778,0.0185858010319706
"rf","PPI++","PPI++_crossfit",200,0,0.084,0.0124051602166195
"rf","PPI++","PPI++_crossfit",200,0,0.084,0.0124051602166195
"rf","PPI++","PPI++_crossfit",200,0.05,0.088,0.0126693330526907
"rf","PPI++","PPI++_crossfit",200,0.05,0.088,0.0126693330526907
"rf","PPI++","PPI++_crossfit",200,0.1,0.12,0.014532721699668
"rf","PPI++","PPI++_crossfit",200,0.1,0.12,0.014532721699668
"rf","PPI++","PPI++_crossfit",200,0.15,0.156,0.0162273842624127
"rf","PPI++","PPI++_crossfit",200,0.15,0.156,0.0162273842624127
"rf","PPI++","PPI++_crossfit",200,0.2,0.202,0.0179552777756291
"rf","PPI++","PPI++_crossfit",200,0.2,0.202,0.0179552777756291
"rf","PPI++","PPI++_crossfit",200,0.25,0.298,0.0204546327270865
"rf","PPI++","PPI++_crossfit",200,0.25,0.298,0.0204546327270865
"rf","PPI++","PPI++_crossfit",200,0.3,0.392,0.0218328193323721
"rf","PPI++","PPI++_crossfit",200,0.3,0.392,0.0218328193323721
"rf","PPI++","PPI++_crossfit",200,0.35,0.494,0.022359069748091
"rf","PPI++","PPI++_crossfit",200,0.35,0.494,0.022359069748091
"rf","PPI++","PPI++_crossfit",200,0.4,0.59,0.0219954540757858
"rf","PPI++","PPI++_crossfit",200,0.4,0.59,0.0219954540757858
"rf","PPI++","PPI++_crossfit",200,0.45,0.676,0.020929596269398
"rf","PPI++","PPI++_crossfit",200,0.45,0.676,0.020929596269398
"rf","PPI++","PPI++_crossfit",200,0.5,0.758,0.0191539029965174
"rf","PPI++","PPI++_crossfit",200,0.5,0.758,0.0191539029965174
"rf","PPI++","PPI++_crossfit",200,0.55,0.82,0.0171813852759316
"rf","PPI++","PPI++_crossfit",200,0.55,0.82,0.0171813852759316
"rf","PPI++","PPI++_crossfit",200,0.6,0.87,0.0150399468084166
"rf","PPI++","PPI++_crossfit",200,0.6,0.87,0.0150399468084166
"rf","PPI++","PPI++_crossfit",300,0,0.058,0.0104533248299285
"rf","PPI++","PPI++_crossfit",300,0,0.058,0.0104533248299285
"rf","PPI++","PPI++_crossfit",300,0.05,0.068,0.0112584190719657
"rf","PPI++","PPI++_crossfit",300,0.05,0.068,0.0112584190719657
"rf","PPI++","PPI++_crossfit",300,0.1,0.114,0.0142129518397833
"rf","PPI++","PPI++_crossfit",300,0.1,0.114,0.0142129518397833
"rf","PPI++","PPI++_crossfit",300,0.15,0.198,0.0178211110764733
"rf","PPI++","PPI++_crossfit",300,0.15,0.198,0.0178211110764733
"rf","PPI++","PPI++_crossfit",300,0.2,0.296,0.0204148965219028
"rf","PPI++","PPI++_crossfit",300,0.2,0.296,0.0204148965219028
"rf","PPI++","PPI++_crossfit",300,0.25,0.422,0.0220869192057199
"rf","PPI++","PPI++_crossfit",300,0.25,0.422,0.0220869192057199
"rf","PPI++","PPI++_crossfit",300,0.3,0.562,0.0221881049213312
"rf","PPI++","PPI++_crossfit",300,0.3,0.562,0.0221881049213312
"rf","PPI++","PPI++_crossfit",300,0.35,0.684,0.020791536739741
"rf","PPI++","PPI++_crossfit",300,0.35,0.684,0.020791536739741
"rf","PPI++","PPI++_crossfit",300,0.4,0.774,0.0187042241218394
"rf","PPI++","PPI++_crossfit",300,0.4,0.774,0.0187042241218394
"rf","PPI++","PPI++_crossfit",300,0.45,0.858,0.0156099967969247
"rf","PPI++","PPI++_crossfit",300,0.45,0.858,0.0156099967969247
"rf","PPI++","PPI++_crossfit",300,0.5,0.902,0.0132963152790538
"rf","PPI++","PPI++_crossfit",300,0.5,0.902,0.0132963152790538
"rf","PPI++","PPI++_crossfit",300,0.55,0.95,0.00974679434480897
"rf","PPI++","PPI++_crossfit",300,0.55,0.95,0.00974679434480897
"rf","PPI++","PPI++_crossfit",300,0.6,0.966,0.00810481338464989
"rf","PPI++","PPI++_crossfit",300,0.6,0.966,0.00810481338464989
"rf","PPI++","PPI++_independent_split",50,0,0.05,0.00974679434480896
"rf","PPI++","PPI++_independent_split",50,0,0.05,0.00974679434480896
"rf","PPI++","PPI++_independent_split",50,0.05,0.052,0.00992935043192655
"rf","PPI++","PPI++_independent_split",50,0.05,0.052,0.00992935043192655
"rf","PPI++","PPI++_independent_split",50,0.1,0.062,0.0107848041243223
"rf","PPI++","PPI++_independent_split",50,0.1,0.062,0.0107848041243223
"rf","PPI++","PPI++_independent_split",50,0.15,0.08,0.0121326007104825
"rf","PPI++","PPI++_independent_split",50,0.15,0.08,0.0121326007104825
"rf","PPI++","PPI++_independent_split",50,0.2,0.088,0.0126693330526907
"rf","PPI++","PPI++_independent_split",50,0.2,0.088,0.0126693330526907
"rf","PPI++","PPI++_independent_split",50,0.25,0.098,0.0132963152790538
"rf","PPI++","PPI++_independent_split",50,0.25,0.098,0.0132963152790538
"rf","PPI++","PPI++_independent_split",50,0.3,0.114,0.0142129518397833
"rf","PPI++","PPI++_independent_split",50,0.3,0.114,0.0142129518397833
"rf","PPI++","PPI++_independent_split",50,0.35,0.16,0.0163951212255354
"rf","PPI++","PPI++_independent_split",50,0.35,0.16,0.0163951212255354
"rf","PPI++","PPI++_independent_split",50,0.4,0.2,0.0178885438199983
"rf","PPI++","PPI++_independent_split",50,0.4,0.2,0.0178885438199983
"rf","PPI++","PPI++_independent_split",50,0.45,0.242,0.0191539029965174
"rf","PPI++","PPI++_independent_split",50,0.45,0.242,0.0191539029965174
"rf","PPI++","PPI++_independent_split",50,0.5,0.276,0.0199911980631477
"rf","PPI++","PPI++_independent_split",50,0.5,0.276,0.0199911980631477
"rf","PPI++","PPI++_independent_split",50,0.55,0.316,0.020791536739741
"rf","PPI++","PPI++_independent_split",50,0.55,0.316,0.020791536739741
"rf","PPI++","PPI++_independent_split",50,0.6,0.366,0.0215427017804174
"rf","PPI++","PPI++_independent_split",50,0.6,0.366,0.0215427017804174
"rf","PPI++","PPI++_independent_split",100,0,0.054,0.0101078187557949
"rf","PPI++","PPI++_independent_split",100,0,0.054,0.0101078187557949
"rf","PPI++","PPI++_independent_split",100,0.05,0.058,0.0104533248299285
"rf","PPI++","PPI++_independent_split",100,0.05,0.058,0.0104533248299285
"rf","PPI++","PPI++_independent_split",100,0.1,0.066,0.0111035129576184
"rf","PPI++","PPI++_independent_split",100,0.1,0.066,0.0111035129576184
"rf","PPI++","PPI++_independent_split",100,0.15,0.084,0.0124051602166195
"rf","PPI++","PPI++_independent_split",100,0.15,0.084,0.0124051602166195
"rf","PPI++","PPI++_independent_split",100,0.2,0.122,0.0146366662871024
"rf","PPI++","PPI++_independent_split",100,0.2,0.122,0.0146366662871024
"rf","PPI++","PPI++_independent_split",100,0.25,0.156,0.0162273842624127
"rf","PPI++","PPI++_independent_split",100,0.25,0.156,0.0162273842624127
"rf","PPI++","PPI++_independent_split",100,0.3,0.21,0.018215378118502
"rf","PPI++","PPI++_independent_split",100,0.3,0.21,0.018215378118502
"rf","PPI++","PPI++_independent_split",100,0.35,0.274,0.0199461274436919
"rf","PPI++","PPI++_independent_split",100,0.35,0.274,0.0199461274436919
"rf","PPI++","PPI++_independent_split",100,0.4,0.344,0.0212444816364156
"rf","PPI++","PPI++_independent_split",100,0.4,0.344,0.0212444816364156
"rf","PPI++","PPI++_independent_split",100,0.45,0.398,0.0218904545407353
"rf","PPI++","PPI++_independent_split",100,0.45,0.398,0.0218904545407353
"rf","PPI++","PPI++_independent_split",100,0.5,0.472,0.0223255906976725
"rf","PPI++","PPI++_independent_split",100,0.5,0.472,0.0223255906976725
"rf","PPI++","PPI++_independent_split",100,0.55,0.558,0.0222097275985096
"rf","PPI++","PPI++_independent_split",100,0.55,0.558,0.0222097275985096
"rf","PPI++","PPI++_independent_split",100,0.6,0.61,0.0218128402552258
"rf","PPI++","PPI++_independent_split",100,0.6,0.61,0.0218128402552258
"rf","PPI++","PPI++_independent_split",150,0,0.042,0.00897061870775924
"rf","PPI++","PPI++_independent_split",150,0,0.042,0.00897061870775924
"rf","PPI++","PPI++_independent_split",150,0.05,0.038,0.00855055553750749
"rf","PPI++","PPI++_independent_split",150,0.05,0.038,0.00855055553750749
"rf","PPI++","PPI++_independent_split",150,0.1,0.058,0.0104533248299285
"rf","PPI++","PPI++_independent_split",150,0.1,0.058,0.0104533248299285
"rf","PPI++","PPI++_independent_split",150,0.15,0.096,0.0131745208641529
"rf","PPI++","PPI++_independent_split",150,0.15,0.096,0.0131745208641529
"rf","PPI++","PPI++_independent_split",150,0.2,0.142,0.0156099967969247
"rf","PPI++","PPI++_independent_split",150,0.2,0.142,0.0156099967969247
"rf","PPI++","PPI++_independent_split",150,0.25,0.194,0.0176841171676734
"rf","PPI++","PPI++_independent_split",150,0.25,0.194,0.0176841171676734
"rf","PPI++","PPI++_independent_split",150,0.3,0.272,0.0199005527561422
"rf","PPI++","PPI++_independent_split",150,0.3,0.272,0.0199005527561422
"rf","PPI++","PPI++_independent_split",150,0.35,0.364,0.0215176206863119
"rf","PPI++","PPI++_independent_split",150,0.35,0.364,0.0215176206863119
"rf","PPI++","PPI++_independent_split",150,0.4,0.458,0.0222816516443463
"rf","PPI++","PPI++_independent_split",150,0.4,0.458,0.0222816516443463
"rf","PPI++","PPI++_independent_split",150,0.45,0.574,0.0221144296783797
"rf","PPI++","PPI++_independent_split",150,0.45,0.574,0.0221144296783797
"rf","PPI++","PPI++_independent_split",150,0.5,0.648,0.0213586516428355
"rf","PPI++","PPI++_independent_split",150,0.5,0.648,0.0213586516428355
"rf","PPI++","PPI++_independent_split",150,0.55,0.71,0.0202928558857545
"rf","PPI++","PPI++_independent_split",150,0.55,0.71,0.0202928558857545
"rf","PPI++","PPI++_independent_split",150,0.6,0.778,0.0185858010319706
"rf","PPI++","PPI++_independent_split",150,0.6,0.778,0.0185858010319706
"rf","PPI++","PPI++_independent_split",200,0,0.04,0.00876356092008266
"rf","PPI++","PPI++_independent_split",200,0,0.04,0.00876356092008266
"rf","PPI++","PPI++_independent_split",200,0.05,0.058,0.0104533248299285
"rf","PPI++","PPI++_independent_split",200,0.05,0.058,0.0104533248299285
"rf","PPI++","PPI++_independent_split",200,0.1,0.074,0.0117067501895274
"rf","PPI++","PPI++_independent_split",200,0.1,0.074,0.0117067501895274
"rf","PPI++","PPI++_independent_split",200,0.15,0.138,0.01542439626047
"rf","PPI++","PPI++_independent_split",200,0.15,0.138,0.01542439626047
"rf","PPI++","PPI++_independent_split",200,0.2,0.204,0.0180213207063189
"rf","PPI++","PPI++_independent_split",200,0.2,0.204,0.0180213207063189
"rf","PPI++","PPI++_independent_split",200,0.25,0.288,0.0202512221853398
"rf","PPI++","PPI++_independent_split",200,0.25,0.288,0.0202512221853398
"rf","PPI++","PPI++_independent_split",200,0.3,0.402,0.0219269696948758
"rf","PPI++","PPI++_independent_split",200,0.3,0.402,0.0219269696948758
"rf","PPI++","PPI++_independent_split",200,0.35,0.506,0.022359069748091
"rf","PPI++","PPI++_independent_split",200,0.35,0.506,0.022359069748091
"rf","PPI++","PPI++_independent_split",200,0.4,0.6,0.0219089023002066
"rf","PPI++","PPI++_independent_split",200,0.4,0.6,0.0219089023002066
"rf","PPI++","PPI++_independent_split",200,0.45,0.684,0.020791536739741
"rf","PPI++","PPI++_independent_split",200,0.45,0.684,0.020791536739741
"rf","PPI++","PPI++_independent_split",200,0.5,0.762,0.0190449993436597
"rf","PPI++","PPI++_independent_split",200,0.5,0.762,0.0190449993436597
"rf","PPI++","PPI++_independent_split",200,0.55,0.816,0.0173288199251998
"rf","PPI++","PPI++_independent_split",200,0.55,0.816,0.0173288199251998
"rf","PPI++","PPI++_independent_split",200,0.6,0.868,0.0151377673386798
"rf","PPI++","PPI++_independent_split",200,0.6,0.868,0.0151377673386798
"rf","PPI++","PPI++_independent_split",300,0,0.052,0.00992935043192655
"rf","PPI++","PPI++_independent_split",300,0,0.052,0.00992935043192655
"rf","PPI++","PPI++_independent_split",300,0.05,0.058,0.0104533248299285
"rf","PPI++","PPI++_independent_split",300,0.05,0.058,0.0104533248299285
"rf","PPI++","PPI++_independent_split",300,0.1,0.1,0.0134164078649987
"rf","PPI++","PPI++_independent_split",300,0.1,0.1,0.0134164078649987
"rf","PPI++","PPI++_independent_split",300,0.15,0.184,0.0173288199251998
"rf","PPI++","PPI++_independent_split",300,0.15,0.184,0.0173288199251998
"rf","PPI++","PPI++_independent_split",300,0.2,0.296,0.0204148965219028
"rf","PPI++","PPI++_independent_split",300,0.2,0.296,0.0204148965219028
"rf","PPI++","PPI++_independent_split",300,0.25,0.43,0.0221404606998138
"rf","PPI++","PPI++_independent_split",300,0.25,0.43,0.0221404606998138
"rf","PPI++","PPI++_independent_split",300,0.3,0.568,0.0221529230576915
"rf","PPI++","PPI++_independent_split",300,0.3,0.568,0.0221529230576915
"rf","PPI++","PPI++_independent_split",300,0.35,0.686,0.0207559148196364
"rf","PPI++","PPI++_independent_split",300,0.35,0.686,0.0207559148196364
"rf","PPI++","PPI++_independent_split",300,0.4,0.766,0.0189337793374698
"rf","PPI++","PPI++_independent_split",300,0.4,0.766,0.0189337793374698
"rf","PPI++","PPI++_independent_split",300,0.45,0.856,0.0157012101444443
"rf","PPI++","PPI++_independent_split",300,0.45,0.856,0.0157012101444443
"rf","PPI++","PPI++_independent_split",300,0.5,0.904,0.0131745208641529
"rf","PPI++","PPI++_independent_split",300,0.5,0.904,0.0131745208641529
"rf","PPI++","PPI++_independent_split",300,0.55,0.944,0.0102824121683582
"rf","PPI++","PPI++_independent_split",300,0.55,0.944,0.0102824121683582
"rf","PPI++","PPI++_independent_split",300,0.6,0.972,0.00737780455149091
"rf","PPI++","PPI++_independent_split",300,0.6,0.972,0.00737780455149091
"rf","PPI++","PPI++_noncrossfit",50,0,0.308,0.0206463556106156
"rf","PPI++","PPI++_noncrossfit",50,0,0.308,0.0206463556106156
"rf","PPI++","PPI++_noncrossfit",50,0.05,0.322,0.0208957411928843
"rf","PPI++","PPI++_noncrossfit",50,0.05,0.322,0.0208957411928843
"rf","PPI++","PPI++_noncrossfit",50,0.1,0.35,0.0213307290077015
"rf","PPI++","PPI++_noncrossfit",50,0.1,0.35,0.0213307290077015
"rf","PPI++","PPI++_noncrossfit",50,0.15,0.372,0.0216155499583055
"rf","PPI++","PPI++_noncrossfit",50,0.15,0.372,0.0216155499583055
"rf","PPI++","PPI++_noncrossfit",50,0.2,0.406,0.0219619671250095
"rf","PPI++","PPI++_noncrossfit",50,0.2,0.406,0.0219619671250095
"rf","PPI++","PPI++_noncrossfit",50,0.25,0.444,0.0222199909990981
"rf","PPI++","PPI++_noncrossfit",50,0.25,0.444,0.0222199909990981
"rf","PPI++","PPI++_noncrossfit",50,0.3,0.512,0.0223542389716134
"rf","PPI++","PPI++_noncrossfit",50,0.3,0.512,0.0223542389716134
"rf","PPI++","PPI++_noncrossfit",50,0.35,0.546,0.0222658482883541
"rf","PPI++","PPI++_noncrossfit",50,0.35,0.546,0.0222658482883541
"rf","PPI++","PPI++_noncrossfit",50,0.4,0.586,0.0220274374360705
"rf","PPI++","PPI++_noncrossfit",50,0.4,0.586,0.0220274374360705
"rf","PPI++","PPI++_noncrossfit",50,0.45,0.642,0.0214399626865347
"rf","PPI++","PPI++_noncrossfit",50,0.45,0.642,0.0214399626865347
"rf","PPI++","PPI++_noncrossfit",50,0.5,0.682,0.0208267136149706
"rf","PPI++","PPI++_noncrossfit",50,0.5,0.682,0.0208267136149706
"rf","PPI++","PPI++_noncrossfit",50,0.55,0.728,0.0199005527561422
"rf","PPI++","PPI++_noncrossfit",50,0.55,0.728,0.0199005527561422
"rf","PPI++","PPI++_noncrossfit",50,0.6,0.766,0.0189337793374698
"rf","PPI++","PPI++_noncrossfit",50,0.6,0.766,0.0189337793374698
"rf","PPI++","PPI++_noncrossfit",100,0,0.308,0.0206463556106156
"rf","PPI++","PPI++_noncrossfit",100,0,0.308,0.0206463556106156
"rf","PPI++","PPI++_noncrossfit",100,0.05,0.318,0.0208267136149706
"rf","PPI++","PPI++_noncrossfit",100,0.05,0.318,0.0208267136149706
"rf","PPI++","PPI++_noncrossfit",100,0.1,0.338,0.0211544794310803
"rf","PPI++","PPI++_noncrossfit",100,0.1,0.338,0.0211544794310803
"rf","PPI++","PPI++_noncrossfit",100,0.15,0.38,0.0217071416819442
"rf","PPI++","PPI++_noncrossfit",100,0.15,0.38,0.0217071416819442
"rf","PPI++","PPI++_noncrossfit",100,0.2,0.444,0.0222199909990981
"rf","PPI++","PPI++_noncrossfit",100,0.2,0.444,0.0222199909990981
"rf","PPI++","PPI++_noncrossfit",100,0.25,0.506,0.022359069748091
"rf","PPI++","PPI++_noncrossfit",100,0.25,0.506,0.022359069748091
"rf","PPI++","PPI++_noncrossfit",100,0.3,0.576,0.022100859711785
"rf","PPI++","PPI++_noncrossfit",100,0.3,0.576,0.022100859711785
"rf","PPI++","PPI++_noncrossfit",100,0.35,0.684,0.020791536739741
"rf","PPI++","PPI++_noncrossfit",100,0.35,0.684,0.020791536739741
"rf","PPI++","PPI++_noncrossfit",100,0.4,0.734,0.0197607692157972
"rf","PPI++","PPI++_noncrossfit",100,0.4,0.734,0.0197607692157972
"rf","PPI++","PPI++_noncrossfit",100,0.45,0.782,0.0184648855940133
"rf","PPI++","PPI++_noncrossfit",100,0.45,0.782,0.0184648855940133
"rf","PPI++","PPI++_noncrossfit",100,0.5,0.84,0.0163951212255354
"rf","PPI++","PPI++_noncrossfit",100,0.5,0.84,0.0163951212255354
"rf","PPI++","PPI++_noncrossfit",100,0.55,0.88,0.014532721699668
"rf","PPI++","PPI++_noncrossfit",100,0.55,0.88,0.014532721699668
"rf","PPI++","PPI++_noncrossfit",100,0.6,0.916,0.0124051602166195
"rf","PPI++","PPI++_noncrossfit",100,0.6,0.916,0.0124051602166195
"rf","PPI++","PPI++_noncrossfit",150,0,0.252,0.0194162818273736
"rf","PPI++","PPI++_noncrossfit",150,0,0.252,0.0194162818273736
"rf","PPI++","PPI++_noncrossfit",150,0.05,0.268,0.0198078772209442
"rf","PPI++","PPI++_noncrossfit",150,0.05,0.268,0.0198078772209442
"rf","PPI++","PPI++_noncrossfit",150,0.1,0.292,0.0203340109176719
"rf","PPI++","PPI++_noncrossfit",150,0.1,0.292,0.0203340109176719
"rf","PPI++","PPI++_noncrossfit",150,0.15,0.38,0.0217071416819442
"rf","PPI++","PPI++_noncrossfit",150,0.15,0.38,0.0217071416819442
"rf","PPI++","PPI++_noncrossfit",150,0.2,0.474,0.022330427671677
"rf","PPI++","PPI++_noncrossfit",150,0.2,0.474,0.022330427671677
"rf","PPI++","PPI++_noncrossfit",150,0.25,0.57,0.0221404606998138
"rf","PPI++","PPI++_noncrossfit",150,0.25,0.57,0.0221404606998138
"rf","PPI++","PPI++_noncrossfit",150,0.3,0.658,0.0212149004239945
"rf","PPI++","PPI++_noncrossfit",150,0.3,0.658,0.0212149004239945
"rf","PPI++","PPI++_noncrossfit",150,0.35,0.744,0.0195173768729304
"rf","PPI++","PPI++_noncrossfit",150,0.35,0.744,0.0195173768729304
"rf","PPI++","PPI++_noncrossfit",150,0.4,0.824,0.017030795636141
"rf","PPI++","PPI++_noncrossfit",150,0.4,0.824,0.017030795636141
"rf","PPI++","PPI++_noncrossfit",150,0.45,0.882,0.0144274737913468
"rf","PPI++","PPI++_noncrossfit",150,0.45,0.882,0.0144274737913468
"rf","PPI++","PPI++_noncrossfit",150,0.5,0.928,0.0115599307956406
"rf","PPI++","PPI++_noncrossfit",150,0.5,0.928,0.0115599307956406
"rf","PPI++","PPI++_noncrossfit",150,0.55,0.958,0.00897061870775924
"rf","PPI++","PPI++_noncrossfit",150,0.55,0.958,0.00897061870775924
"rf","PPI++","PPI++_noncrossfit",150,0.6,0.976,0.00684455988358638
"rf","PPI++","PPI++_noncrossfit",150,0.6,0.976,0.00684455988358638
"rf","PPI++","PPI++_noncrossfit",200,0,0.212,0.0182787308093314
"rf","PPI++","PPI++_noncrossfit",200,0,0.212,0.0182787308093314
"rf","PPI++","PPI++_noncrossfit",200,0.05,0.242,0.0191539029965174
"rf","PPI++","PPI++_noncrossfit",200,0.05,0.242,0.0191539029965174
"rf","PPI++","PPI++_noncrossfit",200,0.1,0.292,0.0203340109176719
"rf","PPI++","PPI++_noncrossfit",200,0.1,0.292,0.0203340109176719
"rf","PPI++","PPI++_noncrossfit",200,0.15,0.384,0.021750586198997
"rf","PPI++","PPI++_noncrossfit",200,0.15,0.384,0.021750586198997
"rf","PPI++","PPI++_noncrossfit",200,0.2,0.504,0.0223599642217961
"rf","PPI++","PPI++_noncrossfit",200,0.2,0.504,0.0223599642217961
"rf","PPI++","PPI++_noncrossfit",200,0.25,0.628,0.0216155499583055
"rf","PPI++","PPI++_noncrossfit",200,0.25,0.628,0.0216155499583055
"rf","PPI++","PPI++_noncrossfit",200,0.3,0.738,0.0196649942791754
"rf","PPI++","PPI++_noncrossfit",200,0.3,0.738,0.0196649942791754
"rf","PPI++","PPI++_noncrossfit",200,0.35,0.824,0.017030795636141
"rf","PPI++","PPI++_noncrossfit",200,0.35,0.824,0.017030795636141
"rf","PPI++","PPI++_noncrossfit",200,0.4,0.902,0.0132963152790538
"rf","PPI++","PPI++_noncrossfit",200,0.4,0.902,0.0132963152790538
"rf","PPI++","PPI++_noncrossfit",200,0.45,0.95,0.00974679434480897
"rf","PPI++","PPI++_noncrossfit",200,0.45,0.95,0.00974679434480897
"rf","PPI++","PPI++_noncrossfit",200,0.5,0.968,0.00787095928079926
"rf","PPI++","PPI++_noncrossfit",200,0.5,0.968,0.00787095928079926
"rf","PPI++","PPI++_noncrossfit",200,0.55,0.986,0.00525433154644813
"rf","PPI++","PPI++_noncrossfit",200,0.55,0.986,0.00525433154644813
"rf","PPI++","PPI++_noncrossfit",200,0.6,0.99,0.0044497190922574
"rf","PPI++","PPI++_noncrossfit",200,0.6,0.99,0.0044497190922574
"rf","PPI++","PPI++_noncrossfit",300,0,0.174,0.0169542914921267
"rf","PPI++","PPI++_noncrossfit",300,0,0.174,0.0169542914921267
"rf","PPI++","PPI++_noncrossfit",300,0.05,0.21,0.018215378118502
"rf","PPI++","PPI++_noncrossfit",300,0.05,0.21,0.018215378118502
"rf","PPI++","PPI++_noncrossfit",300,0.1,0.286,0.0202091068580479
"rf","PPI++","PPI++_noncrossfit",300,0.1,0.286,0.0202091068580479
"rf","PPI++","PPI++_noncrossfit",300,0.15,0.418,0.0220579237463547
"rf","PPI++","PPI++_noncrossfit",300,0.15,0.418,0.0220579237463547
"rf","PPI++","PPI++_noncrossfit",300,0.2,0.568,0.0221529230576915
"rf","PPI++","PPI++_noncrossfit",300,0.2,0.568,0.0221529230576915
"rf","PPI++","PPI++_noncrossfit",300,0.25,0.738,0.0196649942791754
"rf","PPI++","PPI++_noncrossfit",300,0.25,0.738,0.0196649942791754
"rf","PPI++","PPI++_noncrossfit",300,0.3,0.854,0.015791390059143
"rf","PPI++","PPI++_noncrossfit",300,0.3,0.854,0.015791390059143
"rf","PPI++","PPI++_noncrossfit",300,0.35,0.928,0.0115599307956406
"rf","PPI++","PPI++_noncrossfit",300,0.35,0.928,0.0115599307956406
"rf","PPI++","PPI++_noncrossfit",300,0.4,0.968,0.00787095928079926
"rf","PPI++","PPI++_noncrossfit",300,0.4,0.968,0.00787095928079926
"rf","PPI++","PPI++_noncrossfit",300,0.45,0.992,0.0039839678713564
"rf","PPI++","PPI++_noncrossfit",300,0.45,0.992,0.0039839678713564
"rf","PPI++","PPI++_noncrossfit",300,0.5,0.994,0.00345369367489359
"rf","PPI++","PPI++_noncrossfit",300,0.5,0.994,0.00345369367489359
"rf","PPI++","PPI++_noncrossfit",300,0.55,0.998,0.00199799899899875
"rf","PPI++","PPI++_noncrossfit",300,0.55,0.998,0.00199799899899875
"rf","PPI++","PPI++_noncrossfit",300,0.6,1,0
"rf","PPI++","PPI++_noncrossfit",300,0.6,1,0
